image_id,split,label,label_id,source_dataset,source_version,source_original_split,source_original_label,source_project_relative_path,source_dataset_relative_path,selected_relative_path,source_sha256,copied_sha256,selection_rank,file_size_bytes,width,height,mode,format
cifake_v3_train_real_0001,train,real,0,CIFAKE,3,train,real,data/interim/cifake_source_v3/train/REAL/3548 (3).jpg,train/REAL/3548 (3).jpg,data/raw/prototype/real/cifake_v3_train_real_0001.jpg,5a2d6ff388c3132f65283e7a1e4e3b11ede1b5245246a99f7ec233efa1c7d767,5a2d6ff388c3132f65283e7a1e4e3b11ede1b5245246a99f7ec233efa1c7d767,0000ad99ab3503b946f5b5e6058f15722bd570045172bbc9970ea63759bf9927,915,32,32,RGB,JPEG
cifake_v3_train_real_0002,train,real,0,CIFAKE,3,train,real,data/interim/cifake_source_v3/train/REAL/4903 (6).jpg,train/REAL/4903 (6).jpg,data/raw/prototype/real/cifake_v3_train_real_0002.jpg,53159629e3154766d6449e5db348506ba3d718e93c92e52f22b1783e8963df1a,53159629e3154766d6449e5db348506ba3d718e93c92e52f22b1783e8963df1a,0000b0d67859dcba65aaa682198a4ceeae4ae529f07b9edb5219527e86f38ae6,923,32,32,RGB,JPEG
cifake_v3_train_real_0003,train,real,0,CIFAKE,3,train,real,data/interim/cifake_source_v3/train/REAL/2431 (6).jpg,train/REAL/2431 (6).jpg,data/raw/prototype/real/cifake_v3_train_real_0003.jpg,c386435c81c73589e1c0afe3287cc8a0da9176f71b2d66a7d20a75a9410abfa9,c386435c81c73589e1c0afe3287cc8a0da9176f71b2d66a7d20a75a9410abfa9,0002143244bd084239d9c64862f6b583147ca8bae7ab3b71c47d44056a8d72cd,922,32,32,RGB,JPEG
cifake_v3_train_real_0004,train,real,0,CIFAKE,3,train,real,data/interim/cifake_source_v3/train/REAL/3632 (5).jpg,train/REAL/3632 (5).jpg,data/raw/prototype/real/cifake_v3_train_real_0004.jpg,0dbe61b30c26873489e93ea17ea1cea1f7694188e6b1bffea4e548f176476acd,0dbe61b30c26873489e93ea17ea1cea1f7694188e6b1bffea4e548f176476acd,000456a5d5690fa975ee1bc1beadcbfebeab814c2fdf79f9f75d2a6c13cb290c,898,32,32,RGB,JPEG
cifake_v3_train_real_0005,train,real,0,CIFAKE,3,train,real,data/interim/cifake_source_v3/train/REAL/0429 (3).jpg,train/REAL/0429 (3).jpg,data/raw/prototype/real/cifake_v3_train_real_0005.jpg,62d37025a1206713387f01e0b69f3cf2c02a1eface4748a3efc18b384bfd193b,62d37025a1206713387f01e0b69f3cf2c02a1eface4748a3efc18b384bfd193b,0005bfb0d0d2f94d0f6e4d11e42af7d2c7af4dddf0beba730816b00930ca50fe,866,32,32,RGB,JPEG
cifake_v3_train_real_0006,train,real,0,CIFAKE,3,train,real,data/interim/cifake_source_v3/train/REAL/4988 (6).jpg,train/REAL/4988 (6).jpg,data/raw/prototype/real/cifake_v3_train_real_0006.jpg,70baa892aedcb591c5bd501eeba93aa6647827a207b5bf6f9611bc1be1ddbef2,70baa892aedcb591c5bd501eeba93aa6647827a207b5bf6f9611bc1be1ddbef2,00074fd215b23828b2e9e64e9f14277106146c372c498232cdba7dcb5870df95,905,32,32,RGB,JPEG
cifake_v3_train_real_0007,train,real,0,CIFAKE,3,train,real,data/interim/cifake_source_v3/train/REAL/0614 (3).jpg,train/REAL/0614 (3).jpg,data/raw/prototype/real/cifake_v3_train_real_0007.jpg,b5d8e56e6f346dc936191c7dbdb2c4292cadbcf663dc9624eecabfec904b43e6,b5d8e56e6f346dc936191c7dbdb2c4292cadbcf663dc9624eecabfec904b43e6,000b4e7fd6179f9facacadb93035fc7a629fae0cddce61ce7d9c02e545664c70,970,32,32,RGB,JPEG
cifake_v3_train_real_0008,train,real,0,CIFAKE,3,train,real,data/interim/cifake_source_v3/train/REAL/0005 (5).jpg,train/REAL/0005 (5).jpg,data/raw/prototype/real/cifake_v3_train_real_0008.jpg,c17c7d246e8b4cf3db72c52db9f861882a0a8a02572b81769d8458c39137c924,c17c7d246e8b4cf3db72c52db9f861882a0a8a02572b81769d8458c39137c924,000bd9898a980ec15cd7ce2b70b8363e23c292792e2bfcddb16d42298dcd7e33,842,32,32,RGB,JPEG
cifake_v3_train_real_0009,train,real,0,CIFAKE,3,train,real,data/interim/cifake_source_v3/train/REAL/3102 (2).jpg,train/REAL/3102 (2).jpg,data/raw/prototype/real/cifake_v3_train_real_0009.jpg,2fa438fa4da8317e3e10b58ac7e7a0ef88bf642fd9580fb539dc87106b95b700,2fa438fa4da8317e3e10b58ac7e7a0ef88bf642fd9580fb539dc87106b95b700,000c439df1cfd9934ec28c092bfa803c93e46fb52a757e4a6d2b1dbea6e6e201,925,32,32,RGB,JPEG
cifake_v3_train_real_0010,train,real,0,CIFAKE,3,train,real,data/interim/cifake_source_v3/train/REAL/0643 (9).jpg,train/REAL/0643 (9).jpg,data/raw/prototype/real/cifake_v3_train_real_0010.jpg,4115a2f78168c56bdb139d2449a06a4c357082a988458cc65d5eaae0177fa477,4115a2f78168c56bdb139d2449a06a4c357082a988458cc65d5eaae0177fa477,000d43cb4780a49bed1652dd722fd9f6e59b777cdbab0af0696c932a8d6d7746,947,32,32,RGB,JPEG
cifake_v3_train_real_0011,train,real,0,CIFAKE,3,train,real,data/interim/cifake_source_v3/train/REAL/1391 (6).jpg,train/REAL/1391 (6).jpg,data/raw/prototype/real/cifake_v3_train_real_0011.jpg,ce015a94ecf877694205437c9e8835827475cef4032c91d1baadc0a999d64619,ce015a94ecf877694205437c9e8835827475cef4032c91d1baadc0a999d64619,000e2f53f624fcdaed47089a2d6bdac4186e090dedd68f1e702bfeff3a7237f5,893,32,32,RGB,JPEG
cifake_v3_train_real_0012,train,real,0,CIFAKE,3,train,real,data/interim/cifake_source_v3/train/REAL/1459 (4).jpg,train/REAL/1459 (4).jpg,data/raw/prototype/real/cifake_v3_train_real_0012.jpg,17c031cbd2f3f0504fcf5bf435df38ec37b9a31d5ed4c614f4e778e28d535b5a,17c031cbd2f3f0504fcf5bf435df38ec37b9a31d5ed4c614f4e778e28d535b5a,000e93b8124c39f4d530e709aca868381a8747e1b4d47ec084215fdc7d0c3cb1,957,32,32,RGB,JPEG
cifake_v3_train_real_0013,train,real,0,CIFAKE,3,train,real,data/interim/cifake_source_v3/train/REAL/3654 (7).jpg,train/REAL/3654 (7).jpg,data/raw/prototype/real/cifake_v3_train_real_0013.jpg,92edec7a1c9c80bff5cdee142d108bbf683daf5543240b05890678082f77ae17,92edec7a1c9c80bff5cdee142d108bbf683daf5543240b05890678082f77ae17,000ece92fbb265f3cac068dba04685a26b0fe3e1ea57e48245fc9c7139753150,1017,32,32,RGB,JPEG
cifake_v3_train_real_0014,train,real,0,CIFAKE,3,train,real,data/interim/cifake_source_v3/train/REAL/4067 (4).jpg,train/REAL/4067 (4).jpg,data/raw/prototype/real/cifake_v3_train_real_0014.jpg,60a8dcbcc2e0669b06a726c2c2ed9941876dc31e613075c70f41e677f6683654,60a8dcbcc2e0669b06a726c2c2ed9941876dc31e613075c70f41e677f6683654,000f45cd4590e081661fd8e3ac2664d0cfef1762336d0295664801b62a306e15,934,32,32,RGB,JPEG
cifake_v3_train_real_0015,train,real,0,CIFAKE,3,train,real,data/interim/cifake_source_v3/train/REAL/3907 (8).jpg,train/REAL/3907 (8).jpg,data/raw/prototype/real/cifake_v3_train_real_0015.jpg,c80ae2f6e3b89bf57bd658513c5321852b80cd374a02de2f3c175eebae096486,c80ae2f6e3b89bf57bd658513c5321852b80cd374a02de2f3c175eebae096486,001085b0723e2bdb9c881d6a480465275059db60b273cfaf6410130245cdde8a,937,32,32,RGB,JPEG
cifake_v3_train_real_0016,train,real,0,CIFAKE,3,train,real,data/interim/cifake_source_v3/train/REAL/2117 (2).jpg,train/REAL/2117 (2).jpg,data/raw/prototype/real/cifake_v3_train_real_0016.jpg,8b4a2f4e79f279dd65140547dc2426a960b8c1cc5b7dfbadeb2be641db8a9baa,8b4a2f4e79f279dd65140547dc2426a960b8c1cc5b7dfbadeb2be641db8a9baa,0010b8bdc243a0abc289acabafda0cf078a8b17831f04952541e10844cdbdb5a,976,32,32,RGB,JPEG
cifake_v3_train_real_0017,train,real,0,CIFAKE,3,train,real,data/interim/cifake_source_v3/train/REAL/0800 (10).jpg,train/REAL/0800 (10).jpg,data/raw/prototype/real/cifake_v3_train_real_0017.jpg,12b8a6f0647d7ca3970be4cc521be0414032194e59c52596572f94d93f23cbd4,12b8a6f0647d7ca3970be4cc521be0414032194e59c52596572f94d93f23cbd4,0012436c4d00d51f4ec9bbb03ae8377eb2b6cf03a7d70259b047f75183a79246,997,32,32,RGB,JPEG
cifake_v3_train_real_0018,train,real,0,CIFAKE,3,train,real,data/interim/cifake_source_v3/train/REAL/3428 (3).jpg,train/REAL/3428 (3).jpg,data/raw/prototype/real/cifake_v3_train_real_0018.jpg,e214906b0ff442be063ca1086512f7ad589f677eb736edbfdbe45e8064ad9200,e214906b0ff442be063ca1086512f7ad589f677eb736edbfdbe45e8064ad9200,0012684246a94f87d3c21829b77f816ebb92121419a2d4d252c625534e77303c,884,32,32,RGB,JPEG
cifake_v3_train_real_0019,train,real,0,CIFAKE,3,train,real,data/interim/cifake_source_v3/train/REAL/1445.jpg,train/REAL/1445.jpg,data/raw/prototype/real/cifake_v3_train_real_0019.jpg,e8dee5738899747d58789c646d3837d71b880a4c220964a39301965416334b0e,e8dee5738899747d58789c646d3837d71b880a4c220964a39301965416334b0e,00136abd534639fbd4eb597e5be62808dc724aca1c71955f12f324b75bf1a4a6,884,32,32,RGB,JPEG
cifake_v3_train_real_0020,train,real,0,CIFAKE,3,train,real,data/interim/cifake_source_v3/train/REAL/1945 (7).jpg,train/REAL/1945 (7).jpg,data/raw/prototype/real/cifake_v3_train_real_0020.jpg,503d4ea9005e1e17b89869fc335e2ed9f7cbdc5c18a33ff15651610be39fb37a,503d4ea9005e1e17b89869fc335e2ed9f7cbdc5c18a33ff15651610be39fb37a,0014cd1c861509ecf62e56a5da46caa7a6673b7babc54f849a7b8c7cbdf5b8c2,1032,32,32,RGB,JPEG
cifake_v3_train_real_0021,train,real,0,CIFAKE,3,train,real,data/interim/cifake_source_v3/train/REAL/0538 (4).jpg,train/REAL/0538 (4).jpg,data/raw/prototype/real/cifake_v3_train_real_0021.jpg,dbe246cbb2ffcc1aed787bc2b4118284fa08599d410f0612cd3760c11d65ca0b,dbe246cbb2ffcc1aed787bc2b4118284fa08599d410f0612cd3760c11d65ca0b,0016f6e50c63c8241ca5a6bfe2b024c91adf4b3ccb3aeabab7a0ed1c471a6106,899,32,32,RGB,JPEG
cifake_v3_train_real_0022,train,real,0,CIFAKE,3,train,real,data/interim/cifake_source_v3/train/REAL/0981 (2).jpg,train/REAL/0981 (2).jpg,data/raw/prototype/real/cifake_v3_train_real_0022.jpg,b69dc427a62a9ab8fee5edc6d90db3106108ed548aae752c91c0ecb36587555f,b69dc427a62a9ab8fee5edc6d90db3106108ed548aae752c91c0ecb36587555f,0017d3f026b2a727b9ca4aa6cef38532d251522ff1d536d6dc099fa8eff3dd27,991,32,32,RGB,JPEG
cifake_v3_train_real_0023,train,real,0,CIFAKE,3,train,real,data/interim/cifake_source_v3/train/REAL/2497 (10).jpg,train/REAL/2497 (10).jpg,data/raw/prototype/real/cifake_v3_train_real_0023.jpg,49551b1fbe922d3d9f6b017e226ade2cba12f3d8c05890d0dd9a5261389223d1,49551b1fbe922d3d9f6b017e226ade2cba12f3d8c05890d0dd9a5261389223d1,0017dd732fb4a2a2e2717ed8a2cb8f7ab6d22235c660232521a0cb96becadc95,936,32,32,RGB,JPEG
cifake_v3_train_real_0024,train,real,0,CIFAKE,3,train,real,data/interim/cifake_source_v3/train/REAL/0101 (5).jpg,train/REAL/0101 (5).jpg,data/raw/prototype/real/cifake_v3_train_real_0024.jpg,c05b9b901d51e7cec079e766cc91311dde009568f581e9e1b0f545e10c037d4a,c05b9b901d51e7cec079e766cc91311dde009568f581e9e1b0f545e10c037d4a,00186d0d9c5a3760a588dee10d5bfde83b25dba8ddc6889b85e1c963f2e08446,1017,32,32,RGB,JPEG
cifake_v3_train_real_0025,train,real,0,CIFAKE,3,train,real,data/interim/cifake_source_v3/train/REAL/2848 (6).jpg,train/REAL/2848 (6).jpg,data/raw/prototype/real/cifake_v3_train_real_0025.jpg,e6d474094281a052930a1b84677d5c558244402c55dc41a44d043ebb1660d017,e6d474094281a052930a1b84677d5c558244402c55dc41a44d043ebb1660d017,001a34cb267877167d2715ba55a9172d6667e2dfccf3d47f5e582dd1460101db,996,32,32,RGB,JPEG
cifake_v3_train_real_0026,train,real,0,CIFAKE,3,train,real,data/interim/cifake_source_v3/train/REAL/1522 (3).jpg,train/REAL/1522 (3).jpg,data/raw/prototype/real/cifake_v3_train_real_0026.jpg,4371c3c49da40b94a102ab306041fc6f5c245941e082baded4456aedfdc59471,4371c3c49da40b94a102ab306041fc6f5c245941e082baded4456aedfdc59471,001a62ae5bff9c194e5904a8cd9465d556a757916dd4630a170f7e340711c5e8,903,32,32,RGB,JPEG
cifake_v3_train_real_0027,train,real,0,CIFAKE,3,train,real,data/interim/cifake_source_v3/train/REAL/3186 (6).jpg,train/REAL/3186 (6).jpg,data/raw/prototype/real/cifake_v3_train_real_0027.jpg,6f3c07170439eb155d437f9417380ad8fdf1afb4eaabc0326280682edcdde377,6f3c07170439eb155d437f9417380ad8fdf1afb4eaabc0326280682edcdde377,001c34f85c6e54a7b296a6e637775ff4391a7e0c75e476f7e24b6ea55f8dc4c0,976,32,32,RGB,JPEG
cifake_v3_train_real_0028,train,real,0,CIFAKE,3,train,real,data/interim/cifake_source_v3/train/REAL/3743 (10).jpg,train/REAL/3743 (10).jpg,data/raw/prototype/real/cifake_v3_train_real_0028.jpg,fff338f050c31231dba872c4b21dba5bccf02391892ef864ce76b6321a93ed05,fff338f050c31231dba872c4b21dba5bccf02391892ef864ce76b6321a93ed05,001d3ceb62a353d110df1ec195863f22523290dc413aad97cb20cf49e671ca27,973,32,32,RGB,JPEG
cifake_v3_train_real_0029,train,real,0,CIFAKE,3,train,real,data/interim/cifake_source_v3/train/REAL/0056 (3).jpg,train/REAL/0056 (3).jpg,data/raw/prototype/real/cifake_v3_train_real_0029.jpg,b34eef63c506c1810c2238884b670bd6cf9f88db8185ebb05a6d7ecc8e09c972,b34eef63c506c1810c2238884b670bd6cf9f88db8185ebb05a6d7ecc8e09c972,001db7340cfb6fbda3e8c9a77bb13d619c638032a2f0326c49c4faa16e17d1e4,912,32,32,RGB,JPEG
cifake_v3_train_real_0030,train,real,0,CIFAKE,3,train,real,data/interim/cifake_source_v3/train/REAL/1172 (4).jpg,train/REAL/1172 (4).jpg,data/raw/prototype/real/cifake_v3_train_real_0030.jpg,781f241df5394038f47c8741df17946d3085f992ec4ea450efef1c4d17ae497a,781f241df5394038f47c8741df17946d3085f992ec4ea450efef1c4d17ae497a,0020ce8faf321ef77d582a515e6c5fcc4075b1f9c62029b1a26ec34d1d2f1188,919,32,32,RGB,JPEG
cifake_v3_train_real_0031,train,real,0,CIFAKE,3,train,real,data/interim/cifake_source_v3/train/REAL/1375.jpg,train/REAL/1375.jpg,data/raw/prototype/real/cifake_v3_train_real_0031.jpg,729b343f71feb834b02abab1e780f073ffa5ecb1181682fc7eee1a7c2ca0ed1f,729b343f71feb834b02abab1e780f073ffa5ecb1181682fc7eee1a7c2ca0ed1f,0020eaf0533fa86b0feca6d86aee186f01c51ec7d601e42f6b02635d3cebcaa7,938,32,32,RGB,JPEG
cifake_v3_train_real_0032,train,real,0,CIFAKE,3,train,real,data/interim/cifake_source_v3/train/REAL/2743 (3).jpg,train/REAL/2743 (3).jpg,data/raw/prototype/real/cifake_v3_train_real_0032.jpg,0e0e2df2772766f0fdb7a6274f9fc565d0de45f58a4f4c5ccc699ec8ccbd6af1,0e0e2df2772766f0fdb7a6274f9fc565d0de45f58a4f4c5ccc699ec8ccbd6af1,002564ea77fb36f59aa423719105f952502139d8dea51ec6f0610874826f013d,905,32,32,RGB,JPEG
cifake_v3_train_real_0033,train,real,0,CIFAKE,3,train,real,data/interim/cifake_source_v3/train/REAL/3591 (2).jpg,train/REAL/3591 (2).jpg,data/raw/prototype/real/cifake_v3_train_real_0033.jpg,f1629f58a957f65161f5db09871ece7164c52d2e087d7247978c939926097dc5,f1629f58a957f65161f5db09871ece7164c52d2e087d7247978c939926097dc5,00263bd3726b5a4c17173a0951ae39225657f9599ee618d36235692f040b4767,975,32,32,RGB,JPEG
cifake_v3_train_real_0034,train,real,0,CIFAKE,3,train,real,data/interim/cifake_source_v3/train/REAL/2843.jpg,train/REAL/2843.jpg,data/raw/prototype/real/cifake_v3_train_real_0034.jpg,49c80ae651141801e5f9027050c398087b3adca9cd0f18b55de7844eb4ba9e78,49c80ae651141801e5f9027050c398087b3adca9cd0f18b55de7844eb4ba9e78,002683a13b464968b6504a158717224f77def6d7beb531b65da89e1282d2bfca,897,32,32,RGB,JPEG
cifake_v3_train_real_0035,train,real,0,CIFAKE,3,train,real,data/interim/cifake_source_v3/train/REAL/0400 (3).jpg,train/REAL/0400 (3).jpg,data/raw/prototype/real/cifake_v3_train_real_0035.jpg,8dbdd893c15972f2b0cb4fa28122cef5824b1e71e57a9ca269b81021d88e37b8,8dbdd893c15972f2b0cb4fa28122cef5824b1e71e57a9ca269b81021d88e37b8,002a0b311daeca6fed0debb2bc3133ece0e2f6eec5d8f0999e95337cd5b93f80,906,32,32,RGB,JPEG
cifake_v3_train_real_0036,train,real,0,CIFAKE,3,train,real,data/interim/cifake_source_v3/train/REAL/2705 (5).jpg,train/REAL/2705 (5).jpg,data/raw/prototype/real/cifake_v3_train_real_0036.jpg,eab5aa4e713bd1b2646e2d60421748d71ab039d486feb67c8fe84ef67ad1d0c4,eab5aa4e713bd1b2646e2d60421748d71ab039d486feb67c8fe84ef67ad1d0c4,002a3c134268b992965259af8ae377494b732e2becc879aaf0747c020f1073a0,905,32,32,RGB,JPEG
cifake_v3_train_real_0037,train,real,0,CIFAKE,3,train,real,data/interim/cifake_source_v3/train/REAL/4122 (5).jpg,train/REAL/4122 (5).jpg,data/raw/prototype/real/cifake_v3_train_real_0037.jpg,2da6c91f2a0373a367741b447e86b4c4c7af151c331f8b6fbad95a182771a5a3,2da6c91f2a0373a367741b447e86b4c4c7af151c331f8b6fbad95a182771a5a3,002c7539e5b8bdb8c1ca5f5fd5c2d6d3652e7f1d551fcd1ad7cbb78905c35aec,943,32,32,RGB,JPEG
cifake_v3_train_real_0038,train,real,0,CIFAKE,3,train,real,data/interim/cifake_source_v3/train/REAL/0925 (3).jpg,train/REAL/0925 (3).jpg,data/raw/prototype/real/cifake_v3_train_real_0038.jpg,0e538c9f5a98db73ce8f9b93648aa44aa5c923fba88578bdb5e41e5783b1203c,0e538c9f5a98db73ce8f9b93648aa44aa5c923fba88578bdb5e41e5783b1203c,002d1478940f480074ca3e69c0cce20964e3d62212110fa28ba4b73c3eb41337,759,32,32,RGB,JPEG
cifake_v3_train_real_0039,train,real,0,CIFAKE,3,train,real,data/interim/cifake_source_v3/train/REAL/2859.jpg,train/REAL/2859.jpg,data/raw/prototype/real/cifake_v3_train_real_0039.jpg,7884e6a5be45cba7635ba55a89caf7497a563977b064efd9967191e505104da0,7884e6a5be45cba7635ba55a89caf7497a563977b064efd9967191e505104da0,002e810e5ac6e99fd02c507321e98c93ed9b42c2b170a5f6ebcb05984f623d79,934,32,32,RGB,JPEG
cifake_v3_train_real_0040,train,real,0,CIFAKE,3,train,real,data/interim/cifake_source_v3/train/REAL/2406 (10).jpg,train/REAL/2406 (10).jpg,data/raw/prototype/real/cifake_v3_train_real_0040.jpg,8b381d12cac92b1a9ad4bf2d933fdade419836f72ab96bbcf914eda46f03f78a,8b381d12cac92b1a9ad4bf2d933fdade419836f72ab96bbcf914eda46f03f78a,002fd1b3798bd97229827e1deac60371503f5ba30e3eb6d6f43d0ce6e2789ea9,1018,32,32,RGB,JPEG
cifake_v3_train_real_0041,train,real,0,CIFAKE,3,train,real,data/interim/cifake_source_v3/train/REAL/1715 (7).jpg,train/REAL/1715 (7).jpg,data/raw/prototype/real/cifake_v3_train_real_0041.jpg,9e6b250c75b86c2060d6affd1851e87a6ca8067ec2abfb70aa55b23195f6ae44,9e6b250c75b86c2060d6affd1851e87a6ca8067ec2abfb70aa55b23195f6ae44,002fdadaea1e54222784eb545dcb7ecd48e2c29c5fa01dde9a7a02543321f265,979,32,32,RGB,JPEG
cifake_v3_train_real_0042,train,real,0,CIFAKE,3,train,real,data/interim/cifake_source_v3/train/REAL/2056 (7).jpg,train/REAL/2056 (7).jpg,data/raw/prototype/real/cifake_v3_train_real_0042.jpg,89393205f16f047366fd6abd834b394aee94ece467cce3b203d3e2f617d2fe37,89393205f16f047366fd6abd834b394aee94ece467cce3b203d3e2f617d2fe37,002fdbcc4f6a4643d8a2ce8b06b04cf8e4501b38bc1f86b5f2f546813e62c389,917,32,32,RGB,JPEG
cifake_v3_train_real_0043,train,real,0,CIFAKE,3,train,real,data/interim/cifake_source_v3/train/REAL/0834 (9).jpg,train/REAL/0834 (9).jpg,data/raw/prototype/real/cifake_v3_train_real_0043.jpg,d9572baa0a179c16ac82765bd88002c85f898f9d0540865f2d22a124112de500,d9572baa0a179c16ac82765bd88002c85f898f9d0540865f2d22a124112de500,002fe501c6175e84a64b2e6f78e84f2690629487878bd06dd8a44b5c704d32e1,868,32,32,RGB,JPEG
cifake_v3_train_real_0044,train,real,0,CIFAKE,3,train,real,data/interim/cifake_source_v3/train/REAL/3607 (2).jpg,train/REAL/3607 (2).jpg,data/raw/prototype/real/cifake_v3_train_real_0044.jpg,d0982fd33ce7b81692c787b9c94539fb86730c301abeb947b5054ce884eef240,d0982fd33ce7b81692c787b9c94539fb86730c301abeb947b5054ce884eef240,0031103b7bea330c47c0f801c775d571b77ce4bfcb4489cd8f4145c3f618c1d4,941,32,32,RGB,JPEG
cifake_v3_train_real_0045,train,real,0,CIFAKE,3,train,real,data/interim/cifake_source_v3/train/REAL/4371 (6).jpg,train/REAL/4371 (6).jpg,data/raw/prototype/real/cifake_v3_train_real_0045.jpg,ff38c538e8055a59887e527490f1507d2b5450282db285329598c8705f245ea1,ff38c538e8055a59887e527490f1507d2b5450282db285329598c8705f245ea1,003145276f5351d70efe7eb84aba1a7c70bb16511318489f9f247289295f8d33,935,32,32,RGB,JPEG
cifake_v3_train_real_0046,train,real,0,CIFAKE,3,train,real,data/interim/cifake_source_v3/train/REAL/3918 (2).jpg,train/REAL/3918 (2).jpg,data/raw/prototype/real/cifake_v3_train_real_0046.jpg,ccaf9723f838193d102579a90e5c46a531ba83b911ed2892264e3f2c4c38f321,ccaf9723f838193d102579a90e5c46a531ba83b911ed2892264e3f2c4c38f321,0032c169404597c88f8bf156c296145306516b6a7d8e157315ba9f712d4eea67,932,32,32,RGB,JPEG
cifake_v3_train_real_0047,train,real,0,CIFAKE,3,train,real,data/interim/cifake_source_v3/train/REAL/4723 (8).jpg,train/REAL/4723 (8).jpg,data/raw/prototype/real/cifake_v3_train_real_0047.jpg,f3a936d5db592d68ebbe1527017cbfa95884e8801fca873ccdfb1f3de6ca9b06,f3a936d5db592d68ebbe1527017cbfa95884e8801fca873ccdfb1f3de6ca9b06,00332368b502d8de617200ffa4aef6dfdfc1ce833bb4c511fb393a8082d0a40a,928,32,32,RGB,JPEG
cifake_v3_train_real_0048,train,real,0,CIFAKE,3,train,real,data/interim/cifake_source_v3/train/REAL/4228 (9).jpg,train/REAL/4228 (9).jpg,data/raw/prototype/real/cifake_v3_train_real_0048.jpg,abbcf6b896a9a3ab5b4c62f3a74f313e6d1efb6eaec02c6dcf98ed779f2ac5a2,abbcf6b896a9a3ab5b4c62f3a74f313e6d1efb6eaec02c6dcf98ed779f2ac5a2,00333b56d04917ab994a7827eeb0ce4b93e6f3019902164d75c95b165b7d3e03,871,32,32,RGB,JPEG
cifake_v3_train_real_0049,train,real,0,CIFAKE,3,train,real,data/interim/cifake_source_v3/train/REAL/4288 (7).jpg,train/REAL/4288 (7).jpg,data/raw/prototype/real/cifake_v3_train_real_0049.jpg,7eb82fd5535da20768095799e0695b2e93f1ca5c6369aa0c7d360e17c8c8dff5,7eb82fd5535da20768095799e0695b2e93f1ca5c6369aa0c7d360e17c8c8dff5,0033b7108b1bf182df9ccec82bec127a548bb7ee5ae15f283c4248ee7bafe047,936,32,32,RGB,JPEG
cifake_v3_train_real_0050,train,real,0,CIFAKE,3,train,real,data/interim/cifake_source_v3/train/REAL/2824 (2).jpg,train/REAL/2824 (2).jpg,data/raw/prototype/real/cifake_v3_train_real_0050.jpg,57d5c52453aa36ea8a3b20c10b7e74ab4d113a6eded8d082f41a762d05656b2b,57d5c52453aa36ea8a3b20c10b7e74ab4d113a6eded8d082f41a762d05656b2b,00348b3ad88bcdfb25a7e620a261120654153664da6294a460f076eff8a2d79c,897,32,32,RGB,JPEG
cifake_v3_train_real_0051,train,real,0,CIFAKE,3,train,real,data/interim/cifake_source_v3/train/REAL/4265 (5).jpg,train/REAL/4265 (5).jpg,data/raw/prototype/real/cifake_v3_train_real_0051.jpg,93e07aaae624f6c9718a51492859dcd267b4e958af939db4ed56be3097c9c5fb,93e07aaae624f6c9718a51492859dcd267b4e958af939db4ed56be3097c9c5fb,0034a86185714b6a10b1ff708c23fc0fedf24418cca0086a75857bdc7987cf50,895,32,32,RGB,JPEG
cifake_v3_train_real_0052,train,real,0,CIFAKE,3,train,real,data/interim/cifake_source_v3/train/REAL/1069 (5).jpg,train/REAL/1069 (5).jpg,data/raw/prototype/real/cifake_v3_train_real_0052.jpg,eaf0a7e188884b587155f9ff4eff1568ae751d9025edc71435ad11c1bb0e54c3,eaf0a7e188884b587155f9ff4eff1568ae751d9025edc71435ad11c1bb0e54c3,00350c9789805c03dc0515b77f6b6e453f20dad07fa17fd49deb597d61259f3c,834,32,32,RGB,JPEG
cifake_v3_train_real_0053,train,real,0,CIFAKE,3,train,real,data/interim/cifake_source_v3/train/REAL/2770 (10).jpg,train/REAL/2770 (10).jpg,data/raw/prototype/real/cifake_v3_train_real_0053.jpg,14790ee309e19656835e7b3678306e7a8887c059d0ecb2b418cffaae983ba893,14790ee309e19656835e7b3678306e7a8887c059d0ecb2b418cffaae983ba893,00359608ecef791a47e4e837a49f5400bca3ea426763ffd566af9b1db411d5af,1001,32,32,RGB,JPEG
cifake_v3_train_real_0054,train,real,0,CIFAKE,3,train,real,data/interim/cifake_source_v3/train/REAL/2411 (2).jpg,train/REAL/2411 (2).jpg,data/raw/prototype/real/cifake_v3_train_real_0054.jpg,04c9a4f2d7c58b7f5c11d0cdded2abf261e18f588b937d150ad1d70bb1c41fa6,04c9a4f2d7c58b7f5c11d0cdded2abf261e18f588b937d150ad1d70bb1c41fa6,00385463ffe91c1bd38bc11e8dcdf9f966d2790d85a6d3ba2b6243df4b730ea1,987,32,32,RGB,JPEG
cifake_v3_train_real_0055,train,real,0,CIFAKE,3,train,real,data/interim/cifake_source_v3/train/REAL/0920.jpg,train/REAL/0920.jpg,data/raw/prototype/real/cifake_v3_train_real_0055.jpg,2e527acc0f74404d357fc5863fe415b28dbaa61a75e4481742422f90130e92c1,2e527acc0f74404d357fc5863fe415b28dbaa61a75e4481742422f90130e92c1,0038ce2a4d07785e6695bf182354a3b6d13ae0ff9734d53018098bc4c350e59c,839,32,32,RGB,JPEG
cifake_v3_train_real_0056,train,real,0,CIFAKE,3,train,real,data/interim/cifake_source_v3/train/REAL/3249 (5).jpg,train/REAL/3249 (5).jpg,data/raw/prototype/real/cifake_v3_train_real_0056.jpg,a4d1bebe85b0a08d217ae55eee668c829982a6f63bf415a48c19b2617186a946,a4d1bebe85b0a08d217ae55eee668c829982a6f63bf415a48c19b2617186a946,003a630783a78f6efb577f7386148226a9ca845ce07fc4eba68c0c441a5a9f06,943,32,32,RGB,JPEG
cifake_v3_train_real_0057,train,real,0,CIFAKE,3,train,real,data/interim/cifake_source_v3/train/REAL/3614 (8).jpg,train/REAL/3614 (8).jpg,data/raw/prototype/real/cifake_v3_train_real_0057.jpg,f145124b47136558aeeb27ef84f71b7d8fd62abd281e78fb586618227dcf86a6,f145124b47136558aeeb27ef84f71b7d8fd62abd281e78fb586618227dcf86a6,003ab4a8e3d7e7583564fd40e383cb25c80f09305c5ac2b1b98bea62d3116ca3,940,32,32,RGB,JPEG
cifake_v3_train_real_0058,train,real,0,CIFAKE,3,train,real,data/interim/cifake_source_v3/train/REAL/1845 (9).jpg,train/REAL/1845 (9).jpg,data/raw/prototype/real/cifake_v3_train_real_0058.jpg,b254caf3820bcd622ebc8b44dda9d5eaeeea883be74589cc11355f3b38a5d1f4,b254caf3820bcd622ebc8b44dda9d5eaeeea883be74589cc11355f3b38a5d1f4,003cf0a055ef3d42e1a84d707ce91a7329213c512dfb21660717e810c55016f1,854,32,32,RGB,JPEG
cifake_v3_train_real_0059,train,real,0,CIFAKE,3,train,real,data/interim/cifake_source_v3/train/REAL/4510 (10).jpg,train/REAL/4510 (10).jpg,data/raw/prototype/real/cifake_v3_train_real_0059.jpg,a404c37d0303116b629bcb101f97046884870f5ae88e9e0ffd52b7385155af2d,a404c37d0303116b629bcb101f97046884870f5ae88e9e0ffd52b7385155af2d,003d917a8f5e232801ad343df3728e8f4fab1d0e28270f211247ec971638248c,959,32,32,RGB,JPEG
cifake_v3_train_real_0060,train,real,0,CIFAKE,3,train,real,data/interim/cifake_source_v3/train/REAL/2532 (7).jpg,train/REAL/2532 (7).jpg,data/raw/prototype/real/cifake_v3_train_real_0060.jpg,0469bd42b2e59a9ed8524d7bf25258ad0def3fa621bb7005d19e81874b06c6f0,0469bd42b2e59a9ed8524d7bf25258ad0def3fa621bb7005d19e81874b06c6f0,003e6f0c6463944df9598e6eeb70dafccd73de010b3345907cda3cf220760c19,891,32,32,RGB,JPEG
cifake_v3_train_real_0061,train,real,0,CIFAKE,3,train,real,data/interim/cifake_source_v3/train/REAL/0818 (10).jpg,train/REAL/0818 (10).jpg,data/raw/prototype/real/cifake_v3_train_real_0061.jpg,f2aa315a0836ff79f868e089ae469bdc29d179f3701e11530e508cec43e11298,f2aa315a0836ff79f868e089ae469bdc29d179f3701e11530e508cec43e11298,0040d6b65d4e6ac4d4e0c97c46a8f7529f4d09f2cd81ebc7185054c49723efea,923,32,32,RGB,JPEG
cifake_v3_train_real_0062,train,real,0,CIFAKE,3,train,real,data/interim/cifake_source_v3/train/REAL/2763 (6).jpg,train/REAL/2763 (6).jpg,data/raw/prototype/real/cifake_v3_train_real_0062.jpg,635b99418d58a1fa9f0aa67b9974f27d307b557dee4881061fef981578e35680,635b99418d58a1fa9f0aa67b9974f27d307b557dee4881061fef981578e35680,00424936d3ac6ebef7d7b065278bb266e550f94598946f02c1723bbe0e109d10,897,32,32,RGB,JPEG
cifake_v3_train_real_0063,train,real,0,CIFAKE,3,train,real,data/interim/cifake_source_v3/train/REAL/0212.jpg,train/REAL/0212.jpg,data/raw/prototype/real/cifake_v3_train_real_0063.jpg,db94fafcdf5df7ac81e04dae4cb75a9db4f2828d7934dc75f73aae7a12cf1b0c,db94fafcdf5df7ac81e04dae4cb75a9db4f2828d7934dc75f73aae7a12cf1b0c,004268a03ac7eefe392581e776a12b5be799c0ba5f8133b1a92fb30ecf3cc226,864,32,32,RGB,JPEG
cifake_v3_train_real_0064,train,real,0,CIFAKE,3,train,real,data/interim/cifake_source_v3/train/REAL/3155 (7).jpg,train/REAL/3155 (7).jpg,data/raw/prototype/real/cifake_v3_train_real_0064.jpg,ccfa09ef8f220a2cb80016fb58af4af30e6fa25c41e9cb58074675ef35ab811b,ccfa09ef8f220a2cb80016fb58af4af30e6fa25c41e9cb58074675ef35ab811b,0043e3fc47f09d6412f9f0e06bacdc23de88f1e85de415bcca96531dc66f131a,947,32,32,RGB,JPEG
cifake_v3_train_real_0065,train,real,0,CIFAKE,3,train,real,data/interim/cifake_source_v3/train/REAL/2390 (7).jpg,train/REAL/2390 (7).jpg,data/raw/prototype/real/cifake_v3_train_real_0065.jpg,ca145ee24cc872b11ded03e340d86ffee546542a6e15b85aa49945e343eae608,ca145ee24cc872b11ded03e340d86ffee546542a6e15b85aa49945e343eae608,0044da25f7e2fa9945bae48bb1867e6fff58324c70bb0c3e59539b5e826496a1,997,32,32,RGB,JPEG
cifake_v3_train_real_0066,train,real,0,CIFAKE,3,train,real,data/interim/cifake_source_v3/train/REAL/0452 (9).jpg,train/REAL/0452 (9).jpg,data/raw/prototype/real/cifake_v3_train_real_0066.jpg,f6754148b164b58575bbf3af574d9aed4ab532246f8fe7826e960482a1520c08,f6754148b164b58575bbf3af574d9aed4ab532246f8fe7826e960482a1520c08,0045ee8fb0f1a70c7272aa97598b699279dda8d93eb99460bef713b765ad1307,965,32,32,RGB,JPEG
cifake_v3_train_real_0067,train,real,0,CIFAKE,3,train,real,data/interim/cifake_source_v3/train/REAL/4842 (2).jpg,train/REAL/4842 (2).jpg,data/raw/prototype/real/cifake_v3_train_real_0067.jpg,35e6d4bc40f7a3a7a81e6cdb1d1f1a3cd66f16f107fce5ab5216ef8f20568a4c,35e6d4bc40f7a3a7a81e6cdb1d1f1a3cd66f16f107fce5ab5216ef8f20568a4c,0047e213f0e9402eedd25a5619c8461d02a1ccfe89bc525c232c6b8237d9f068,912,32,32,RGB,JPEG
cifake_v3_train_real_0068,train,real,0,CIFAKE,3,train,real,data/interim/cifake_source_v3/train/REAL/0656 (3).jpg,train/REAL/0656 (3).jpg,data/raw/prototype/real/cifake_v3_train_real_0068.jpg,4d351815a4724c6a5198d0f24f1e4952ce9024423a979d5d163f7bcb85076576,4d351815a4724c6a5198d0f24f1e4952ce9024423a979d5d163f7bcb85076576,00487c58f5d4f6d6c528b37e40cef439663ad4cdffc3dcc0b147e4fd7b4161cf,910,32,32,RGB,JPEG
cifake_v3_train_real_0069,train,real,0,CIFAKE,3,train,real,data/interim/cifake_source_v3/train/REAL/1508 (10).jpg,train/REAL/1508 (10).jpg,data/raw/prototype/real/cifake_v3_train_real_0069.jpg,306e2256e82c6537c98ea84786055270d7a45cad2a416c2580594174e58c7b67,306e2256e82c6537c98ea84786055270d7a45cad2a416c2580594174e58c7b67,004897f747d1bc151eb4e67ee0f24fa8a188b31595065dab7ebedc814d81af0c,962,32,32,RGB,JPEG
cifake_v3_train_real_0070,train,real,0,CIFAKE,3,train,real,data/interim/cifake_source_v3/train/REAL/2581 (8).jpg,train/REAL/2581 (8).jpg,data/raw/prototype/real/cifake_v3_train_real_0070.jpg,ee2179d81a58688723607d675b5f41222f4a668cc2465662c508cfa1bf2996c0,ee2179d81a58688723607d675b5f41222f4a668cc2465662c508cfa1bf2996c0,0048cd8b058621fa6047d1badb5f9401a8be1fcbee1fbae608c6df4ca2516a4c,930,32,32,RGB,JPEG
cifake_v3_train_real_0071,train,real,0,CIFAKE,3,train,real,data/interim/cifake_source_v3/train/REAL/4546 (6).jpg,train/REAL/4546 (6).jpg,data/raw/prototype/real/cifake_v3_train_real_0071.jpg,43df98286bd8e0e942cb0529908b3a30a5c0f933e82d79523b14c7d8243a3022,43df98286bd8e0e942cb0529908b3a30a5c0f933e82d79523b14c7d8243a3022,004904c89e7d52b2ee60d8cef11b3727165c8b677132533bd797b39a22a34c42,1019,32,32,RGB,JPEG
cifake_v3_train_real_0072,train,real,0,CIFAKE,3,train,real,data/interim/cifake_source_v3/train/REAL/1919 (6).jpg,train/REAL/1919 (6).jpg,data/raw/prototype/real/cifake_v3_train_real_0072.jpg,a247eb52a1607d86dd61937bcf82aedd4789b67ef1b2fd2f51e99285fd627f3c,a247eb52a1607d86dd61937bcf82aedd4789b67ef1b2fd2f51e99285fd627f3c,004ad22f5311b9ad5eee9b9980da42f25aa444a8a2b7591f0f9ba1176cd9c4dd,903,32,32,RGB,JPEG
cifake_v3_train_real_0073,train,real,0,CIFAKE,3,train,real,data/interim/cifake_source_v3/train/REAL/3710 (6).jpg,train/REAL/3710 (6).jpg,data/raw/prototype/real/cifake_v3_train_real_0073.jpg,93acd843d9f62ae6541133c770e611a31efdf7ae90a087adc8fc68fa859ce963,93acd843d9f62ae6541133c770e611a31efdf7ae90a087adc8fc68fa859ce963,004c06e80c9c2c24e3011472a83633a4c17c73026c725fda93764b20aa996225,913,32,32,RGB,JPEG
cifake_v3_train_real_0074,train,real,0,CIFAKE,3,train,real,data/interim/cifake_source_v3/train/REAL/3419 (5).jpg,train/REAL/3419 (5).jpg,data/raw/prototype/real/cifake_v3_train_real_0074.jpg,df59cfb3f5d47b0ed6320cbbbc5a553c3059a9e4a5acdbe03d8fe2b9e1473839,df59cfb3f5d47b0ed6320cbbbc5a553c3059a9e4a5acdbe03d8fe2b9e1473839,004cd0a088792f89fbbf48ad9cda03616fb0576c62782eff9a426e8fb8ea9349,892,32,32,RGB,JPEG
cifake_v3_train_real_0075,train,real,0,CIFAKE,3,train,real,data/interim/cifake_source_v3/train/REAL/1623 (10).jpg,train/REAL/1623 (10).jpg,data/raw/prototype/real/cifake_v3_train_real_0075.jpg,5ed10ed067dd49e7319857ace5676c05bf2ee1dfc865eec8b910dd94c152451a,5ed10ed067dd49e7319857ace5676c05bf2ee1dfc865eec8b910dd94c152451a,004ce020207f1dd38c95b65b5820d594e6446177ecd131cb3747eac4171e007f,966,32,32,RGB,JPEG
cifake_v3_train_real_0076,train,real,0,CIFAKE,3,train,real,data/interim/cifake_source_v3/train/REAL/0559 (4).jpg,train/REAL/0559 (4).jpg,data/raw/prototype/real/cifake_v3_train_real_0076.jpg,4e4d916019d1d80517d1673a814e43b4e80e5480ca414f5ef03525a588abc800,4e4d916019d1d80517d1673a814e43b4e80e5480ca414f5ef03525a588abc800,004fef56223cb4ab53bd3fcc3b08e1a663876c42c69d105cc58cef5e6c6fc7e2,846,32,32,RGB,JPEG
cifake_v3_train_real_0077,train,real,0,CIFAKE,3,train,real,data/interim/cifake_source_v3/train/REAL/4990 (2).jpg,train/REAL/4990 (2).jpg,data/raw/prototype/real/cifake_v3_train_real_0077.jpg,44673f9df76f0fbfc0ff2ea101884d660d378327508489c41467b5c0ea2c4284,44673f9df76f0fbfc0ff2ea101884d660d378327508489c41467b5c0ea2c4284,0050f2ee74e0ecc75e7310253041dc682f5c223890c6240a51f6b7ff9bdd66d7,972,32,32,RGB,JPEG
cifake_v3_train_real_0078,train,real,0,CIFAKE,3,train,real,data/interim/cifake_source_v3/train/REAL/3438 (2).jpg,train/REAL/3438 (2).jpg,data/raw/prototype/real/cifake_v3_train_real_0078.jpg,8cbac1e16dc728eff38532e86a2f745614d971bbc187af9cc915eba73fbb9acc,8cbac1e16dc728eff38532e86a2f745614d971bbc187af9cc915eba73fbb9acc,00537767c88325f724084938030cb7689670dfbf10177a7fa0912e3069dfd7e2,929,32,32,RGB,JPEG
cifake_v3_train_real_0079,train,real,0,CIFAKE,3,train,real,data/interim/cifake_source_v3/train/REAL/2558 (10).jpg,train/REAL/2558 (10).jpg,data/raw/prototype/real/cifake_v3_train_real_0079.jpg,b0db68ac5b70c72c2cfef5503a92ba921e2d0578f8283a38c1d002b4931979ef,b0db68ac5b70c72c2cfef5503a92ba921e2d0578f8283a38c1d002b4931979ef,0053cecc5c11be5e5dd00a52e5807f4a60ee1b45ff5cc92a61a01d6260a1a11c,944,32,32,RGB,JPEG
cifake_v3_train_real_0080,train,real,0,CIFAKE,3,train,real,data/interim/cifake_source_v3/train/REAL/2642 (3).jpg,train/REAL/2642 (3).jpg,data/raw/prototype/real/cifake_v3_train_real_0080.jpg,250e9ae34f6bf646ade42cfcdb8a57edbb35dbc6ac5fd5b38d493e5b2c06386a,250e9ae34f6bf646ade42cfcdb8a57edbb35dbc6ac5fd5b38d493e5b2c06386a,0053ecb969c07422bbc73ba24ea44ed67d847b7f6dd85458c268823fd3b191bb,925,32,32,RGB,JPEG
cifake_v3_train_real_0081,train,real,0,CIFAKE,3,train,real,data/interim/cifake_source_v3/train/REAL/3704.jpg,train/REAL/3704.jpg,data/raw/prototype/real/cifake_v3_train_real_0081.jpg,5eadf5283217562cef03d0a0c0cbed995b4c0c5c1356ed61962ba9b930087fe5,5eadf5283217562cef03d0a0c0cbed995b4c0c5c1356ed61962ba9b930087fe5,00567aef830017c40cb2932137e316f5c0332d10da79d20ffcd44b8a72cc1a28,853,32,32,RGB,JPEG
cifake_v3_train_real_0082,train,real,0,CIFAKE,3,train,real,data/interim/cifake_source_v3/train/REAL/1466 (7).jpg,train/REAL/1466 (7).jpg,data/raw/prototype/real/cifake_v3_train_real_0082.jpg,282064d23d13ae52ff7b75f5b331cd97458cd2b815445bebeda998a78e5743d3,282064d23d13ae52ff7b75f5b331cd97458cd2b815445bebeda998a78e5743d3,0058bc57599cef382669a4916210d0318d7452586e202282cbc716e55b4d7548,971,32,32,RGB,JPEG
cifake_v3_train_real_0083,train,real,0,CIFAKE,3,train,real,data/interim/cifake_source_v3/train/REAL/0285 (7).jpg,train/REAL/0285 (7).jpg,data/raw/prototype/real/cifake_v3_train_real_0083.jpg,935ab3abaa1a7e6ec29ab786f932d9ccd320e24e78b2532e0e2982e2e1e756ba,935ab3abaa1a7e6ec29ab786f932d9ccd320e24e78b2532e0e2982e2e1e756ba,00592ec9298d8b855355c361448b7e55be9451f10ecfc01bc300bad4f5112955,906,32,32,RGB,JPEG
cifake_v3_train_real_0084,train,real,0,CIFAKE,3,train,real,data/interim/cifake_source_v3/train/REAL/3235.jpg,train/REAL/3235.jpg,data/raw/prototype/real/cifake_v3_train_real_0084.jpg,71a378dbfcf4a3edf05a4370aea519fe992aa83f2ce84ae6772a712fccdc7708,71a378dbfcf4a3edf05a4370aea519fe992aa83f2ce84ae6772a712fccdc7708,005a594193f069c4ae546f4c6c4c272e3fdb3702cc24090fe6230ea0177b5f09,880,32,32,RGB,JPEG
cifake_v3_train_real_0085,train,real,0,CIFAKE,3,train,real,data/interim/cifake_source_v3/train/REAL/4365 (8).jpg,train/REAL/4365 (8).jpg,data/raw/prototype/real/cifake_v3_train_real_0085.jpg,7468da517313213066cdd8539426f43a7b18d57774dfe79334dd048712c5d596,7468da517313213066cdd8539426f43a7b18d57774dfe79334dd048712c5d596,005cfefdd9bc3def51364120cf92817664be429c6f053bc7c9a77f41ad49f97a,973,32,32,RGB,JPEG
cifake_v3_train_real_0086,train,real,0,CIFAKE,3,train,real,data/interim/cifake_source_v3/train/REAL/0757 (6).jpg,train/REAL/0757 (6).jpg,data/raw/prototype/real/cifake_v3_train_real_0086.jpg,7b539482a405390dc022726b6d4e65a0f0540db9c5d9c911e070b26a7655b14c,7b539482a405390dc022726b6d4e65a0f0540db9c5d9c911e070b26a7655b14c,005d8f57ffce866d0b78192d26c2cb1e257e92fa62a972d1b38ee80258edaed5,927,32,32,RGB,JPEG
cifake_v3_train_real_0087,train,real,0,CIFAKE,3,train,real,data/interim/cifake_source_v3/train/REAL/1289 (8).jpg,train/REAL/1289 (8).jpg,data/raw/prototype/real/cifake_v3_train_real_0087.jpg,56276a1775cd23b08c2cc272a5da10608b70d498ae83d3e5aa97fcd2ce7d76e4,56276a1775cd23b08c2cc272a5da10608b70d498ae83d3e5aa97fcd2ce7d76e4,005e6612fa92d9d8b76ab0eed7bfcbf7b1dcfd3aaecd62f1ea4e658b69d79044,944,32,32,RGB,JPEG
cifake_v3_train_real_0088,train,real,0,CIFAKE,3,train,real,data/interim/cifake_source_v3/train/REAL/4573 (6).jpg,train/REAL/4573 (6).jpg,data/raw/prototype/real/cifake_v3_train_real_0088.jpg,5e78605e5f2a70268e21cbaf753d80d2f13e52dd3c72bbfc9580bc9d7a67894b,5e78605e5f2a70268e21cbaf753d80d2f13e52dd3c72bbfc9580bc9d7a67894b,005f04bcfa8bd197baa821501502e83af2e8243e4defc36121ae7f0023202754,918,32,32,RGB,JPEG
cifake_v3_train_real_0089,train,real,0,CIFAKE,3,train,real,data/interim/cifake_source_v3/train/REAL/1586 (7).jpg,train/REAL/1586 (7).jpg,data/raw/prototype/real/cifake_v3_train_real_0089.jpg,bf90df779a1a48e0ec2ef4b9f7566ada713d9955b600ae5b5075487d10e47946,bf90df779a1a48e0ec2ef4b9f7566ada713d9955b600ae5b5075487d10e47946,005fdd480170d28272b4ee4a7b983eb9b09326ea181047e041f785c1493df2ea,1015,32,32,RGB,JPEG
cifake_v3_train_real_0090,train,real,0,CIFAKE,3,train,real,data/interim/cifake_source_v3/train/REAL/0904 (10).jpg,train/REAL/0904 (10).jpg,data/raw/prototype/real/cifake_v3_train_real_0090.jpg,82f871d7c39bc39cbd9155d277a1873e5f564f83fd9174667c76bda47841903e,82f871d7c39bc39cbd9155d277a1873e5f564f83fd9174667c76bda47841903e,005ffec421625da413fd88a4c5fcea8c04bf23e947c16f1ba2374eb0bee4e98c,971,32,32,RGB,JPEG
cifake_v3_train_real_0091,train,real,0,CIFAKE,3,train,real,data/interim/cifake_source_v3/train/REAL/0615 (8).jpg,train/REAL/0615 (8).jpg,data/raw/prototype/real/cifake_v3_train_real_0091.jpg,9427df08dfea374b34f9dc18bb8374f4915602e48d78be217a6543c270a129ae,9427df08dfea374b34f9dc18bb8374f4915602e48d78be217a6543c270a129ae,006158f1757212b5331641978f1db8a77feee98f14dfb9efbd436280afb8bc87,927,32,32,RGB,JPEG
cifake_v3_train_real_0092,train,real,0,CIFAKE,3,train,real,data/interim/cifake_source_v3/train/REAL/4712.jpg,train/REAL/4712.jpg,data/raw/prototype/real/cifake_v3_train_real_0092.jpg,54b80d3ae981dd94444cb141572bf72d456e5ee4e32a2aff9211d652f8bcd8c0,54b80d3ae981dd94444cb141572bf72d456e5ee4e32a2aff9211d652f8bcd8c0,006811117a8797a9c288cb740b723f0f55b8485c84610e1c5928d2296ffc3c8d,942,32,32,RGB,JPEG
cifake_v3_train_real_0093,train,real,0,CIFAKE,3,train,real,data/interim/cifake_source_v3/train/REAL/2882 (7).jpg,train/REAL/2882 (7).jpg,data/raw/prototype/real/cifake_v3_train_real_0093.jpg,3817cd84ae5c1e8fc67145a32316cceb43a18bee0004b4d86a61b1dff086145a,3817cd84ae5c1e8fc67145a32316cceb43a18bee0004b4d86a61b1dff086145a,006852f6576f059910f031355b21f257706df2bcc876e2962a83783144528455,977,32,32,RGB,JPEG
cifake_v3_train_real_0094,train,real,0,CIFAKE,3,train,real,data/interim/cifake_source_v3/train/REAL/2417 (3).jpg,train/REAL/2417 (3).jpg,data/raw/prototype/real/cifake_v3_train_real_0094.jpg,d3a718364211d68d6524a35128f4307cc752161724228bd7fc8fb84f16bd82d1,d3a718364211d68d6524a35128f4307cc752161724228bd7fc8fb84f16bd82d1,0068cf8bb9e2d76391e73d23941042b9a6af1fca3ba259f5c6853ec64d1e2498,877,32,32,RGB,JPEG
cifake_v3_train_real_0095,train,real,0,CIFAKE,3,train,real,data/interim/cifake_source_v3/train/REAL/1399 (8).jpg,train/REAL/1399 (8).jpg,data/raw/prototype/real/cifake_v3_train_real_0095.jpg,6301cc78523eb1109d634ac7d64257af7649a067ae5130745e2983faeee32bb9,6301cc78523eb1109d634ac7d64257af7649a067ae5130745e2983faeee32bb9,006a42fa85e0cfa249d81c965871393a9094e15841d3c95da02b2cbf0c25e372,953,32,32,RGB,JPEG
cifake_v3_train_real_0096,train,real,0,CIFAKE,3,train,real,data/interim/cifake_source_v3/train/REAL/2838 (3).jpg,train/REAL/2838 (3).jpg,data/raw/prototype/real/cifake_v3_train_real_0096.jpg,1d028f4e23f6da34c19cc68ee80b2c05788e5c07c2f2cf1c302b8e82a63ce4df,1d028f4e23f6da34c19cc68ee80b2c05788e5c07c2f2cf1c302b8e82a63ce4df,00743a51e06954fa68bf21792b838f0b60377976a44a1ded03083f891bdd4124,892,32,32,RGB,JPEG
cifake_v3_train_real_0097,train,real,0,CIFAKE,3,train,real,data/interim/cifake_source_v3/train/REAL/2053 (5).jpg,train/REAL/2053 (5).jpg,data/raw/prototype/real/cifake_v3_train_real_0097.jpg,001577411ba902fca465f99df54015d581aea26f1d9c195bd4ac9d8ea0b7a409,001577411ba902fca465f99df54015d581aea26f1d9c195bd4ac9d8ea0b7a409,00752b2b822ec48321e87af7fc196b3abb42fe587d50dfa9b2c1951e016258a2,884,32,32,RGB,JPEG
cifake_v3_train_real_0098,train,real,0,CIFAKE,3,train,real,data/interim/cifake_source_v3/train/REAL/2827 (3).jpg,train/REAL/2827 (3).jpg,data/raw/prototype/real/cifake_v3_train_real_0098.jpg,743d060c069be881b2112bc592b7d4f3d0169433dbc38f37acb92f1979e7f781,743d060c069be881b2112bc592b7d4f3d0169433dbc38f37acb92f1979e7f781,00752d46a3947f10d2d054662294a9befb84dba7b6b16beb1cc54a1257c492b3,886,32,32,RGB,JPEG
cifake_v3_train_real_0099,train,real,0,CIFAKE,3,train,real,data/interim/cifake_source_v3/train/REAL/0827 (4).jpg,train/REAL/0827 (4).jpg,data/raw/prototype/real/cifake_v3_train_real_0099.jpg,736e962d1966dd66844d00ae877891b575da23acc134b2a51ce6738f637330fa,736e962d1966dd66844d00ae877891b575da23acc134b2a51ce6738f637330fa,00776addca0a36aeca51f7fc9b75ae41008991955c199846e5fe6f91fa84d35c,972,32,32,RGB,JPEG
cifake_v3_train_real_0100,train,real,0,CIFAKE,3,train,real,data/interim/cifake_source_v3/train/REAL/1516 (10).jpg,train/REAL/1516 (10).jpg,data/raw/prototype/real/cifake_v3_train_real_0100.jpg,22465e6bd0df00ce6fdf9824216172aa572c3f7c8ec35b5738464b0ef7b0ffc8,22465e6bd0df00ce6fdf9824216172aa572c3f7c8ec35b5738464b0ef7b0ffc8,007883f7f50578ffb8b24a8a395998e7da11741193e0c6ce19d58b1c765566d5,884,32,32,RGB,JPEG
cifake_v3_train_real_0101,train,real,0,CIFAKE,3,train,real,data/interim/cifake_source_v3/train/REAL/3357 (9).jpg,train/REAL/3357 (9).jpg,data/raw/prototype/real/cifake_v3_train_real_0101.jpg,158a07853049956494c9ed699494a987d5d5973e7b3506076f11c408df2625a1,158a07853049956494c9ed699494a987d5d5973e7b3506076f11c408df2625a1,0078a33857a5e25f919bfedd266dd1044f854a6f80cec2c341c2bf3d89076512,978,32,32,RGB,JPEG
cifake_v3_train_real_0102,train,real,0,CIFAKE,3,train,real,data/interim/cifake_source_v3/train/REAL/1201 (8).jpg,train/REAL/1201 (8).jpg,data/raw/prototype/real/cifake_v3_train_real_0102.jpg,2facb45db7fa8fe00b2abf9c71ceef5cd8bb8eb9d30130c1c3467ac1f190e73a,2facb45db7fa8fe00b2abf9c71ceef5cd8bb8eb9d30130c1c3467ac1f190e73a,007979b6eab6219c987bbd30f738fe5a80623ad5c8d942a814a9516a03766bb3,966,32,32,RGB,JPEG
cifake_v3_train_real_0103,train,real,0,CIFAKE,3,train,real,data/interim/cifake_source_v3/train/REAL/3797 (6).jpg,train/REAL/3797 (6).jpg,data/raw/prototype/real/cifake_v3_train_real_0103.jpg,6666b3bd5a6e9433e1ced99abda4a5fc0fa4a36b6e1c62f52f7c97ebf3b860e3,6666b3bd5a6e9433e1ced99abda4a5fc0fa4a36b6e1c62f52f7c97ebf3b860e3,007a0302f6173a2f92a0fe13afbfe7adb4f93a13c86dfdacff4594765e0f6f52,996,32,32,RGB,JPEG
cifake_v3_train_real_0104,train,real,0,CIFAKE,3,train,real,data/interim/cifake_source_v3/train/REAL/3037 (5).jpg,train/REAL/3037 (5).jpg,data/raw/prototype/real/cifake_v3_train_real_0104.jpg,8352e46f50b90e227cdea2e5c5c44e8159d46ff84231a916eee5eff12ec40cd1,8352e46f50b90e227cdea2e5c5c44e8159d46ff84231a916eee5eff12ec40cd1,007d4d2f08bbee71a23d0348007d121b9a7dfd7dcb8e99a26b84eadcb5fcb3fa,849,32,32,RGB,JPEG
cifake_v3_train_real_0105,train,real,0,CIFAKE,3,train,real,data/interim/cifake_source_v3/train/REAL/0618 (2).jpg,train/REAL/0618 (2).jpg,data/raw/prototype/real/cifake_v3_train_real_0105.jpg,de938675220e15cf0211ed8146260a55555fa0ff42a23b45b1c6026bf9cf8087,de938675220e15cf0211ed8146260a55555fa0ff42a23b45b1c6026bf9cf8087,007fbe4f396e0434d4f6ac52f125ad34c1f1cf7befa17e12284a2449443c9bdc,942,32,32,RGB,JPEG
cifake_v3_train_real_0106,train,real,0,CIFAKE,3,train,real,data/interim/cifake_source_v3/train/REAL/3716 (4).jpg,train/REAL/3716 (4).jpg,data/raw/prototype/real/cifake_v3_train_real_0106.jpg,6ee65634597dded8ea7b3ad53beadc9869fb65f8b277777351f1d0c52b03ebed,6ee65634597dded8ea7b3ad53beadc9869fb65f8b277777351f1d0c52b03ebed,007fd4867d968ba43dc91da24a552209adfab514182f5c8f853494663046cd63,899,32,32,RGB,JPEG
cifake_v3_train_real_0107,train,real,0,CIFAKE,3,train,real,data/interim/cifake_source_v3/train/REAL/1325 (7).jpg,train/REAL/1325 (7).jpg,data/raw/prototype/real/cifake_v3_train_real_0107.jpg,2c00f64611674dc5eb8b9f91a89f5d1ca7014c911b8d46000b81fc6860c78235,2c00f64611674dc5eb8b9f91a89f5d1ca7014c911b8d46000b81fc6860c78235,00812a2fc39e7cc03835ea88844876a5b43be0d9ccc2a27ccedc15da647dd8c9,959,32,32,RGB,JPEG
cifake_v3_train_real_0108,train,real,0,CIFAKE,3,train,real,data/interim/cifake_source_v3/train/REAL/2165.jpg,train/REAL/2165.jpg,data/raw/prototype/real/cifake_v3_train_real_0108.jpg,3c5235842af2f63c2e55419859dd3d1aafd75180a9003bd7d4ce70907d6012a9,3c5235842af2f63c2e55419859dd3d1aafd75180a9003bd7d4ce70907d6012a9,00821ca21312f2961ff77bf83f54c6c8e04c2fb3b14145d3448a6e57d09348bc,852,32,32,RGB,JPEG
cifake_v3_train_real_0109,train,real,0,CIFAKE,3,train,real,data/interim/cifake_source_v3/train/REAL/0074 (9).jpg,train/REAL/0074 (9).jpg,data/raw/prototype/real/cifake_v3_train_real_0109.jpg,488ae177c185d47afc54a8dd09795b71e882e49b430f43f997a614f2c060ceea,488ae177c185d47afc54a8dd09795b71e882e49b430f43f997a614f2c060ceea,00850e7d23ec636a00caf422a294c1114316ef8f324a2582cfb1f9aeb189092b,918,32,32,RGB,JPEG
cifake_v3_train_real_0110,train,real,0,CIFAKE,3,train,real,data/interim/cifake_source_v3/train/REAL/2601 (8).jpg,train/REAL/2601 (8).jpg,data/raw/prototype/real/cifake_v3_train_real_0110.jpg,6dcc4c2cfd213dca099aa806847dd6809b500946e59af5cae284bff60b35cee4,6dcc4c2cfd213dca099aa806847dd6809b500946e59af5cae284bff60b35cee4,00863184087599cdb209169067336731f9e0d3899a3b53fe0e556d6ad1914fc3,953,32,32,RGB,JPEG
cifake_v3_train_real_0111,train,real,0,CIFAKE,3,train,real,data/interim/cifake_source_v3/train/REAL/1560 (10).jpg,train/REAL/1560 (10).jpg,data/raw/prototype/real/cifake_v3_train_real_0111.jpg,be4ac1bfd7bbe0b1a62d48ddc873444ec074ba7677b12a0edce187e1b0dd4ccf,be4ac1bfd7bbe0b1a62d48ddc873444ec074ba7677b12a0edce187e1b0dd4ccf,00875cc8097df1b55e4637f203efa05fd34f6a27e24274a324f76f29a31dc9de,949,32,32,RGB,JPEG
cifake_v3_train_real_0112,train,real,0,CIFAKE,3,train,real,data/interim/cifake_source_v3/train/REAL/2180 (10).jpg,train/REAL/2180 (10).jpg,data/raw/prototype/real/cifake_v3_train_real_0112.jpg,5ae84e7ab5f51567f4279c28b82a746f4cbceb1c2e01b6fb51ebb100eb6b96ca,5ae84e7ab5f51567f4279c28b82a746f4cbceb1c2e01b6fb51ebb100eb6b96ca,008a0765c5170baa9ddbb8fece8560996ff1f56985842f63926e510852141670,968,32,32,RGB,JPEG
cifake_v3_train_real_0113,train,real,0,CIFAKE,3,train,real,data/interim/cifake_source_v3/train/REAL/4833.jpg,train/REAL/4833.jpg,data/raw/prototype/real/cifake_v3_train_real_0113.jpg,c2b60398459ffde923582affeece57aac2f42dd66d19fdeeaace3ce4e807cce4,c2b60398459ffde923582affeece57aac2f42dd66d19fdeeaace3ce4e807cce4,008a3d1a91fbfa2249bea5e4c2af5db8ed1a7d7d77234d0039277a00ee4c7ba2,815,32,32,RGB,JPEG
cifake_v3_train_real_0114,train,real,0,CIFAKE,3,train,real,data/interim/cifake_source_v3/train/REAL/3555 (3).jpg,train/REAL/3555 (3).jpg,data/raw/prototype/real/cifake_v3_train_real_0114.jpg,135d57d1d4318549a369253d456f49259166a0e74e29eea974ff8ad35a14dd45,135d57d1d4318549a369253d456f49259166a0e74e29eea974ff8ad35a14dd45,008f05350258559820c64493a5f95ab0f5b7a31b2060e3732360d8d83cb9171f,811,32,32,RGB,JPEG
cifake_v3_train_real_0115,train,real,0,CIFAKE,3,train,real,data/interim/cifake_source_v3/train/REAL/3616 (10).jpg,train/REAL/3616 (10).jpg,data/raw/prototype/real/cifake_v3_train_real_0115.jpg,634b76d6e89535c27cb80a25e4965f341dde79613970bf0ecdf3c06d95ad9cfc,634b76d6e89535c27cb80a25e4965f341dde79613970bf0ecdf3c06d95ad9cfc,008f0a0902013024c5ec542329d9bee3fa9ac811dbd2c787dc355f0687714614,1077,32,32,RGB,JPEG
cifake_v3_train_real_0116,train,real,0,CIFAKE,3,train,real,data/interim/cifake_source_v3/train/REAL/1292 (2).jpg,train/REAL/1292 (2).jpg,data/raw/prototype/real/cifake_v3_train_real_0116.jpg,6cae11f7321c457f9903eaddf05997f69c63d183f0077796f097b19148829423,6cae11f7321c457f9903eaddf05997f69c63d183f0077796f097b19148829423,008f2ec0a5ca6a7fc921b624c60242e42eca50013a07039f5a3b157a32e3295b,859,32,32,RGB,JPEG
cifake_v3_train_real_0117,train,real,0,CIFAKE,3,train,real,data/interim/cifake_source_v3/train/REAL/0416 (4).jpg,train/REAL/0416 (4).jpg,data/raw/prototype/real/cifake_v3_train_real_0117.jpg,ec25e4750da9bb1018ef346cdc153a0f2bfe4419887f3ce582c4d804f0253b06,ec25e4750da9bb1018ef346cdc153a0f2bfe4419887f3ce582c4d804f0253b06,0091d1efc408cd75a88e8612ae9001fbf59517e3e119ad87ca02ea0c091d6dcb,901,32,32,RGB,JPEG
cifake_v3_train_real_0118,train,real,0,CIFAKE,3,train,real,data/interim/cifake_source_v3/train/REAL/1954 (2).jpg,train/REAL/1954 (2).jpg,data/raw/prototype/real/cifake_v3_train_real_0118.jpg,87ed9c89cd55ae8c2ba2bf28e681c2c5e7a430ccfe7d868019ca2564f4e3bb36,87ed9c89cd55ae8c2ba2bf28e681c2c5e7a430ccfe7d868019ca2564f4e3bb36,0093a51ee0a1a0ed559fd617cf32a2b4f6ad2f1b2e948ca4fda4967267547abd,895,32,32,RGB,JPEG
cifake_v3_train_real_0119,train,real,0,CIFAKE,3,train,real,data/interim/cifake_source_v3/train/REAL/4958 (3).jpg,train/REAL/4958 (3).jpg,data/raw/prototype/real/cifake_v3_train_real_0119.jpg,408e499a25e907fae5701d7e7540cd8d62b132e94273a1b44789445a001e246f,408e499a25e907fae5701d7e7540cd8d62b132e94273a1b44789445a001e246f,0093dc3bcb1b2d36771e1354be7e7489045c22fb4cf3f2ac9812f7bc7d8ba3c9,880,32,32,RGB,JPEG
cifake_v3_train_real_0120,train,real,0,CIFAKE,3,train,real,data/interim/cifake_source_v3/train/REAL/2480 (2).jpg,train/REAL/2480 (2).jpg,data/raw/prototype/real/cifake_v3_train_real_0120.jpg,2b073b874424e4bce3f363ed4d7c7afd89ecdd8e5a6d978a4a821fd030a8bcf9,2b073b874424e4bce3f363ed4d7c7afd89ecdd8e5a6d978a4a821fd030a8bcf9,0094cffcadf94138174ba3e729aafaa328f9dcd718e7c240a860480ec93df760,944,32,32,RGB,JPEG
cifake_v3_train_real_0121,train,real,0,CIFAKE,3,train,real,data/interim/cifake_source_v3/train/REAL/0878 (5).jpg,train/REAL/0878 (5).jpg,data/raw/prototype/real/cifake_v3_train_real_0121.jpg,b2fdb8f6809df034e20f6fe3f7f56f49a14a27429ab20f2535d971cb284f543d,b2fdb8f6809df034e20f6fe3f7f56f49a14a27429ab20f2535d971cb284f543d,0094e80e4d8fae902aa938dd6eeebd9924555bf22d2a425c8c5238b2d53c6f87,919,32,32,RGB,JPEG
cifake_v3_train_real_0122,train,real,0,CIFAKE,3,train,real,data/interim/cifake_source_v3/train/REAL/3179 (3).jpg,train/REAL/3179 (3).jpg,data/raw/prototype/real/cifake_v3_train_real_0122.jpg,0bc195a0bfe14b626c99ce7c06222ad4f6d700e9f2084f402cc53a29b95a1e5e,0bc195a0bfe14b626c99ce7c06222ad4f6d700e9f2084f402cc53a29b95a1e5e,0094fd288fdfc08866efc51c7b976c8e06e0c6a47ef501c091441bb666e0309d,918,32,32,RGB,JPEG
cifake_v3_train_real_0123,train,real,0,CIFAKE,3,train,real,data/interim/cifake_source_v3/train/REAL/1833 (7).jpg,train/REAL/1833 (7).jpg,data/raw/prototype/real/cifake_v3_train_real_0123.jpg,07b96e4f0353baa2a335bb61af95c170a3c2f7a24a88a1c750ced10fb40ebdda,07b96e4f0353baa2a335bb61af95c170a3c2f7a24a88a1c750ced10fb40ebdda,009a7492aec3dd2ccbe92eb5e4ccf4c750fa7ae9d4c51f28e876abdb13145cd8,976,32,32,RGB,JPEG
cifake_v3_train_real_0124,train,real,0,CIFAKE,3,train,real,data/interim/cifake_source_v3/train/REAL/2783 (6).jpg,train/REAL/2783 (6).jpg,data/raw/prototype/real/cifake_v3_train_real_0124.jpg,b674cbe5d086872c656d3d4bfbfefe8d7ece0ba89e7e32fbc2b6b69f3f665e6c,b674cbe5d086872c656d3d4bfbfefe8d7ece0ba89e7e32fbc2b6b69f3f665e6c,009aece0a969db38e35ec624d76af3e7d8991fd175a9bd95ed8aa60a7e055667,886,32,32,RGB,JPEG
cifake_v3_train_real_0125,train,real,0,CIFAKE,3,train,real,data/interim/cifake_source_v3/train/REAL/1659 (9).jpg,train/REAL/1659 (9).jpg,data/raw/prototype/real/cifake_v3_train_real_0125.jpg,e3c99d8fa47b31be2d7f1a286af5ee65577ad085e6c4fe79ce851de187e7eaa0,e3c99d8fa47b31be2d7f1a286af5ee65577ad085e6c4fe79ce851de187e7eaa0,009e19223ab3e4063118cbe51374042cc0ecfa696f24136eb3f54b1b1ce1d467,896,32,32,RGB,JPEG
cifake_v3_train_real_0126,train,real,0,CIFAKE,3,train,real,data/interim/cifake_source_v3/train/REAL/0397 (2).jpg,train/REAL/0397 (2).jpg,data/raw/prototype/real/cifake_v3_train_real_0126.jpg,5523ff42a38dae755bd1c3b8ab108b2a048b1b9512941f39ca17f10967771014,5523ff42a38dae755bd1c3b8ab108b2a048b1b9512941f39ca17f10967771014,009e837148ce30ea2aa674d12341c1f56d24ea81dabe09b1a072bcbd4e53ae19,1041,32,32,RGB,JPEG
cifake_v3_train_real_0127,train,real,0,CIFAKE,3,train,real,data/interim/cifake_source_v3/train/REAL/1260 (6).jpg,train/REAL/1260 (6).jpg,data/raw/prototype/real/cifake_v3_train_real_0127.jpg,6d7476b4254c27e7e0d90ce75ece03588709da1c230624245117068d45176ba7,6d7476b4254c27e7e0d90ce75ece03588709da1c230624245117068d45176ba7,009e9535da9d31ed6ebea2cd3bdb40ef82fd5b7a8b03950ea726ddb406b4179b,928,32,32,RGB,JPEG
cifake_v3_train_real_0128,train,real,0,CIFAKE,3,train,real,data/interim/cifake_source_v3/train/REAL/3635 (2).jpg,train/REAL/3635 (2).jpg,data/raw/prototype/real/cifake_v3_train_real_0128.jpg,53a0462c2667c600acc13c959522e9fccbe6da7d6774ff7af6521f379e1b4a68,53a0462c2667c600acc13c959522e9fccbe6da7d6774ff7af6521f379e1b4a68,00a3dee9d6fcb812c18aeac8aa4a066954c7d9f88db2594a73aa5a714c2aed93,990,32,32,RGB,JPEG
cifake_v3_train_real_0129,train,real,0,CIFAKE,3,train,real,data/interim/cifake_source_v3/train/REAL/3997 (4).jpg,train/REAL/3997 (4).jpg,data/raw/prototype/real/cifake_v3_train_real_0129.jpg,7a6b6eac59b22f33db44ea69f73c251d9719849d24ef8268197b0bf0d70e6024,7a6b6eac59b22f33db44ea69f73c251d9719849d24ef8268197b0bf0d70e6024,00a73b61cdfdba1c5cc54398a81314ed4dae345ad4e0c49f1e8f1c386871a832,836,32,32,RGB,JPEG
cifake_v3_train_real_0130,train,real,0,CIFAKE,3,train,real,data/interim/cifake_source_v3/train/REAL/1504 (5).jpg,train/REAL/1504 (5).jpg,data/raw/prototype/real/cifake_v3_train_real_0130.jpg,f1c7175df990a2961c3196e9e5d8c91e773976bf85700db12e2bb61f24f8daf1,f1c7175df990a2961c3196e9e5d8c91e773976bf85700db12e2bb61f24f8daf1,00aa05e5b606f567b32e387fc8e0510a0f8b918337932fd77d8f0323c0c9a05e,829,32,32,RGB,JPEG
cifake_v3_train_real_0131,train,real,0,CIFAKE,3,train,real,data/interim/cifake_source_v3/train/REAL/0757 (2).jpg,train/REAL/0757 (2).jpg,data/raw/prototype/real/cifake_v3_train_real_0131.jpg,f0207b410fcec0ae32c82683150a256425969875d331ade17f54cf12d78ad153,f0207b410fcec0ae32c82683150a256425969875d331ade17f54cf12d78ad153,00ad35452865b16043480ce0bf7e3342db6b25ff41104ed815a8a3563f9cf2bc,971,32,32,RGB,JPEG
cifake_v3_train_real_0132,train,real,0,CIFAKE,3,train,real,data/interim/cifake_source_v3/train/REAL/4617 (9).jpg,train/REAL/4617 (9).jpg,data/raw/prototype/real/cifake_v3_train_real_0132.jpg,8fc525fbec6dd43b8d31c84d57fb0e86e233518e6f584819aecd13f4a3bd386f,8fc525fbec6dd43b8d31c84d57fb0e86e233518e6f584819aecd13f4a3bd386f,00b15a618c91434841f2d3796c227e63205d7546ca29f50e617fe07d24a947d2,962,32,32,RGB,JPEG
cifake_v3_train_real_0133,train,real,0,CIFAKE,3,train,real,data/interim/cifake_source_v3/train/REAL/1762 (5).jpg,train/REAL/1762 (5).jpg,data/raw/prototype/real/cifake_v3_train_real_0133.jpg,8754d5f2418888f16b1630bf25a2a652703307fbe406f71c98d88fcfc77bd7a0,8754d5f2418888f16b1630bf25a2a652703307fbe406f71c98d88fcfc77bd7a0,00b56dd1192238ed55b63cb095690b6e6637a2b79674382b1be1f801c757fc63,902,32,32,RGB,JPEG
cifake_v3_train_real_0134,train,real,0,CIFAKE,3,train,real,data/interim/cifake_source_v3/train/REAL/3987.jpg,train/REAL/3987.jpg,data/raw/prototype/real/cifake_v3_train_real_0134.jpg,405f58ed78bf43fadc801c734dc284a82dccde3e79fccb7845289767a0d893e0,405f58ed78bf43fadc801c734dc284a82dccde3e79fccb7845289767a0d893e0,00b6b2fc2680d818b67da3bc99b850ab0e24412f2cdc39d08eea179ca0ce4e5b,881,32,32,RGB,JPEG
cifake_v3_train_real_0135,train,real,0,CIFAKE,3,train,real,data/interim/cifake_source_v3/train/REAL/2010 (5).jpg,train/REAL/2010 (5).jpg,data/raw/prototype/real/cifake_v3_train_real_0135.jpg,cc5b0b01f05068e84b53db748a5205b8dc0f60d9e7e90c713bf11bb26edc878f,cc5b0b01f05068e84b53db748a5205b8dc0f60d9e7e90c713bf11bb26edc878f,00b8862002ddd34ab22fe2c4832ed6ae0a0196525ac5eb9f8cd22b0167e7b31a,914,32,32,RGB,JPEG
cifake_v3_train_real_0136,train,real,0,CIFAKE,3,train,real,data/interim/cifake_source_v3/train/REAL/0533 (8).jpg,train/REAL/0533 (8).jpg,data/raw/prototype/real/cifake_v3_train_real_0136.jpg,056675abed37f6432fd19fb96793776eb2fc791d9749503b2d16165fb5fac175,056675abed37f6432fd19fb96793776eb2fc791d9749503b2d16165fb5fac175,00b97c0b35ac46967d4ab37ee32e9580066febf24f36fb404298d9a2f93b4a57,1023,32,32,RGB,JPEG
cifake_v3_train_real_0137,train,real,0,CIFAKE,3,train,real,data/interim/cifake_source_v3/train/REAL/4411 (6).jpg,train/REAL/4411 (6).jpg,data/raw/prototype/real/cifake_v3_train_real_0137.jpg,b41c5f0447ca507b6f8c0761933e656c9c1aa904c3c90ea4da86fe1dc9cfbc6d,b41c5f0447ca507b6f8c0761933e656c9c1aa904c3c90ea4da86fe1dc9cfbc6d,00ba6246bdd728ad9a93d3bf01fe30e2c571525d1871896d958858d957f8a0cb,873,32,32,RGB,JPEG
cifake_v3_train_real_0138,train,real,0,CIFAKE,3,train,real,data/interim/cifake_source_v3/train/REAL/2403 (2).jpg,train/REAL/2403 (2).jpg,data/raw/prototype/real/cifake_v3_train_real_0138.jpg,3ac198918f119ceadfb98e1ed544f29efb72a74efa5a33c053439e6089ab360a,3ac198918f119ceadfb98e1ed544f29efb72a74efa5a33c053439e6089ab360a,00babb4304995f8791ca80abc909b9f2ae849edaa9fadd4db200c71e1c1211a2,885,32,32,RGB,JPEG
cifake_v3_train_real_0139,train,real,0,CIFAKE,3,train,real,data/interim/cifake_source_v3/train/REAL/1744 (7).jpg,train/REAL/1744 (7).jpg,data/raw/prototype/real/cifake_v3_train_real_0139.jpg,2e76efe2ee6a378b325a5b41b1d67d814d7a6744ff05eb2083ef5ee87a3c8bd9,2e76efe2ee6a378b325a5b41b1d67d814d7a6744ff05eb2083ef5ee87a3c8bd9,00bbc9eb5b66075cccb4eca30bee0127e1f21a60fc69da214400e2508492afcf,942,32,32,RGB,JPEG
cifake_v3_train_real_0140,train,real,0,CIFAKE,3,train,real,data/interim/cifake_source_v3/train/REAL/1248 (5).jpg,train/REAL/1248 (5).jpg,data/raw/prototype/real/cifake_v3_train_real_0140.jpg,aa09b705f217105e8462624ebd8788cca4740a42448946cbbbdc2836a54153a7,aa09b705f217105e8462624ebd8788cca4740a42448946cbbbdc2836a54153a7,00bdab2c3f9e916782a24f45f41fe6a5d4b18ffd7585adec922f4df9d55e3bbe,866,32,32,RGB,JPEG
cifake_v3_train_real_0141,train,real,0,CIFAKE,3,train,real,data/interim/cifake_source_v3/train/REAL/0440 (7).jpg,train/REAL/0440 (7).jpg,data/raw/prototype/real/cifake_v3_train_real_0141.jpg,63636adf451584c22dd5b92430181f4531885f3297c6dd53af3af5ffd98300cd,63636adf451584c22dd5b92430181f4531885f3297c6dd53af3af5ffd98300cd,00bea36bbffbdc41db3bb18647c3c55181f94b8cb6d6b8ccd30e4f4ad4a93544,945,32,32,RGB,JPEG
cifake_v3_train_real_0142,train,real,0,CIFAKE,3,train,real,data/interim/cifake_source_v3/train/REAL/4144 (3).jpg,train/REAL/4144 (3).jpg,data/raw/prototype/real/cifake_v3_train_real_0142.jpg,3dd056eec1100659818767ca321495aed2f102e91878716a798b249bafc15722,3dd056eec1100659818767ca321495aed2f102e91878716a798b249bafc15722,00bf159be2c6ae4f57f04cf16c2ba0f04ce46287a91f0f448753e89d67c77bfb,979,32,32,RGB,JPEG
cifake_v3_train_real_0143,train,real,0,CIFAKE,3,train,real,data/interim/cifake_source_v3/train/REAL/1537 (9).jpg,train/REAL/1537 (9).jpg,data/raw/prototype/real/cifake_v3_train_real_0143.jpg,a773df5e06cb54d62cc50015f4f4f41f268d053fcf87296851f26cfe02b4a7dc,a773df5e06cb54d62cc50015f4f4f41f268d053fcf87296851f26cfe02b4a7dc,00c5fd2f846097e251c60c630feb0db860eb60e79778d94aad0edf2069830ac1,936,32,32,RGB,JPEG
cifake_v3_train_real_0144,train,real,0,CIFAKE,3,train,real,data/interim/cifake_source_v3/train/REAL/3050 (7).jpg,train/REAL/3050 (7).jpg,data/raw/prototype/real/cifake_v3_train_real_0144.jpg,e44feee6a760bee9082773b40cc4d12ec84fad9ecbb28f7d584a88f1a865bc1a,e44feee6a760bee9082773b40cc4d12ec84fad9ecbb28f7d584a88f1a865bc1a,00c76465301677d8ef41ff685a7d6e9ebc473683105b0716199da48e933af25c,883,32,32,RGB,JPEG
cifake_v3_train_real_0145,train,real,0,CIFAKE,3,train,real,data/interim/cifake_source_v3/train/REAL/1116 (9).jpg,train/REAL/1116 (9).jpg,data/raw/prototype/real/cifake_v3_train_real_0145.jpg,51f8bafefe7ae7ef21beb5a84014b48a7cd52eb8f539ad24693ed65df280f192,51f8bafefe7ae7ef21beb5a84014b48a7cd52eb8f539ad24693ed65df280f192,00c984bdc0accdd46e236475c132086a98f623cdc4de7677eaafca883e8ff159,882,32,32,RGB,JPEG
cifake_v3_train_real_0146,train,real,0,CIFAKE,3,train,real,data/interim/cifake_source_v3/train/REAL/4966 (7).jpg,train/REAL/4966 (7).jpg,data/raw/prototype/real/cifake_v3_train_real_0146.jpg,c731177076eefc13c5a0a33437a6183c94ae8ded92e660e8905f4cda0a8ccb6c,c731177076eefc13c5a0a33437a6183c94ae8ded92e660e8905f4cda0a8ccb6c,00cb74a4b0fc3c2e8535024c8b21f7ada581757b80a80a28415fcaa83814b269,1055,32,32,RGB,JPEG
cifake_v3_train_real_0147,train,real,0,CIFAKE,3,train,real,data/interim/cifake_source_v3/train/REAL/1543 (3).jpg,train/REAL/1543 (3).jpg,data/raw/prototype/real/cifake_v3_train_real_0147.jpg,2ded876157537d0d7b287b322f1a909c9aa6e4dcd9ecf5d28aefbac62481a9a1,2ded876157537d0d7b287b322f1a909c9aa6e4dcd9ecf5d28aefbac62481a9a1,00cccea1a74c20f52e73dc830d3ce74d1acbb53ca58e7521b2b5e66e5622fe73,963,32,32,RGB,JPEG
cifake_v3_train_real_0148,train,real,0,CIFAKE,3,train,real,data/interim/cifake_source_v3/train/REAL/3897 (3).jpg,train/REAL/3897 (3).jpg,data/raw/prototype/real/cifake_v3_train_real_0148.jpg,bdb32d3d820e2e647e82517e2c44e268612309b79db9b88875d3f6de0312c197,bdb32d3d820e2e647e82517e2c44e268612309b79db9b88875d3f6de0312c197,00d007e61c6508daa22f1254cc06f1000b96ab5c07713e0fac374348bde7e436,913,32,32,RGB,JPEG
cifake_v3_train_real_0149,train,real,0,CIFAKE,3,train,real,data/interim/cifake_source_v3/train/REAL/4775 (6).jpg,train/REAL/4775 (6).jpg,data/raw/prototype/real/cifake_v3_train_real_0149.jpg,3b4bc142f7e110a5df354f6a2727d0887e71ab1a436497822db3c51bcb1496da,3b4bc142f7e110a5df354f6a2727d0887e71ab1a436497822db3c51bcb1496da,00d155b5ae7dd39ef25f69bba5ffa2bdd7f436e62efb44d643d04abdde5fab0c,1000,32,32,RGB,JPEG
cifake_v3_train_real_0150,train,real,0,CIFAKE,3,train,real,data/interim/cifake_source_v3/train/REAL/2519.jpg,train/REAL/2519.jpg,data/raw/prototype/real/cifake_v3_train_real_0150.jpg,d4997e58f58aa9e7d10d0d03c86e74186762e30e632cbf7e0a64aa584a70f8b3,d4997e58f58aa9e7d10d0d03c86e74186762e30e632cbf7e0a64aa584a70f8b3,00d2122bcc2aa9be59ea8535b3c533d815a669ca9b5ddb73125865b56da14af7,855,32,32,RGB,JPEG
cifake_v3_train_real_0151,train,real,0,CIFAKE,3,train,real,data/interim/cifake_source_v3/train/REAL/0216 (6).jpg,train/REAL/0216 (6).jpg,data/raw/prototype/real/cifake_v3_train_real_0151.jpg,97443e87473ebe940f5d6e643e95401c4337cd461953ad09e444fbe334caa080,97443e87473ebe940f5d6e643e95401c4337cd461953ad09e444fbe334caa080,00d2e4762536fe0540e6fe9fc8c4700762a513cc32499b892f70c8e81a7847b7,892,32,32,RGB,JPEG
cifake_v3_train_real_0152,train,real,0,CIFAKE,3,train,real,data/interim/cifake_source_v3/train/REAL/2543 (2).jpg,train/REAL/2543 (2).jpg,data/raw/prototype/real/cifake_v3_train_real_0152.jpg,9241741459ace2178e7f07ad5cd724ca029fcbbf82af5cc957b05f3ee9700da2,9241741459ace2178e7f07ad5cd724ca029fcbbf82af5cc957b05f3ee9700da2,00d363cfc09b047761f6ccd648bc62067eff885dd6841c080b3a7db7e3b6d0dd,896,32,32,RGB,JPEG
cifake_v3_train_real_0153,train,real,0,CIFAKE,3,train,real,data/interim/cifake_source_v3/train/REAL/0967 (5).jpg,train/REAL/0967 (5).jpg,data/raw/prototype/real/cifake_v3_train_real_0153.jpg,f62fc69118ec7b7c3f05a37b450bde6294cef9ac93c9407b748d497e01ae3011,f62fc69118ec7b7c3f05a37b450bde6294cef9ac93c9407b748d497e01ae3011,00d47f6a64dc2791c07078a87ff45f5c0d93bc6b6184407e7dcae7a10cd9f04a,987,32,32,RGB,JPEG
cifake_v3_train_real_0154,train,real,0,CIFAKE,3,train,real,data/interim/cifake_source_v3/train/REAL/2145 (3).jpg,train/REAL/2145 (3).jpg,data/raw/prototype/real/cifake_v3_train_real_0154.jpg,9bf470e37b62a1f7740192a9273af55497af48800ab870f268123670e2da9c62,9bf470e37b62a1f7740192a9273af55497af48800ab870f268123670e2da9c62,00d4fbd7ce09515c23e57371aa78acf0210e0f1688cdcefe54eb896436a55971,843,32,32,RGB,JPEG
cifake_v3_train_real_0155,train,real,0,CIFAKE,3,train,real,data/interim/cifake_source_v3/train/REAL/2310 (7).jpg,train/REAL/2310 (7).jpg,data/raw/prototype/real/cifake_v3_train_real_0155.jpg,260998d3c5147ed1f190116631469d9487e8e8ab6444464c4348c9db34c84831,260998d3c5147ed1f190116631469d9487e8e8ab6444464c4348c9db34c84831,00d5387a895bcd92a5784152a539cae313be0ffb3060ebbac2cd110a61384061,984,32,32,RGB,JPEG
cifake_v3_train_real_0156,train,real,0,CIFAKE,3,train,real,data/interim/cifake_source_v3/train/REAL/2266.jpg,train/REAL/2266.jpg,data/raw/prototype/real/cifake_v3_train_real_0156.jpg,c7c2735754537849aa9947014545fedd416a99fa579d8d04a21957b74c08edf6,c7c2735754537849aa9947014545fedd416a99fa579d8d04a21957b74c08edf6,00d691464e247aca4084e6920e0144970457312bd2a5e8742d7ffec226e4f04d,837,32,32,RGB,JPEG
cifake_v3_train_real_0157,train,real,0,CIFAKE,3,train,real,data/interim/cifake_source_v3/train/REAL/4987 (10).jpg,train/REAL/4987 (10).jpg,data/raw/prototype/real/cifake_v3_train_real_0157.jpg,162f590015092363d54f48cdfa5f3a9be3200d43a588b12d2195be413fdd7e99,162f590015092363d54f48cdfa5f3a9be3200d43a588b12d2195be413fdd7e99,00d9abc5821605b30dc125296e88d9a50a557746847e49f99df06898db0f530c,983,32,32,RGB,JPEG
cifake_v3_train_real_0158,train,real,0,CIFAKE,3,train,real,data/interim/cifake_source_v3/train/REAL/2416 (8).jpg,train/REAL/2416 (8).jpg,data/raw/prototype/real/cifake_v3_train_real_0158.jpg,ed19d33f4aae44827f00613b3c32b5206a65e0c49c9b2c029d24f427f8b33c84,ed19d33f4aae44827f00613b3c32b5206a65e0c49c9b2c029d24f427f8b33c84,00d9baf3d45fcc180626253d41f5a6adf9c8b7177584490139da50709b631307,927,32,32,RGB,JPEG
cifake_v3_train_real_0159,train,real,0,CIFAKE,3,train,real,data/interim/cifake_source_v3/train/REAL/3063 (2).jpg,train/REAL/3063 (2).jpg,data/raw/prototype/real/cifake_v3_train_real_0159.jpg,039fd09c486c08b55c791c15312fea31c43ae817ad1826648d1b2276839c65fe,039fd09c486c08b55c791c15312fea31c43ae817ad1826648d1b2276839c65fe,00dc3ae069c4e4d94a4da07b6c69ff05d4ee394f75e2d1623b2abb9b985f3070,1057,32,32,RGB,JPEG
cifake_v3_train_real_0160,train,real,0,CIFAKE,3,train,real,data/interim/cifake_source_v3/train/REAL/0105 (3).jpg,train/REAL/0105 (3).jpg,data/raw/prototype/real/cifake_v3_train_real_0160.jpg,8e50937f127500b087d29df88fce7ab2f42845e63c68143aa419e91a3973444e,8e50937f127500b087d29df88fce7ab2f42845e63c68143aa419e91a3973444e,00dc42129f42f6427928900ec5f240f9dff90954859b0116c27836c53f3837e1,809,32,32,RGB,JPEG
cifake_v3_train_real_0161,train,real,0,CIFAKE,3,train,real,data/interim/cifake_source_v3/train/REAL/2477 (7).jpg,train/REAL/2477 (7).jpg,data/raw/prototype/real/cifake_v3_train_real_0161.jpg,d2e9fd3a833e7f80f4b8eba1a10a424173af73a4601050eac83af1ba617c82de,d2e9fd3a833e7f80f4b8eba1a10a424173af73a4601050eac83af1ba617c82de,00de69c3fa0925e4731efaa276555f280ca12775e8e8e29ecde941b32424415c,958,32,32,RGB,JPEG
cifake_v3_train_real_0162,train,real,0,CIFAKE,3,train,real,data/interim/cifake_source_v3/train/REAL/4931 (3).jpg,train/REAL/4931 (3).jpg,data/raw/prototype/real/cifake_v3_train_real_0162.jpg,6b246591cb60c21696f23272f672dd5d036a71e390571e0574d4d2fe310e64f4,6b246591cb60c21696f23272f672dd5d036a71e390571e0574d4d2fe310e64f4,00df13b9139ddd93697f8a3bbc2a59ff11e17fb1cdc4a00421df8adab318ee53,881,32,32,RGB,JPEG
cifake_v3_train_real_0163,train,real,0,CIFAKE,3,train,real,data/interim/cifake_source_v3/train/REAL/1495 (2).jpg,train/REAL/1495 (2).jpg,data/raw/prototype/real/cifake_v3_train_real_0163.jpg,f7d96020c6606c5e0a9bd8f7579a66868689720a03bf1b41161a2943b1face2a,f7d96020c6606c5e0a9bd8f7579a66868689720a03bf1b41161a2943b1face2a,00e037910c483958eabf0ca9a68397ec62dbc560209b68dccd062a3a5f639944,976,32,32,RGB,JPEG
cifake_v3_train_real_0164,train,real,0,CIFAKE,3,train,real,data/interim/cifake_source_v3/train/REAL/4071 (7).jpg,train/REAL/4071 (7).jpg,data/raw/prototype/real/cifake_v3_train_real_0164.jpg,23d01ccd29bee91f10928bb43b5dbcc3505c013342fcfd2d3e2d3a579fd1e156,23d01ccd29bee91f10928bb43b5dbcc3505c013342fcfd2d3e2d3a579fd1e156,00e2184bca85f115e7fdd3263cffedce13ab3a657641173be2c52281a3f7aa31,949,32,32,RGB,JPEG
cifake_v3_train_real_0165,train,real,0,CIFAKE,3,train,real,data/interim/cifake_source_v3/train/REAL/1022 (9).jpg,train/REAL/1022 (9).jpg,data/raw/prototype/real/cifake_v3_train_real_0165.jpg,183ec6d1c4ee7065c1f4889f7e78a45e3c18fd2ae63d2d47185bfdf13922b458,183ec6d1c4ee7065c1f4889f7e78a45e3c18fd2ae63d2d47185bfdf13922b458,00e303508202e2f3e27b2fe27364e6f466f47f76721768388f72bb1a85bdcc45,840,32,32,RGB,JPEG
cifake_v3_train_real_0166,train,real,0,CIFAKE,3,train,real,data/interim/cifake_source_v3/train/REAL/0979.jpg,train/REAL/0979.jpg,data/raw/prototype/real/cifake_v3_train_real_0166.jpg,107e0a30c8b3c055ec64bd6c08673b49daa7e0777ed54e30982aa9bfec8facd3,107e0a30c8b3c055ec64bd6c08673b49daa7e0777ed54e30982aa9bfec8facd3,00e383ab4480c5b8689e051b0785d9701080116b001e4879df46143c0e4d38c6,893,32,32,RGB,JPEG
cifake_v3_train_real_0167,train,real,0,CIFAKE,3,train,real,data/interim/cifake_source_v3/train/REAL/2557 (8).jpg,train/REAL/2557 (8).jpg,data/raw/prototype/real/cifake_v3_train_real_0167.jpg,d4267b5df404a17fe9c3cb8d37aa76b1fe9bc7ba96bd6361c8163031fd2b5aae,d4267b5df404a17fe9c3cb8d37aa76b1fe9bc7ba96bd6361c8163031fd2b5aae,00e3e5a8cb47bd386f64e97c934eaa78950e03370fedd5ab6ecacdd2de2d0480,939,32,32,RGB,JPEG
cifake_v3_train_real_0168,train,real,0,CIFAKE,3,train,real,data/interim/cifake_source_v3/train/REAL/4748 (7).jpg,train/REAL/4748 (7).jpg,data/raw/prototype/real/cifake_v3_train_real_0168.jpg,ded31dc7fe1890131aa01363e900f6adf475de1eecbc2636912b1bb98ecdd98b,ded31dc7fe1890131aa01363e900f6adf475de1eecbc2636912b1bb98ecdd98b,00e3e66485a11b21e823b3215b9fe138679c163d7bba2bc7abec9fe4db5b190d,975,32,32,RGB,JPEG
cifake_v3_train_real_0169,train,real,0,CIFAKE,3,train,real,data/interim/cifake_source_v3/train/REAL/0062 (7).jpg,train/REAL/0062 (7).jpg,data/raw/prototype/real/cifake_v3_train_real_0169.jpg,0d8460ea976acaca72d8615b561b41f2e80efe8a22d30d92ed355808883ce14a,0d8460ea976acaca72d8615b561b41f2e80efe8a22d30d92ed355808883ce14a,00e4f176a319e4d4a2773f4c0cb7550027f2aa6289a5eef5d4dfb9f04648367c,1029,32,32,RGB,JPEG
cifake_v3_train_real_0170,train,real,0,CIFAKE,3,train,real,data/interim/cifake_source_v3/train/REAL/2695 (7).jpg,train/REAL/2695 (7).jpg,data/raw/prototype/real/cifake_v3_train_real_0170.jpg,ad561675e7338fc45f67197a91e6d3b62c6fd2f372a6f7f9d1a9fd9501852cf4,ad561675e7338fc45f67197a91e6d3b62c6fd2f372a6f7f9d1a9fd9501852cf4,00e75679229ee8b70a27c4b92330ef9e63eaa9b2987a5afcb8e9e25bd795f3d9,925,32,32,RGB,JPEG
cifake_v3_train_real_0171,train,real,0,CIFAKE,3,train,real,data/interim/cifake_source_v3/train/REAL/2335 (3).jpg,train/REAL/2335 (3).jpg,data/raw/prototype/real/cifake_v3_train_real_0171.jpg,b74ef4a496124408117af9becdbb5f9d2249a20b0989b42e97c7f556d2a3e1f4,b74ef4a496124408117af9becdbb5f9d2249a20b0989b42e97c7f556d2a3e1f4,00e766e5b6ee17a9dd4069433972c6e96d47f9ff29768d46483af812a8303192,887,32,32,RGB,JPEG
cifake_v3_train_real_0172,train,real,0,CIFAKE,3,train,real,data/interim/cifake_source_v3/train/REAL/2548 (8).jpg,train/REAL/2548 (8).jpg,data/raw/prototype/real/cifake_v3_train_real_0172.jpg,a1aaf0b45fd1163978cedb0191d424443c7491aa5dbdfed355b460fc71f72d22,a1aaf0b45fd1163978cedb0191d424443c7491aa5dbdfed355b460fc71f72d22,00e78bfcc6142d01228cd4a9c8799b59f23a84654ccb3c672eb022f1b8df62cd,935,32,32,RGB,JPEG
cifake_v3_train_real_0173,train,real,0,CIFAKE,3,train,real,data/interim/cifake_source_v3/train/REAL/3308.jpg,train/REAL/3308.jpg,data/raw/prototype/real/cifake_v3_train_real_0173.jpg,1e62d635e6a1bd5d59bede74c01096f8a3e50920335bc7b75dee22ebf4b8cc2e,1e62d635e6a1bd5d59bede74c01096f8a3e50920335bc7b75dee22ebf4b8cc2e,00e8402c4118c49080dccca4ed9ac7b7f1e87037db82fd065d610db2bf0929a4,921,32,32,RGB,JPEG
cifake_v3_train_real_0174,train,real,0,CIFAKE,3,train,real,data/interim/cifake_source_v3/train/REAL/4596 (5).jpg,train/REAL/4596 (5).jpg,data/raw/prototype/real/cifake_v3_train_real_0174.jpg,ee4285fb80c8e036cd00e3eae1e7b9dbb7f4431c967f9da12e9dd832e3bb1258,ee4285fb80c8e036cd00e3eae1e7b9dbb7f4431c967f9da12e9dd832e3bb1258,00e8471f3212a36d177b376bc34f49008f6a54cca9ad6d2e6f75d3e36a678035,899,32,32,RGB,JPEG
cifake_v3_train_real_0175,train,real,0,CIFAKE,3,train,real,data/interim/cifake_source_v3/train/REAL/1418 (4).jpg,train/REAL/1418 (4).jpg,data/raw/prototype/real/cifake_v3_train_real_0175.jpg,2d9afed2ed23af16b7f6d01aaf877f18562dee002735f823ba7429fb58c99b3c,2d9afed2ed23af16b7f6d01aaf877f18562dee002735f823ba7429fb58c99b3c,00e86464091093cefbc4573c11125803f7e125e2324a22ca169f3e7a1a2e4a4a,966,32,32,RGB,JPEG
cifake_v3_train_real_0176,train,real,0,CIFAKE,3,train,real,data/interim/cifake_source_v3/train/REAL/2667 (2).jpg,train/REAL/2667 (2).jpg,data/raw/prototype/real/cifake_v3_train_real_0176.jpg,a57cd78ae2df2f6e4e019b0ad3678946a646c03841840f91ab07545c94f9dd54,a57cd78ae2df2f6e4e019b0ad3678946a646c03841840f91ab07545c94f9dd54,00ec484650cd08417c1071efeebc9bd5012d25cb43b2bebdb39a0ade96d57182,999,32,32,RGB,JPEG
cifake_v3_train_real_0177,train,real,0,CIFAKE,3,train,real,data/interim/cifake_source_v3/train/REAL/3177 (7).jpg,train/REAL/3177 (7).jpg,data/raw/prototype/real/cifake_v3_train_real_0177.jpg,64750f63c23bb1046396def65ff6428cb80319d06e762f12ba2c884f0526365c,64750f63c23bb1046396def65ff6428cb80319d06e762f12ba2c884f0526365c,00ed9907ad0b90205079ede7aedd809374e4f9e45b4fe15af473b4e2d57ae169,953,32,32,RGB,JPEG
cifake_v3_train_real_0178,train,real,0,CIFAKE,3,train,real,data/interim/cifake_source_v3/train/REAL/3101 (4).jpg,train/REAL/3101 (4).jpg,data/raw/prototype/real/cifake_v3_train_real_0178.jpg,98cfcb0247bdcf355e80cc67a3cd18badd5cd1e616e0ed2a9cab382a74636c32,98cfcb0247bdcf355e80cc67a3cd18badd5cd1e616e0ed2a9cab382a74636c32,00ef534854073883413614ce3ba115529a2985349a500c522c17f6f01b2deabc,917,32,32,RGB,JPEG
cifake_v3_train_real_0179,train,real,0,CIFAKE,3,train,real,data/interim/cifake_source_v3/train/REAL/4890 (5).jpg,train/REAL/4890 (5).jpg,data/raw/prototype/real/cifake_v3_train_real_0179.jpg,a41b0d848fdb67f3ba092aa0969e141b3335dbef27f871b1fe47f4af781610e7,a41b0d848fdb67f3ba092aa0969e141b3335dbef27f871b1fe47f4af781610e7,00ef806e2e7d89850003c0e3b5a966ecf3b057aa6359ce8bfb7bc940fdfb9f11,845,32,32,RGB,JPEG
cifake_v3_train_real_0180,train,real,0,CIFAKE,3,train,real,data/interim/cifake_source_v3/train/REAL/2108 (7).jpg,train/REAL/2108 (7).jpg,data/raw/prototype/real/cifake_v3_train_real_0180.jpg,99cabde64b1ec634da82785f4ab2d931e957d82a5e7ae96f11c774a99b0a74d4,99cabde64b1ec634da82785f4ab2d931e957d82a5e7ae96f11c774a99b0a74d4,00f47da30929059b3227134c13048a2ea62e82bb4044b3bdb5f4bfc26e522163,912,32,32,RGB,JPEG
cifake_v3_train_real_0181,train,real,0,CIFAKE,3,train,real,data/interim/cifake_source_v3/train/REAL/0847 (3).jpg,train/REAL/0847 (3).jpg,data/raw/prototype/real/cifake_v3_train_real_0181.jpg,542a2157321caa4fd2a959237be011bcf18394edeffe1d6b3304162e75fe9fee,542a2157321caa4fd2a959237be011bcf18394edeffe1d6b3304162e75fe9fee,00f495ceb72c6b10a870a78c73f05a50bd53b9ecb182401806b781309ef2b302,881,32,32,RGB,JPEG
cifake_v3_train_real_0182,train,real,0,CIFAKE,3,train,real,data/interim/cifake_source_v3/train/REAL/3123 (2).jpg,train/REAL/3123 (2).jpg,data/raw/prototype/real/cifake_v3_train_real_0182.jpg,e67dc54dd01f25f866095c06bc4104e14047e45d20b78b418f4d8ea350d2d345,e67dc54dd01f25f866095c06bc4104e14047e45d20b78b418f4d8ea350d2d345,00f49aee7adc706468cb00d5cdd23b61b57fa2f1f895b489b121f96c1e43850d,993,32,32,RGB,JPEG
cifake_v3_train_real_0183,train,real,0,CIFAKE,3,train,real,data/interim/cifake_source_v3/train/REAL/3872 (6).jpg,train/REAL/3872 (6).jpg,data/raw/prototype/real/cifake_v3_train_real_0183.jpg,16ed56c3e7b8924195cdbfbe14aad8a245c4323ac6a4e0fdecb06608233292f7,16ed56c3e7b8924195cdbfbe14aad8a245c4323ac6a4e0fdecb06608233292f7,00f50816c3455f7456cd3594dd1f3fcc7f23a8c50836469bc7620251d30a2dce,948,32,32,RGB,JPEG
cifake_v3_train_real_0184,train,real,0,CIFAKE,3,train,real,data/interim/cifake_source_v3/train/REAL/3976 (6).jpg,train/REAL/3976 (6).jpg,data/raw/prototype/real/cifake_v3_train_real_0184.jpg,191e4e1d9aaf0d6692363a46a63b368208043f1ffbb9403b944d1dc07a107337,191e4e1d9aaf0d6692363a46a63b368208043f1ffbb9403b944d1dc07a107337,00f60fdebfa3d9ba075fa16aa8d4f993183bc1e0aeb62a15073dadc92324644c,946,32,32,RGB,JPEG
cifake_v3_train_real_0185,train,real,0,CIFAKE,3,train,real,data/interim/cifake_source_v3/train/REAL/4174 (3).jpg,train/REAL/4174 (3).jpg,data/raw/prototype/real/cifake_v3_train_real_0185.jpg,f188235f1bb4ff1d559dfc178c6dfb951ecb0d7917e38990726dba2dbe30b439,f188235f1bb4ff1d559dfc178c6dfb951ecb0d7917e38990726dba2dbe30b439,00f67558a4c64a864f38d51c757a2a85b6c8d947825053f7172970d7926fbcce,912,32,32,RGB,JPEG
cifake_v3_train_real_0186,train,real,0,CIFAKE,3,train,real,data/interim/cifake_source_v3/train/REAL/2673 (3).jpg,train/REAL/2673 (3).jpg,data/raw/prototype/real/cifake_v3_train_real_0186.jpg,9c2d5b7a52bbadc3a26c23bc5bc411213d69908de4c2e0757412d12f8f29e3c3,9c2d5b7a52bbadc3a26c23bc5bc411213d69908de4c2e0757412d12f8f29e3c3,00f7da44e6f6b564878bc0fc377547917b6d6a6849ce920002ad2e249723c19b,810,32,32,RGB,JPEG
cifake_v3_train_real_0187,train,real,0,CIFAKE,3,train,real,data/interim/cifake_source_v3/train/REAL/4905 (6).jpg,train/REAL/4905 (6).jpg,data/raw/prototype/real/cifake_v3_train_real_0187.jpg,966c72cdfbc9ee291c6c83755b911db05eaef0c4d812342d1b9b6023bea5c7fc,966c72cdfbc9ee291c6c83755b911db05eaef0c4d812342d1b9b6023bea5c7fc,00f86b7abe7e548c121e957b81ffaf32161a03bcfba5eb15f648335f47fea344,868,32,32,RGB,JPEG
cifake_v3_train_real_0188,train,real,0,CIFAKE,3,train,real,data/interim/cifake_source_v3/train/REAL/1529 (8).jpg,train/REAL/1529 (8).jpg,data/raw/prototype/real/cifake_v3_train_real_0188.jpg,2c5c983971c3ab98fdca32e1a98e1d2a3c0b24b97527226f1685572a2989f8bd,2c5c983971c3ab98fdca32e1a98e1d2a3c0b24b97527226f1685572a2989f8bd,00fce84829d4bcf6b5f023ac41e06a35df98125aa8ae54748ed7bde0fb81c14b,933,32,32,RGB,JPEG
cifake_v3_train_real_0189,train,real,0,CIFAKE,3,train,real,data/interim/cifake_source_v3/train/REAL/1224 (9).jpg,train/REAL/1224 (9).jpg,data/raw/prototype/real/cifake_v3_train_real_0189.jpg,aa04bc9c74b217b3d130483d693e94dc2cec1a1dde7bb0b166f173758c0d1fbe,aa04bc9c74b217b3d130483d693e94dc2cec1a1dde7bb0b166f173758c0d1fbe,00fd3eefddf12fdfc0b354301edbabbc8cddb42b0de5f110d718c5ee0e377672,872,32,32,RGB,JPEG
cifake_v3_train_real_0190,train,real,0,CIFAKE,3,train,real,data/interim/cifake_source_v3/train/REAL/1922 (4).jpg,train/REAL/1922 (4).jpg,data/raw/prototype/real/cifake_v3_train_real_0190.jpg,c96490547880024bfc3e14b45979197ef3e9edb6ebcc0e10e90e322a413d1da2,c96490547880024bfc3e14b45979197ef3e9edb6ebcc0e10e90e322a413d1da2,00ffd5998c976ff6384700620ccdf781728f32d0b14252f1e4050f768fc96a15,940,32,32,RGB,JPEG
cifake_v3_train_real_0191,train,real,0,CIFAKE,3,train,real,data/interim/cifake_source_v3/train/REAL/0052 (2).jpg,train/REAL/0052 (2).jpg,data/raw/prototype/real/cifake_v3_train_real_0191.jpg,56a3b5901a0229646d3f3f4bdb51129ede5d92f63c549109aef056949f485501,56a3b5901a0229646d3f3f4bdb51129ede5d92f63c549109aef056949f485501,01013e47aeaa5c4655fa9576295732c75dd5560e6ea585360982c8821f9faadf,976,32,32,RGB,JPEG
cifake_v3_train_real_0192,train,real,0,CIFAKE,3,train,real,data/interim/cifake_source_v3/train/REAL/0088 (4).jpg,train/REAL/0088 (4).jpg,data/raw/prototype/real/cifake_v3_train_real_0192.jpg,a5a753643fab2e59faed130e0aa5b5418770c90c94703c4752eac295226b5ee8,a5a753643fab2e59faed130e0aa5b5418770c90c94703c4752eac295226b5ee8,0101a79f00eba7d4d5fd0d85d34f4da916c5fe82cd53795e93d755f8212d507f,913,32,32,RGB,JPEG
cifake_v3_train_real_0193,train,real,0,CIFAKE,3,train,real,data/interim/cifake_source_v3/train/REAL/2619 (6).jpg,train/REAL/2619 (6).jpg,data/raw/prototype/real/cifake_v3_train_real_0193.jpg,9a45e1a5433db776ae6ace99e8ccdd82e656ccd5715f6b705a738959a9707b58,9a45e1a5433db776ae6ace99e8ccdd82e656ccd5715f6b705a738959a9707b58,0102a70bdc98dbb20f487627ebba7e2dec97c9686160545797fae001d8afff59,971,32,32,RGB,JPEG
cifake_v3_train_real_0194,train,real,0,CIFAKE,3,train,real,data/interim/cifake_source_v3/train/REAL/2206 (7).jpg,train/REAL/2206 (7).jpg,data/raw/prototype/real/cifake_v3_train_real_0194.jpg,03db8853322cda362789be2ad96f323d51b654ad7fd263b69896f8a93f445060,03db8853322cda362789be2ad96f323d51b654ad7fd263b69896f8a93f445060,0104bee0b6cee6a3affcf0d25c58a94de7db553c53886dbf906a5c9285e87061,952,32,32,RGB,JPEG
cifake_v3_train_real_0195,train,real,0,CIFAKE,3,train,real,data/interim/cifake_source_v3/train/REAL/1644 (2).jpg,train/REAL/1644 (2).jpg,data/raw/prototype/real/cifake_v3_train_real_0195.jpg,ace7eaac2789c120385fceecc69f82782c57bda9be4751354897cd6e5073618e,ace7eaac2789c120385fceecc69f82782c57bda9be4751354897cd6e5073618e,01062e176a67aa58c5fd1ff30cf88aad31c7722220f66a398ab9e42698952c50,944,32,32,RGB,JPEG
cifake_v3_train_real_0196,train,real,0,CIFAKE,3,train,real,data/interim/cifake_source_v3/train/REAL/3560 (2).jpg,train/REAL/3560 (2).jpg,data/raw/prototype/real/cifake_v3_train_real_0196.jpg,1d0720f20870364b427bcd7e0a7ae8f6bc7b7d70e5bf259decd108121439351d,1d0720f20870364b427bcd7e0a7ae8f6bc7b7d70e5bf259decd108121439351d,01091d83d78975c8ab94a61d5bd5c4bfde353755d3023696813237cb620bb3f7,966,32,32,RGB,JPEG
cifake_v3_train_real_0197,train,real,0,CIFAKE,3,train,real,data/interim/cifake_source_v3/train/REAL/0161 (8).jpg,train/REAL/0161 (8).jpg,data/raw/prototype/real/cifake_v3_train_real_0197.jpg,9aed9c15aac1be46452d87a8f01c8a326ddf6a129a262ccd60ee7efa85466206,9aed9c15aac1be46452d87a8f01c8a326ddf6a129a262ccd60ee7efa85466206,010958478daa0c7045789a98bfadb97e9c8a21d94aff6d86ccb56434892e76d8,1033,32,32,RGB,JPEG
cifake_v3_train_real_0198,train,real,0,CIFAKE,3,train,real,data/interim/cifake_source_v3/train/REAL/2374 (6).jpg,train/REAL/2374 (6).jpg,data/raw/prototype/real/cifake_v3_train_real_0198.jpg,58689b0e11cf5de186432d85b79d3aa53bc3be7cd0dbfaa9713835ccc8b9fa33,58689b0e11cf5de186432d85b79d3aa53bc3be7cd0dbfaa9713835ccc8b9fa33,0109e257dd7babea465cd5652c57ab6d27f77193249da085d6c4dbb3895dd85e,925,32,32,RGB,JPEG
cifake_v3_train_real_0199,train,real,0,CIFAKE,3,train,real,data/interim/cifake_source_v3/train/REAL/3448.jpg,train/REAL/3448.jpg,data/raw/prototype/real/cifake_v3_train_real_0199.jpg,739301c3a09af4ec70a6929c927038484974ffb5cfd21cdb2f60e8a1fd799f61,739301c3a09af4ec70a6929c927038484974ffb5cfd21cdb2f60e8a1fd799f61,010a159567cb0ec36fc662f2b6e9ac7dfa8606699430af40d7c04c3a2b3642ae,919,32,32,RGB,JPEG
cifake_v3_train_real_0200,train,real,0,CIFAKE,3,train,real,data/interim/cifake_source_v3/train/REAL/1757 (3).jpg,train/REAL/1757 (3).jpg,data/raw/prototype/real/cifake_v3_train_real_0200.jpg,a5094b9dcc49170880414cee501e4e462e29f2ea020e452b0e32d3daf120f5f4,a5094b9dcc49170880414cee501e4e462e29f2ea020e452b0e32d3daf120f5f4,010a48d1287f9bffee1ff76a0192d475c127af17026b535ae45fd718e6696107,933,32,32,RGB,JPEG
cifake_v3_train_real_0201,train,real,0,CIFAKE,3,train,real,data/interim/cifake_source_v3/train/REAL/4171 (6).jpg,train/REAL/4171 (6).jpg,data/raw/prototype/real/cifake_v3_train_real_0201.jpg,f56d5a5d09a8e34ae1efcb75e694bf382e792dfa48d1e734535fc2f96fa7fc3c,f56d5a5d09a8e34ae1efcb75e694bf382e792dfa48d1e734535fc2f96fa7fc3c,010c53265fd84d0d1fb9150065e0810d42cc9d0ccb05e4c6ce3b8079d212fef6,970,32,32,RGB,JPEG
cifake_v3_train_real_0202,train,real,0,CIFAKE,3,train,real,data/interim/cifake_source_v3/train/REAL/2577 (4).jpg,train/REAL/2577 (4).jpg,data/raw/prototype/real/cifake_v3_train_real_0202.jpg,f88c738d064dbe09be88d8601698906161d97f4e79770378849723e82e37fc12,f88c738d064dbe09be88d8601698906161d97f4e79770378849723e82e37fc12,010d21c2cd3fb90ae0eebc53ac1e2722498ee1a83e26df9e570f71cb4ae53483,887,32,32,RGB,JPEG
cifake_v3_train_real_0203,train,real,0,CIFAKE,3,train,real,data/interim/cifake_source_v3/train/REAL/4521 (7).jpg,train/REAL/4521 (7).jpg,data/raw/prototype/real/cifake_v3_train_real_0203.jpg,f0ab0887845ab7bf4a5948e1f49b5136a61b36a79b84c2fdfbb919e114a362f5,f0ab0887845ab7bf4a5948e1f49b5136a61b36a79b84c2fdfbb919e114a362f5,011181a6499892878c25072bfae96a035f44b9d6c88e0d29053df8f7c95eeff3,893,32,32,RGB,JPEG
cifake_v3_train_real_0204,train,real,0,CIFAKE,3,train,real,data/interim/cifake_source_v3/train/REAL/0352 (9).jpg,train/REAL/0352 (9).jpg,data/raw/prototype/real/cifake_v3_train_real_0204.jpg,fbe394fb3235d692f72e2e07816ed21c1882bd6a35596b67e711b397d98ac1ae,fbe394fb3235d692f72e2e07816ed21c1882bd6a35596b67e711b397d98ac1ae,0111f93ee270c145a739b401e94f87a7d386f3f9f708da840eccdf81eae96fc6,929,32,32,RGB,JPEG
cifake_v3_train_real_0205,train,real,0,CIFAKE,3,train,real,data/interim/cifake_source_v3/train/REAL/0326 (10).jpg,train/REAL/0326 (10).jpg,data/raw/prototype/real/cifake_v3_train_real_0205.jpg,cc8b6bf9bc99c4e26e947691e067cd48b22b365928846931bec3ed3d92516947,cc8b6bf9bc99c4e26e947691e067cd48b22b365928846931bec3ed3d92516947,01126577b7df87f3272bff31e44923d2c97c046d8026403b0da19254dce6b304,1000,32,32,RGB,JPEG
cifake_v3_train_real_0206,train,real,0,CIFAKE,3,train,real,data/interim/cifake_source_v3/train/REAL/4984 (3).jpg,train/REAL/4984 (3).jpg,data/raw/prototype/real/cifake_v3_train_real_0206.jpg,8a7bdb3847e96a7f606c60e6e1b03839f8ca0acafa5a19d917bcbde8f8e70531,8a7bdb3847e96a7f606c60e6e1b03839f8ca0acafa5a19d917bcbde8f8e70531,01140433df51c15e39c70ae88c8c7df648e150a327ccf62d3c3d06fc4d09d963,868,32,32,RGB,JPEG
cifake_v3_train_real_0207,train,real,0,CIFAKE,3,train,real,data/interim/cifake_source_v3/train/REAL/1182 (8).jpg,train/REAL/1182 (8).jpg,data/raw/prototype/real/cifake_v3_train_real_0207.jpg,be93822af188cbe594ad5385fbe03b0db43310054c428e0949274d878a433428,be93822af188cbe594ad5385fbe03b0db43310054c428e0949274d878a433428,0114e0dc75ad8a5e1a6b9ef7d2dc6fc0e819cdbd6983796b6feea8c4a96e4905,931,32,32,RGB,JPEG
cifake_v3_train_real_0208,train,real,0,CIFAKE,3,train,real,data/interim/cifake_source_v3/train/REAL/3308 (2).jpg,train/REAL/3308 (2).jpg,data/raw/prototype/real/cifake_v3_train_real_0208.jpg,865ae42ab2d08fa6034dc013dbc6107c04e1167416df5aa926dffdf0222faef5,865ae42ab2d08fa6034dc013dbc6107c04e1167416df5aa926dffdf0222faef5,0114f7f0c516e7a07d89b3cb2b50de9b178ffdab97002c3e90f4ad52477a877b,907,32,32,RGB,JPEG
cifake_v3_train_real_0209,train,real,0,CIFAKE,3,train,real,data/interim/cifake_source_v3/train/REAL/4896 (2).jpg,train/REAL/4896 (2).jpg,data/raw/prototype/real/cifake_v3_train_real_0209.jpg,ca9ae4a17873b741806f660bb38efe260b3e37dfcb7eeb29739d7a3d7508b6b1,ca9ae4a17873b741806f660bb38efe260b3e37dfcb7eeb29739d7a3d7508b6b1,011630a1252151e086f210f18142264657bd30b5a3b996c1d423c73a694e2df6,942,32,32,RGB,JPEG
cifake_v3_train_real_0210,train,real,0,CIFAKE,3,train,real,data/interim/cifake_source_v3/train/REAL/3944 (7).jpg,train/REAL/3944 (7).jpg,data/raw/prototype/real/cifake_v3_train_real_0210.jpg,30fd9c878145abb2f2aab35c65036ee44476a70f7140bfc2ff7a5a78f8420f3b,30fd9c878145abb2f2aab35c65036ee44476a70f7140bfc2ff7a5a78f8420f3b,0118336849b2a455a26a92fa23699733c5ea8d636bbae452f876ecdf0cfc5e84,935,32,32,RGB,JPEG
cifake_v3_train_real_0211,train,real,0,CIFAKE,3,train,real,data/interim/cifake_source_v3/train/REAL/4317 (7).jpg,train/REAL/4317 (7).jpg,data/raw/prototype/real/cifake_v3_train_real_0211.jpg,9edd916f3f7b003b45477047cec58e67e6a0e9d551fd316464984d375d227cf1,9edd916f3f7b003b45477047cec58e67e6a0e9d551fd316464984d375d227cf1,0118cc01e4f2044201f86eb6151cac5c216f21a6518323b8209d1a31bbedbffc,886,32,32,RGB,JPEG
cifake_v3_train_real_0212,train,real,0,CIFAKE,3,train,real,data/interim/cifake_source_v3/train/REAL/0102 (2).jpg,train/REAL/0102 (2).jpg,data/raw/prototype/real/cifake_v3_train_real_0212.jpg,350a885fe812bd4f274c432e12822c85c10d4ab5fb2f13cb0f7383a45b74ff2c,350a885fe812bd4f274c432e12822c85c10d4ab5fb2f13cb0f7383a45b74ff2c,011a3c31088523d6eb631d8e86a06703da6a86250fab290741afcf77eca88645,986,32,32,RGB,JPEG
cifake_v3_train_real_0213,train,real,0,CIFAKE,3,train,real,data/interim/cifake_source_v3/train/REAL/1184 (2).jpg,train/REAL/1184 (2).jpg,data/raw/prototype/real/cifake_v3_train_real_0213.jpg,788bd19f15132011797eb06fb41b195bc36f9fe1d11e02a21c55ae0281777946,788bd19f15132011797eb06fb41b195bc36f9fe1d11e02a21c55ae0281777946,011a61c94e76ffdb493fa43e1d31689684cb0dcaded9f9c5142df9ba6515e5c9,883,32,32,RGB,JPEG
cifake_v3_train_real_0214,train,real,0,CIFAKE,3,train,real,data/interim/cifake_source_v3/train/REAL/1210 (6).jpg,train/REAL/1210 (6).jpg,data/raw/prototype/real/cifake_v3_train_real_0214.jpg,dceb094e057258cc12f1bbbad528a2c41fb0ba0632fa78917ea201ee0a955ce0,dceb094e057258cc12f1bbbad528a2c41fb0ba0632fa78917ea201ee0a955ce0,011ae27c28b8cd73a8215db51fe58c3212ea80955f30aaae9a0d74d52ebeba1b,931,32,32,RGB,JPEG
cifake_v3_train_real_0215,train,real,0,CIFAKE,3,train,real,data/interim/cifake_source_v3/train/REAL/4491 (5).jpg,train/REAL/4491 (5).jpg,data/raw/prototype/real/cifake_v3_train_real_0215.jpg,ef2b63c41ef929a479812527d721eebb694dcd561958ec3679985fccbdcd5012,ef2b63c41ef929a479812527d721eebb694dcd561958ec3679985fccbdcd5012,011b9428c9e61604837180f7ebe1c20f4c61f0894d38373d867e6598bfb4d845,906,32,32,RGB,JPEG
cifake_v3_train_real_0216,train,real,0,CIFAKE,3,train,real,data/interim/cifake_source_v3/train/REAL/0726 (10).jpg,train/REAL/0726 (10).jpg,data/raw/prototype/real/cifake_v3_train_real_0216.jpg,05823264c9f9a238293b8b577024e08d9bc46b69a35dcdebb70f785bae1c69a1,05823264c9f9a238293b8b577024e08d9bc46b69a35dcdebb70f785bae1c69a1,011be63e6a66c9648bd0efd68d334b64b1a5a5f4b3a2439c4592cb01adcaf8d5,1052,32,32,RGB,JPEG
cifake_v3_train_real_0217,train,real,0,CIFAKE,3,train,real,data/interim/cifake_source_v3/train/REAL/3917 (7).jpg,train/REAL/3917 (7).jpg,data/raw/prototype/real/cifake_v3_train_real_0217.jpg,349049ad7fef463d9bd2f8a19c19d36a5629b055bdc7a7a4653c12f670a2d513,349049ad7fef463d9bd2f8a19c19d36a5629b055bdc7a7a4653c12f670a2d513,011c3e160930d7a95255aff62e4565fcea70a2813865ef8add2a270afe300b67,934,32,32,RGB,JPEG
cifake_v3_train_real_0218,train,real,0,CIFAKE,3,train,real,data/interim/cifake_source_v3/train/REAL/1411 (2).jpg,train/REAL/1411 (2).jpg,data/raw/prototype/real/cifake_v3_train_real_0218.jpg,0e9c23d889e8996c648fcfd63fc6d63591518ca8e6fec9aff03d71d3571d35b0,0e9c23d889e8996c648fcfd63fc6d63591518ca8e6fec9aff03d71d3571d35b0,011c6017f90a3df7c57901186b0f4899986093284d59fbe95f7124a800b103e6,962,32,32,RGB,JPEG
cifake_v3_train_real_0219,train,real,0,CIFAKE,3,train,real,data/interim/cifake_source_v3/train/REAL/0627 (5).jpg,train/REAL/0627 (5).jpg,data/raw/prototype/real/cifake_v3_train_real_0219.jpg,35c5593ef1c84b2c7b0c9aa188c19ea1802d415a8e44f6cec056bcfd28485d4d,35c5593ef1c84b2c7b0c9aa188c19ea1802d415a8e44f6cec056bcfd28485d4d,0121ef67dd26b7ac9735476e5c7c5b0e56ac0237a3f412dfc97895df050a774d,822,32,32,RGB,JPEG
cifake_v3_train_real_0220,train,real,0,CIFAKE,3,train,real,data/interim/cifake_source_v3/train/REAL/3425 (10).jpg,train/REAL/3425 (10).jpg,data/raw/prototype/real/cifake_v3_train_real_0220.jpg,2b38ff0fd3ddee62d7187149ed842e5e0bd9025faadc815ba9e580982db0818f,2b38ff0fd3ddee62d7187149ed842e5e0bd9025faadc815ba9e580982db0818f,012214aae52bbf54736978e654c41291d8a2b38f14b94fed90213906b2c5a665,1002,32,32,RGB,JPEG
cifake_v3_train_real_0221,train,real,0,CIFAKE,3,train,real,data/interim/cifake_source_v3/train/REAL/4029 (2).jpg,train/REAL/4029 (2).jpg,data/raw/prototype/real/cifake_v3_train_real_0221.jpg,d7024146212173820298e97f4b088cbd62ce1d0266d58acacaf60e300ce5da39,d7024146212173820298e97f4b088cbd62ce1d0266d58acacaf60e300ce5da39,01224a7a974711d3beb6eae044c4e2481e732e48c36e31c094aa228a67f8ac6f,919,32,32,RGB,JPEG
cifake_v3_train_real_0222,train,real,0,CIFAKE,3,train,real,data/interim/cifake_source_v3/train/REAL/1420.jpg,train/REAL/1420.jpg,data/raw/prototype/real/cifake_v3_train_real_0222.jpg,0dbd582711ebec8d82192902e97de1ac55ae8790d9291c27c61b6c03542e4f0b,0dbd582711ebec8d82192902e97de1ac55ae8790d9291c27c61b6c03542e4f0b,0122871c30d9cdbf4d096a682a7c29d40f1f52166b4b63a2c28d4bb37529917a,839,32,32,RGB,JPEG
cifake_v3_train_real_0223,train,real,0,CIFAKE,3,train,real,data/interim/cifake_source_v3/train/REAL/0065 (7).jpg,train/REAL/0065 (7).jpg,data/raw/prototype/real/cifake_v3_train_real_0223.jpg,b8beab3949e888ee315ab23df97e3198d91cecca00d91e10dededc5f5ee85f2c,b8beab3949e888ee315ab23df97e3198d91cecca00d91e10dededc5f5ee85f2c,0124e1bfe456ac8e3f6395c7d148e687b8d0d1fec92bc437943bf97319b49bf0,850,32,32,RGB,JPEG
cifake_v3_train_real_0224,train,real,0,CIFAKE,3,train,real,data/interim/cifake_source_v3/train/REAL/0036 (9).jpg,train/REAL/0036 (9).jpg,data/raw/prototype/real/cifake_v3_train_real_0224.jpg,d3fcd21a39061058f5f6a1387ec2a553774ea5fedf5bd80879dee246b3a7dc9a,d3fcd21a39061058f5f6a1387ec2a553774ea5fedf5bd80879dee246b3a7dc9a,0125d03a1450d3aad527121a45832ec057d7efeda80b2df15a10d5dd8887b3ed,884,32,32,RGB,JPEG
cifake_v3_train_real_0225,train,real,0,CIFAKE,3,train,real,data/interim/cifake_source_v3/train/REAL/3679 (6).jpg,train/REAL/3679 (6).jpg,data/raw/prototype/real/cifake_v3_train_real_0225.jpg,e46319afbe25e3387cca4ee1b42bccb91bfac589581b8605e2a84d1830a50483,e46319afbe25e3387cca4ee1b42bccb91bfac589581b8605e2a84d1830a50483,012b0423a66a789b34e0b3902f1681d17311ec8d374d6a10667ef343212f1c45,871,32,32,RGB,JPEG
cifake_v3_train_real_0226,train,real,0,CIFAKE,3,train,real,data/interim/cifake_source_v3/train/REAL/3312 (7).jpg,train/REAL/3312 (7).jpg,data/raw/prototype/real/cifake_v3_train_real_0226.jpg,84559c28806016d089dac148ea5b60bd33acf61f427685c5f31246aab524810f,84559c28806016d089dac148ea5b60bd33acf61f427685c5f31246aab524810f,012c633aa510d0029a13bff3440e60d96441e378a0dd5b8baef349e1205cda57,919,32,32,RGB,JPEG
cifake_v3_train_real_0227,train,real,0,CIFAKE,3,train,real,data/interim/cifake_source_v3/train/REAL/3029 (5).jpg,train/REAL/3029 (5).jpg,data/raw/prototype/real/cifake_v3_train_real_0227.jpg,692cd07b65f3bfae67da85a6eb7f70d959224dba40a6b67d2df5178301abf68a,692cd07b65f3bfae67da85a6eb7f70d959224dba40a6b67d2df5178301abf68a,012d01d6e7a680c948999fc956c546373b8c1e3aae3ea2aa086eee9fc5435c35,916,32,32,RGB,JPEG
cifake_v3_train_real_0228,train,real,0,CIFAKE,3,train,real,data/interim/cifake_source_v3/train/REAL/0884 (4).jpg,train/REAL/0884 (4).jpg,data/raw/prototype/real/cifake_v3_train_real_0228.jpg,443bc52a2b1b5ba22ffa79c8ac4c419ec76ffcb3192ff1b4917ea5345a29c358,443bc52a2b1b5ba22ffa79c8ac4c419ec76ffcb3192ff1b4917ea5345a29c358,012da72e489879d426419f6c9bed951be0ee07824bc5beeb14ba98071e191a29,928,32,32,RGB,JPEG
cifake_v3_train_real_0229,train,real,0,CIFAKE,3,train,real,data/interim/cifake_source_v3/train/REAL/0525 (6).jpg,train/REAL/0525 (6).jpg,data/raw/prototype/real/cifake_v3_train_real_0229.jpg,2521e6baf72e0a573221bfadc88c9c8c49037fc0e3f45a1cac57ceb857739ec7,2521e6baf72e0a573221bfadc88c9c8c49037fc0e3f45a1cac57ceb857739ec7,012e230c2e9f721327a1632f7191eb13984e77676a67dadac4150c0daacb8519,863,32,32,RGB,JPEG
cifake_v3_train_real_0230,train,real,0,CIFAKE,3,train,real,data/interim/cifake_source_v3/train/REAL/1073 (8).jpg,train/REAL/1073 (8).jpg,data/raw/prototype/real/cifake_v3_train_real_0230.jpg,6396c1eaf2b9a22c7522721954a46aa052a9fc233aca1b9db17e91352fa976cf,6396c1eaf2b9a22c7522721954a46aa052a9fc233aca1b9db17e91352fa976cf,0130c17ce3c3d5f71421e7bc6779f7b2bd69cc733ec8d4f762c9a03fe0968976,991,32,32,RGB,JPEG
cifake_v3_train_real_0231,train,real,0,CIFAKE,3,train,real,data/interim/cifake_source_v3/train/REAL/4256 (10).jpg,train/REAL/4256 (10).jpg,data/raw/prototype/real/cifake_v3_train_real_0231.jpg,29ea6949646477ea559ecfec8d5b29e10f859ee34f07dcd9ec3e27e8be143a36,29ea6949646477ea559ecfec8d5b29e10f859ee34f07dcd9ec3e27e8be143a36,013354af7bd5e3740e3983f6f3e4a04360b6ac17ade0842414bfbde719601c7c,918,32,32,RGB,JPEG
cifake_v3_train_real_0232,train,real,0,CIFAKE,3,train,real,data/interim/cifake_source_v3/train/REAL/2075 (3).jpg,train/REAL/2075 (3).jpg,data/raw/prototype/real/cifake_v3_train_real_0232.jpg,4267e32227bdaded96d39af07d81c7170d79ee1d4d8755e4c42609300336d673,4267e32227bdaded96d39af07d81c7170d79ee1d4d8755e4c42609300336d673,013871b742ca72d083513387712d403965b27ba0bc7b8a2bad97691a93fa7b49,896,32,32,RGB,JPEG
cifake_v3_train_real_0233,train,real,0,CIFAKE,3,train,real,data/interim/cifake_source_v3/train/REAL/2449.jpg,train/REAL/2449.jpg,data/raw/prototype/real/cifake_v3_train_real_0233.jpg,ef3e40c0c2446545b5d199385672f1df0e89b68067ada7a78c490cbcd5593501,ef3e40c0c2446545b5d199385672f1df0e89b68067ada7a78c490cbcd5593501,0139b103f3a6ff8d7b20f10c850bbb028f24058fb29bc25cec2798d5120483bd,864,32,32,RGB,JPEG
cifake_v3_train_real_0234,train,real,0,CIFAKE,3,train,real,data/interim/cifake_source_v3/train/REAL/0885.jpg,train/REAL/0885.jpg,data/raw/prototype/real/cifake_v3_train_real_0234.jpg,eaa599226dbe5508da5f8e34b8fcc49b476b0f80d54693040c95405deb11cbd2,eaa599226dbe5508da5f8e34b8fcc49b476b0f80d54693040c95405deb11cbd2,013ab46b802a648ba19a3b77f2de7d84ef45676f315221a1b1325cad3cbb0d2b,922,32,32,RGB,JPEG
cifake_v3_train_real_0235,train,real,0,CIFAKE,3,train,real,data/interim/cifake_source_v3/train/REAL/0527 (6).jpg,train/REAL/0527 (6).jpg,data/raw/prototype/real/cifake_v3_train_real_0235.jpg,e762ed23a39f20d5253bbaf91c4fa9d68e770eb6461ad973a1116b77bc15b888,e762ed23a39f20d5253bbaf91c4fa9d68e770eb6461ad973a1116b77bc15b888,013e354a901f20f84541556ee09124dad2a470cdb65038e2968b22d5294e7e57,953,32,32,RGB,JPEG
cifake_v3_train_real_0236,train,real,0,CIFAKE,3,train,real,data/interim/cifake_source_v3/train/REAL/0243 (5).jpg,train/REAL/0243 (5).jpg,data/raw/prototype/real/cifake_v3_train_real_0236.jpg,e17a7c7d3f495cb9620a3ba12bdec1a6c2ec1e5721f9704978d5b1bb9fbfedc7,e17a7c7d3f495cb9620a3ba12bdec1a6c2ec1e5721f9704978d5b1bb9fbfedc7,01410e0786ef3350ac8142f8f1ca322d89ca2a8107187f1eb75256de5f49350f,989,32,32,RGB,JPEG
cifake_v3_train_real_0237,train,real,0,CIFAKE,3,train,real,data/interim/cifake_source_v3/train/REAL/4041 (10).jpg,train/REAL/4041 (10).jpg,data/raw/prototype/real/cifake_v3_train_real_0237.jpg,045ede95fb6058db1ea260c848137fdcc7379d770df86b04ce4a1e6b37979b9f,045ede95fb6058db1ea260c848137fdcc7379d770df86b04ce4a1e6b37979b9f,014129036ca82a9699963c1aa3bd85f984405930ac9bb00bc144db0c31f25618,921,32,32,RGB,JPEG
cifake_v3_train_real_0238,train,real,0,CIFAKE,3,train,real,data/interim/cifake_source_v3/train/REAL/4867 (9).jpg,train/REAL/4867 (9).jpg,data/raw/prototype/real/cifake_v3_train_real_0238.jpg,7e842b701d3543ed86fb90840e89f414e377a8be425ca9005b5c265bb80c7416,7e842b701d3543ed86fb90840e89f414e377a8be425ca9005b5c265bb80c7416,0141ac9c754f8dd0f942fe1cf6fcb2083d6e33b1696d914cf885d925cfeae573,857,32,32,RGB,JPEG
cifake_v3_train_real_0239,train,real,0,CIFAKE,3,train,real,data/interim/cifake_source_v3/train/REAL/2704 (2).jpg,train/REAL/2704 (2).jpg,data/raw/prototype/real/cifake_v3_train_real_0239.jpg,4e7522a9ab260996fa250423ab5196823591d1a20385e154c112ef91de90b687,4e7522a9ab260996fa250423ab5196823591d1a20385e154c112ef91de90b687,014207003b4f3e01fcc7b63cada8afdfafb7140d89445cd50236fdc2655bbce7,937,32,32,RGB,JPEG
cifake_v3_train_real_0240,train,real,0,CIFAKE,3,train,real,data/interim/cifake_source_v3/train/REAL/3836 (6).jpg,train/REAL/3836 (6).jpg,data/raw/prototype/real/cifake_v3_train_real_0240.jpg,73ccf49c75b4fb9d1aa6d3f628c3d85ae3f7561a877a21adcc051aa3ac1b06ec,73ccf49c75b4fb9d1aa6d3f628c3d85ae3f7561a877a21adcc051aa3ac1b06ec,0144aa5bcb86e9342a3bbfd32eabfbe95688442681b8fdc92f283d0e3cd06004,985,32,32,RGB,JPEG
cifake_v3_train_real_0241,train,real,0,CIFAKE,3,train,real,data/interim/cifake_source_v3/train/REAL/1484 (6).jpg,train/REAL/1484 (6).jpg,data/raw/prototype/real/cifake_v3_train_real_0241.jpg,762151ec3432741cfcf5fdc068bd17ce87ba395e6b2859717989f09355fa15de,762151ec3432741cfcf5fdc068bd17ce87ba395e6b2859717989f09355fa15de,01460a7bb9b12affee2e02bcfd01e9c67f32268a3308aa9cc99c1f6087ebb29c,949,32,32,RGB,JPEG
cifake_v3_train_real_0242,train,real,0,CIFAKE,3,train,real,data/interim/cifake_source_v3/train/REAL/2986 (2).jpg,train/REAL/2986 (2).jpg,data/raw/prototype/real/cifake_v3_train_real_0242.jpg,6dde315517ba20dd3392f227c0b0357946d3117445603b6839f1ce07fd6c06b8,6dde315517ba20dd3392f227c0b0357946d3117445603b6839f1ce07fd6c06b8,0149b2da52daebd3eb6c22ba1463b813a51b90178d24e8ba9022f27193109bcb,833,32,32,RGB,JPEG
cifake_v3_train_real_0243,train,real,0,CIFAKE,3,train,real,data/interim/cifake_source_v3/train/REAL/0949 (6).jpg,train/REAL/0949 (6).jpg,data/raw/prototype/real/cifake_v3_train_real_0243.jpg,1426db96a8f76f871d2b2be717ab5fff701fce4cc159ef7daa8c075960fca80d,1426db96a8f76f871d2b2be717ab5fff701fce4cc159ef7daa8c075960fca80d,014b01fd747db8a7810654072b81f888bfb1c886c401719c38eaf0910f657546,872,32,32,RGB,JPEG
cifake_v3_train_real_0244,train,real,0,CIFAKE,3,train,real,data/interim/cifake_source_v3/train/REAL/0210 (7).jpg,train/REAL/0210 (7).jpg,data/raw/prototype/real/cifake_v3_train_real_0244.jpg,36f0d688b4d654526fd88f8cdb98d2e0aa64e97b827f75c30c0f0f85dfc00760,36f0d688b4d654526fd88f8cdb98d2e0aa64e97b827f75c30c0f0f85dfc00760,014bf79336e1dcf32270c30a9583031a81c762f2633ec73d363eddc9249b19f2,996,32,32,RGB,JPEG
cifake_v3_train_real_0245,train,real,0,CIFAKE,3,train,real,data/interim/cifake_source_v3/train/REAL/3509 (3).jpg,train/REAL/3509 (3).jpg,data/raw/prototype/real/cifake_v3_train_real_0245.jpg,e078cd08b6233eb0caf84ef98a1b88cb4d095b8ef6b38a8f8ec544edfd435a10,e078cd08b6233eb0caf84ef98a1b88cb4d095b8ef6b38a8f8ec544edfd435a10,014cbcf227a0f339fcdbaabfdbe61404c8d696c58635490b1ad1fb05edfee557,834,32,32,RGB,JPEG
cifake_v3_train_real_0246,train,real,0,CIFAKE,3,train,real,data/interim/cifake_source_v3/train/REAL/3807.jpg,train/REAL/3807.jpg,data/raw/prototype/real/cifake_v3_train_real_0246.jpg,af084a1be12656ca1de728749de010d4a315ccfb67e4c07461d4e1f0227a7157,af084a1be12656ca1de728749de010d4a315ccfb67e4c07461d4e1f0227a7157,014e5a6e7355f41c4ec3a66ced54c311996c8349ef8c43d19b275a54b669e699,858,32,32,RGB,JPEG
cifake_v3_train_real_0247,train,real,0,CIFAKE,3,train,real,data/interim/cifake_source_v3/train/REAL/0276 (6).jpg,train/REAL/0276 (6).jpg,data/raw/prototype/real/cifake_v3_train_real_0247.jpg,b1069ef12f6d5cefe6cc55579ae5b558be60ced3d6e18dabc2c7256c5f08812c,b1069ef12f6d5cefe6cc55579ae5b558be60ced3d6e18dabc2c7256c5f08812c,014eb17211f4f9b9c8bdb4e718cf512ea26470c6be4ab4615503265ec561a844,871,32,32,RGB,JPEG
cifake_v3_train_real_0248,train,real,0,CIFAKE,3,train,real,data/interim/cifake_source_v3/train/REAL/4896 (8).jpg,train/REAL/4896 (8).jpg,data/raw/prototype/real/cifake_v3_train_real_0248.jpg,4f211fa7c0fa70edc5abd59467670476335afa29446e39f1d4a7581092396e43,4f211fa7c0fa70edc5abd59467670476335afa29446e39f1d4a7581092396e43,015178bf6371d6f6a2e0e07e902576a26e6ed2625548b7bdfa46e4f56fa570a8,882,32,32,RGB,JPEG
cifake_v3_train_real_0249,train,real,0,CIFAKE,3,train,real,data/interim/cifake_source_v3/train/REAL/1758 (2).jpg,train/REAL/1758 (2).jpg,data/raw/prototype/real/cifake_v3_train_real_0249.jpg,0f365ea70d5ac22a12e7f8af9d46083f772e47831f59d26862bbf0eba799d042,0f365ea70d5ac22a12e7f8af9d46083f772e47831f59d26862bbf0eba799d042,015236888fbefceffa8e8fb40943b3485aa30707e91a31b655bafbc9d24bad0b,922,32,32,RGB,JPEG
cifake_v3_train_real_0250,train,real,0,CIFAKE,3,train,real,data/interim/cifake_source_v3/train/REAL/3319 (5).jpg,train/REAL/3319 (5).jpg,data/raw/prototype/real/cifake_v3_train_real_0250.jpg,5e52819ac14182e191ca5658810044c67914916e90b8e091883566d331acfd99,5e52819ac14182e191ca5658810044c67914916e90b8e091883566d331acfd99,01541e30a81d5fdf80007a6b0cbf9cf9da8257bddd6f60c7b811e1e82088b0ad,909,32,32,RGB,JPEG
cifake_v3_train_real_0251,train,real,0,CIFAKE,3,train,real,data/interim/cifake_source_v3/train/REAL/1109 (9).jpg,train/REAL/1109 (9).jpg,data/raw/prototype/real/cifake_v3_train_real_0251.jpg,f4895fc5f0277a0a912a14ba0db7377afc2fed54db2327934d971df3dc824106,f4895fc5f0277a0a912a14ba0db7377afc2fed54db2327934d971df3dc824106,01544a3b0418c44a02c06bc55fbd56f75da567cf5e7b0417ede22b1c95e0c67b,908,32,32,RGB,JPEG
cifake_v3_train_real_0252,train,real,0,CIFAKE,3,train,real,data/interim/cifake_source_v3/train/REAL/0982 (3).jpg,train/REAL/0982 (3).jpg,data/raw/prototype/real/cifake_v3_train_real_0252.jpg,92aef4543991378675c8afbe338e4309e6f963469808b3f104017d2c59bed4f0,92aef4543991378675c8afbe338e4309e6f963469808b3f104017d2c59bed4f0,015470332f02b09c8df6c330a4284cfb05e6fdacdd1b8512932e1bf82988d34f,938,32,32,RGB,JPEG
cifake_v3_train_real_0253,train,real,0,CIFAKE,3,train,real,data/interim/cifake_source_v3/train/REAL/2028 (3).jpg,train/REAL/2028 (3).jpg,data/raw/prototype/real/cifake_v3_train_real_0253.jpg,14b2b72a9917ff30d2344e335ca722314dd2c5c9d8bc362bb433a8005cb8a458,14b2b72a9917ff30d2344e335ca722314dd2c5c9d8bc362bb433a8005cb8a458,015684d0b894c35ba8e4403bdb1bd40ac2ce40cdc5669c2c6098b291250c4e18,900,32,32,RGB,JPEG
cifake_v3_train_real_0254,train,real,0,CIFAKE,3,train,real,data/interim/cifake_source_v3/train/REAL/2319 (2).jpg,train/REAL/2319 (2).jpg,data/raw/prototype/real/cifake_v3_train_real_0254.jpg,ad9566198843769c220864c3c8d2a31f592ad72a19c6cbaa37497e036febb0a3,ad9566198843769c220864c3c8d2a31f592ad72a19c6cbaa37497e036febb0a3,0159e20120ed3d43175d453eabcf06bd103201ab320fa6e80eb322b6c279b12c,1033,32,32,RGB,JPEG
cifake_v3_train_real_0255,train,real,0,CIFAKE,3,train,real,data/interim/cifake_source_v3/train/REAL/2963 (5).jpg,train/REAL/2963 (5).jpg,data/raw/prototype/real/cifake_v3_train_real_0255.jpg,3a6b51768d93e2030a696c07fbd86097e7831a924302e34e6bae9deb2db076aa,3a6b51768d93e2030a696c07fbd86097e7831a924302e34e6bae9deb2db076aa,015ac3f0430e938f4b44cea250e4173480a83bdebcce8fe7d029b2c1d5f2a943,860,32,32,RGB,JPEG
cifake_v3_train_real_0256,train,real,0,CIFAKE,3,train,real,data/interim/cifake_source_v3/train/REAL/2372 (4).jpg,train/REAL/2372 (4).jpg,data/raw/prototype/real/cifake_v3_train_real_0256.jpg,c66db9ffa0ea53a1adaf243e066c030175872168bdece6516af871bb3cd3d504,c66db9ffa0ea53a1adaf243e066c030175872168bdece6516af871bb3cd3d504,015bc9465af0fe23367aa956c706ac347bfa597716bdcabdce1e78a55d3a7031,957,32,32,RGB,JPEG
cifake_v3_train_real_0257,train,real,0,CIFAKE,3,train,real,data/interim/cifake_source_v3/train/REAL/1729 (9).jpg,train/REAL/1729 (9).jpg,data/raw/prototype/real/cifake_v3_train_real_0257.jpg,c327655dbc0efe28b9a8d3cf324c5fe46007ed1752c096e9981b0f25f3f2e505,c327655dbc0efe28b9a8d3cf324c5fe46007ed1752c096e9981b0f25f3f2e505,015cde0484968f97729f2dc8200da3e427c9ce81dd08f172122cd4be5d2696a4,880,32,32,RGB,JPEG
cifake_v3_train_real_0258,train,real,0,CIFAKE,3,train,real,data/interim/cifake_source_v3/train/REAL/0436 (9).jpg,train/REAL/0436 (9).jpg,data/raw/prototype/real/cifake_v3_train_real_0258.jpg,537a81529dd0bdc84dcb8d187da02f759826239bcd69f4b79205e0e039238b32,537a81529dd0bdc84dcb8d187da02f759826239bcd69f4b79205e0e039238b32,015df1b5ccfe6b07f07eac080557321828276bb1c1d28d5e1a7bd0e45ba18b8c,798,32,32,RGB,JPEG
cifake_v3_train_real_0259,train,real,0,CIFAKE,3,train,real,data/interim/cifake_source_v3/train/REAL/2273 (10).jpg,train/REAL/2273 (10).jpg,data/raw/prototype/real/cifake_v3_train_real_0259.jpg,a05d057a9e25815fbc29d8bf7f9fbfc88334f7cd7042f004075541109dcebe6b,a05d057a9e25815fbc29d8bf7f9fbfc88334f7cd7042f004075541109dcebe6b,015e37d0c349f716da19921b80cc6b971fe299f7568ff78d90677b272b5fa694,979,32,32,RGB,JPEG
cifake_v3_train_real_0260,train,real,0,CIFAKE,3,train,real,data/interim/cifake_source_v3/train/REAL/4760 (3).jpg,train/REAL/4760 (3).jpg,data/raw/prototype/real/cifake_v3_train_real_0260.jpg,1aa6cf4a06f24dd02c4c515097ceb1fae32fc8af0947c38d42522382d8f0337b,1aa6cf4a06f24dd02c4c515097ceb1fae32fc8af0947c38d42522382d8f0337b,015ff7502ad213f324fe90592f1a8c5de7a95d47aea4b2d99a3efb4128de295a,904,32,32,RGB,JPEG
cifake_v3_train_real_0261,train,real,0,CIFAKE,3,train,real,data/interim/cifake_source_v3/train/REAL/2053 (8).jpg,train/REAL/2053 (8).jpg,data/raw/prototype/real/cifake_v3_train_real_0261.jpg,9f89d4316ff85490d496825f6b7ef28a19b993aaae3ff80e8de56e811c90cdf7,9f89d4316ff85490d496825f6b7ef28a19b993aaae3ff80e8de56e811c90cdf7,01608c5492c76c316678627d1fcd3c55da488177785a1d10b841be5ba065e014,983,32,32,RGB,JPEG
cifake_v3_train_real_0262,train,real,0,CIFAKE,3,train,real,data/interim/cifake_source_v3/train/REAL/4352 (3).jpg,train/REAL/4352 (3).jpg,data/raw/prototype/real/cifake_v3_train_real_0262.jpg,bb037c36bac895701276aed019cb7a2003c17e1814d92449060da5b138b2f09a,bb037c36bac895701276aed019cb7a2003c17e1814d92449060da5b138b2f09a,01623639adaeb2292453a0ecd5c024e9c2c61c81454f7174da165939cc2915cb,869,32,32,RGB,JPEG
cifake_v3_train_real_0263,train,real,0,CIFAKE,3,train,real,data/interim/cifake_source_v3/train/REAL/3310 (10).jpg,train/REAL/3310 (10).jpg,data/raw/prototype/real/cifake_v3_train_real_0263.jpg,7ec7d31cc914cd5c3970d05906ccf078aeedb407fab021fe5310f5d3850d6b39,7ec7d31cc914cd5c3970d05906ccf078aeedb407fab021fe5310f5d3850d6b39,0162caea3b347051262d3478d95a6813c3994367b7a228437b924ab53386771d,984,32,32,RGB,JPEG
cifake_v3_train_real_0264,train,real,0,CIFAKE,3,train,real,data/interim/cifake_source_v3/train/REAL/2457.jpg,train/REAL/2457.jpg,data/raw/prototype/real/cifake_v3_train_real_0264.jpg,a24f6385647fbb3817c95564cde65aa0ad6afcb25ea8b7cea7cfd274c010a73f,a24f6385647fbb3817c95564cde65aa0ad6afcb25ea8b7cea7cfd274c010a73f,0163214ddd300f731bfe70342beb0b648a07c70da3cfebeba3fc4629e91ab456,917,32,32,RGB,JPEG
cifake_v3_train_real_0265,train,real,0,CIFAKE,3,train,real,data/interim/cifake_source_v3/train/REAL/0156 (10).jpg,train/REAL/0156 (10).jpg,data/raw/prototype/real/cifake_v3_train_real_0265.jpg,147a5a490e5d388306e1b971ecf73ea8ccf3b8928595ded3ce098d3c7df2c0bb,147a5a490e5d388306e1b971ecf73ea8ccf3b8928595ded3ce098d3c7df2c0bb,016724cc2e1c0f75a4266d3f53f0b41842049c52c0f93705b734722862e06c3a,888,32,32,RGB,JPEG
cifake_v3_train_real_0266,train,real,0,CIFAKE,3,train,real,data/interim/cifake_source_v3/train/REAL/1221 (8).jpg,train/REAL/1221 (8).jpg,data/raw/prototype/real/cifake_v3_train_real_0266.jpg,28717ed0ba4e7bf8ec23de952d70c2a2f094e8ba1b5ac826d788ea605e713d66,28717ed0ba4e7bf8ec23de952d70c2a2f094e8ba1b5ac826d788ea605e713d66,01689621b6dde731ad38e3674afad4143870fe2c586cb547a9b14380948cce6b,1001,32,32,RGB,JPEG
cifake_v3_train_real_0267,train,real,0,CIFAKE,3,train,real,data/interim/cifake_source_v3/train/REAL/3329 (5).jpg,train/REAL/3329 (5).jpg,data/raw/prototype/real/cifake_v3_train_real_0267.jpg,82cdd09baedc30cbfeec05870ef56efdcc54eb03cb1a4a86e621bf6736c7e9f5,82cdd09baedc30cbfeec05870ef56efdcc54eb03cb1a4a86e621bf6736c7e9f5,01694628fcf12a03de856ff7d40605a09087ffee9e0d25cbcda296781400a4d9,930,32,32,RGB,JPEG
cifake_v3_train_real_0268,train,real,0,CIFAKE,3,train,real,data/interim/cifake_source_v3/train/REAL/4282 (9).jpg,train/REAL/4282 (9).jpg,data/raw/prototype/real/cifake_v3_train_real_0268.jpg,7d661c20f13bde10e48aba1bb433e3368d704178c22f43061ff55f14945aa417,7d661c20f13bde10e48aba1bb433e3368d704178c22f43061ff55f14945aa417,0169897b6c07b5f4892ad75e19060d6cad121cee0df1e877a5ddc6d3566761c8,829,32,32,RGB,JPEG
cifake_v3_train_real_0269,train,real,0,CIFAKE,3,train,real,data/interim/cifake_source_v3/train/REAL/4883 (3).jpg,train/REAL/4883 (3).jpg,data/raw/prototype/real/cifake_v3_train_real_0269.jpg,e85762ccb25f993397937ec05a23928bff2286c9f5a33f57223ee58cd47abba1,e85762ccb25f993397937ec05a23928bff2286c9f5a33f57223ee58cd47abba1,016a8e4f34e74280362bd5215bb8e54aecf37107b2bb024fbaca0d6a51ade267,1005,32,32,RGB,JPEG
cifake_v3_train_real_0270,train,real,0,CIFAKE,3,train,real,data/interim/cifake_source_v3/train/REAL/4857.jpg,train/REAL/4857.jpg,data/raw/prototype/real/cifake_v3_train_real_0270.jpg,659e888d80a9f548f10b7cb17dc02aa004ef4c6b44cca955bd8bb7dc9bbb61e0,659e888d80a9f548f10b7cb17dc02aa004ef4c6b44cca955bd8bb7dc9bbb61e0,016d4feef8be6bc0b1b123fcd046ff541e88cc8f681df69125b2ea202940ba40,869,32,32,RGB,JPEG
cifake_v3_train_real_0271,train,real,0,CIFAKE,3,train,real,data/interim/cifake_source_v3/train/REAL/4201 (6).jpg,train/REAL/4201 (6).jpg,data/raw/prototype/real/cifake_v3_train_real_0271.jpg,2b9f38141363a3680e16ff33953b0f0b0c819d4408824eae2f49e961166c391a,2b9f38141363a3680e16ff33953b0f0b0c819d4408824eae2f49e961166c391a,016e52edfb1e157d956e3d486c8cb60fdab7ef4441021d70fa877986ef939f3c,1014,32,32,RGB,JPEG
cifake_v3_train_real_0272,train,real,0,CIFAKE,3,train,real,data/interim/cifake_source_v3/train/REAL/2605 (9).jpg,train/REAL/2605 (9).jpg,data/raw/prototype/real/cifake_v3_train_real_0272.jpg,b5185fed035ffcca35df8555eba09208507189d96f64109d2fc6373b40369e5d,b5185fed035ffcca35df8555eba09208507189d96f64109d2fc6373b40369e5d,01705f809af2779db95a60796f5ab2ad63fd67ab46fde1ac3089ec59a99e5620,1006,32,32,RGB,JPEG
cifake_v3_train_real_0273,train,real,0,CIFAKE,3,train,real,data/interim/cifake_source_v3/train/REAL/4365 (5).jpg,train/REAL/4365 (5).jpg,data/raw/prototype/real/cifake_v3_train_real_0273.jpg,69430ed0d18af6c739d46479a87e564e680368b592521c7bb8197c3b38c3dc6b,69430ed0d18af6c739d46479a87e564e680368b592521c7bb8197c3b38c3dc6b,0171811ecd3cc7ee729b130c7bab7f2eff37b39f987d38f143b1be8483fef4ec,946,32,32,RGB,JPEG
cifake_v3_train_real_0274,train,real,0,CIFAKE,3,train,real,data/interim/cifake_source_v3/train/REAL/3302 (6).jpg,train/REAL/3302 (6).jpg,data/raw/prototype/real/cifake_v3_train_real_0274.jpg,d281bcddeff9d6f9a140fbbded840be8d9bf92f0fecde3e1bce838e0862b9e38,d281bcddeff9d6f9a140fbbded840be8d9bf92f0fecde3e1bce838e0862b9e38,0172bd1914ea01790416febd78e11dbccdd7bda0fe8ead2db0fa4365b6ebf545,853,32,32,RGB,JPEG
cifake_v3_train_real_0275,train,real,0,CIFAKE,3,train,real,data/interim/cifake_source_v3/train/REAL/1039 (7).jpg,train/REAL/1039 (7).jpg,data/raw/prototype/real/cifake_v3_train_real_0275.jpg,7ad5d848926f5411a3fadd4fdcae0ec3505520b56d154890e66b023db56ae5e6,7ad5d848926f5411a3fadd4fdcae0ec3505520b56d154890e66b023db56ae5e6,0172de153bee4146ddb550ed4bcccd3b332d1a5b4ea2e29f3d1ae9074f847fcc,912,32,32,RGB,JPEG
cifake_v3_train_real_0276,train,real,0,CIFAKE,3,train,real,data/interim/cifake_source_v3/train/REAL/1486 (9).jpg,train/REAL/1486 (9).jpg,data/raw/prototype/real/cifake_v3_train_real_0276.jpg,cccc719641f581f6fe1a4ed40347fda38fe8835f09574dcfc1d2166cb5b69677,cccc719641f581f6fe1a4ed40347fda38fe8835f09574dcfc1d2166cb5b69677,017424d4bfc79463cf6f65a8cef1b3b330d1f9a0caa2f0b5cea70926a29e5457,957,32,32,RGB,JPEG
cifake_v3_train_real_0277,train,real,0,CIFAKE,3,train,real,data/interim/cifake_source_v3/train/REAL/1481.jpg,train/REAL/1481.jpg,data/raw/prototype/real/cifake_v3_train_real_0277.jpg,950f549ee9d7539feabd79e243964f2908dbbd79c6ab11019e272930de3199f6,950f549ee9d7539feabd79e243964f2908dbbd79c6ab11019e272930de3199f6,01742f14636216c0021c8a1001a8763706a75ad329fd9414f3f123d0d1e62a43,756,32,32,RGB,JPEG
cifake_v3_train_real_0278,train,real,0,CIFAKE,3,train,real,data/interim/cifake_source_v3/train/REAL/1890 (8).jpg,train/REAL/1890 (8).jpg,data/raw/prototype/real/cifake_v3_train_real_0278.jpg,c5e642afa8549489e829cdd808986a2f964981e426173c8b6d10942253239c42,c5e642afa8549489e829cdd808986a2f964981e426173c8b6d10942253239c42,017838d1a6799b9c93aa9b92ccb8959fa9a8154d7534618941ecd8d72dab075c,973,32,32,RGB,JPEG
cifake_v3_train_real_0279,train,real,0,CIFAKE,3,train,real,data/interim/cifake_source_v3/train/REAL/4854.jpg,train/REAL/4854.jpg,data/raw/prototype/real/cifake_v3_train_real_0279.jpg,b1f7c7bd590e4b1b0a302602f66c082fe77fb29b63b3bc7a18ae147c8e59b2be,b1f7c7bd590e4b1b0a302602f66c082fe77fb29b63b3bc7a18ae147c8e59b2be,01784734a338347e0ba4e9d00cf2d24b8dafa993e54710eb394b1929e9c4d67f,906,32,32,RGB,JPEG
cifake_v3_train_real_0280,train,real,0,CIFAKE,3,train,real,data/interim/cifake_source_v3/train/REAL/0228 (3).jpg,train/REAL/0228 (3).jpg,data/raw/prototype/real/cifake_v3_train_real_0280.jpg,f520dec12826e2612015dd24b4536c43e4c7c663ca7b50b42e31a6fd10f42509,f520dec12826e2612015dd24b4536c43e4c7c663ca7b50b42e31a6fd10f42509,017d51db5537b1c9e6b4c83e83c0bfd34f7535ec2b7f08fef26baa2775615260,1005,32,32,RGB,JPEG
cifake_v3_train_real_0281,train,real,0,CIFAKE,3,train,real,data/interim/cifake_source_v3/train/REAL/0141 (4).jpg,train/REAL/0141 (4).jpg,data/raw/prototype/real/cifake_v3_train_real_0281.jpg,eab4c32d5e131c21478d8f6496f379acf62bee839abc50f56c1ea7c890506bc3,eab4c32d5e131c21478d8f6496f379acf62bee839abc50f56c1ea7c890506bc3,017eaeecf4f81425107e67a3549e2703321629f791f31e585569f0942fd3bb6d,989,32,32,RGB,JPEG
cifake_v3_train_real_0282,train,real,0,CIFAKE,3,train,real,data/interim/cifake_source_v3/train/REAL/3177 (10).jpg,train/REAL/3177 (10).jpg,data/raw/prototype/real/cifake_v3_train_real_0282.jpg,c5b3c4aee91956291ddf4c9ddeeae56ccfe800a0a608df47b4f81ff2e62fc9f3,c5b3c4aee91956291ddf4c9ddeeae56ccfe800a0a608df47b4f81ff2e62fc9f3,0181311082d0804cdd9b6053d549b30d1a5c9a2ed9d2946d40645ee1b9d70dee,999,32,32,RGB,JPEG
cifake_v3_train_real_0283,train,real,0,CIFAKE,3,train,real,data/interim/cifake_source_v3/train/REAL/4042 (3).jpg,train/REAL/4042 (3).jpg,data/raw/prototype/real/cifake_v3_train_real_0283.jpg,bf315a8116f94503fd8638bbe0156589ef04195badea114c4368ad949e81059d,bf315a8116f94503fd8638bbe0156589ef04195badea114c4368ad949e81059d,0181ea92e9da5919ff935f4393cd34463cf0fe3e40460ea822e92fcbdc8dbe07,920,32,32,RGB,JPEG
cifake_v3_train_real_0284,train,real,0,CIFAKE,3,train,real,data/interim/cifake_source_v3/train/REAL/0114 (5).jpg,train/REAL/0114 (5).jpg,data/raw/prototype/real/cifake_v3_train_real_0284.jpg,52ec44451db1078ea4a21ff72521bd38ec4e4c8a3ad42a16e2efa07c8d4fcce8,52ec44451db1078ea4a21ff72521bd38ec4e4c8a3ad42a16e2efa07c8d4fcce8,018211de7b4ad4a5433cc4d2de5e1da50740d48be5d6447660d3fed05d390ced,985,32,32,RGB,JPEG
cifake_v3_train_real_0285,train,real,0,CIFAKE,3,train,real,data/interim/cifake_source_v3/train/REAL/4361 (9).jpg,train/REAL/4361 (9).jpg,data/raw/prototype/real/cifake_v3_train_real_0285.jpg,b6edc7edde8f6d97a09aef13bd1e43d4aedf73b47926403b7e7f2d894e99ba93,b6edc7edde8f6d97a09aef13bd1e43d4aedf73b47926403b7e7f2d894e99ba93,018218be56f584a09d196ef461a70baf998d4b3e42623a78c563b998a97382a5,826,32,32,RGB,JPEG
cifake_v3_train_real_0286,train,real,0,CIFAKE,3,train,real,data/interim/cifake_source_v3/train/REAL/4993 (7).jpg,train/REAL/4993 (7).jpg,data/raw/prototype/real/cifake_v3_train_real_0286.jpg,a2500a53abd130e963f9bfdc6fe1b0bc0b990ce3e13187d67458ff2041fa789a,a2500a53abd130e963f9bfdc6fe1b0bc0b990ce3e13187d67458ff2041fa789a,0182212d1c0c69e5ee2a9a90e72666df5ebffaf621880028434cb07b037a19d4,891,32,32,RGB,JPEG
cifake_v3_train_real_0287,train,real,0,CIFAKE,3,train,real,data/interim/cifake_source_v3/train/REAL/2634.jpg,train/REAL/2634.jpg,data/raw/prototype/real/cifake_v3_train_real_0287.jpg,1ae013ca154926f5628b084c40938cc57e2f2e02e8d12640a44712788c41a27a,1ae013ca154926f5628b084c40938cc57e2f2e02e8d12640a44712788c41a27a,0184851bc99680a268f2e4add6c5c6edbcde66e310f08d881daf7632a939b06f,842,32,32,RGB,JPEG
cifake_v3_train_real_0288,train,real,0,CIFAKE,3,train,real,data/interim/cifake_source_v3/train/REAL/2512 (6).jpg,train/REAL/2512 (6).jpg,data/raw/prototype/real/cifake_v3_train_real_0288.jpg,792edc13f2a3f352ab0bee3f064bdcf566d47b7b355d816afc9bba0c23abe3c0,792edc13f2a3f352ab0bee3f064bdcf566d47b7b355d816afc9bba0c23abe3c0,0185400e788872e4b8636bb2491090d156e07a3cf3a02b45cdfc00355d445250,899,32,32,RGB,JPEG
cifake_v3_train_real_0289,train,real,0,CIFAKE,3,train,real,data/interim/cifake_source_v3/train/REAL/1293 (10).jpg,train/REAL/1293 (10).jpg,data/raw/prototype/real/cifake_v3_train_real_0289.jpg,a6b24ee3042303e3dfb006872a1afd43c0fb86617161bebde13260355eaa615c,a6b24ee3042303e3dfb006872a1afd43c0fb86617161bebde13260355eaa615c,01896af5e61e0fb0c5f24aa2482c2a1ba6ce73d6ac0799f3b12900d97923eae1,970,32,32,RGB,JPEG
cifake_v3_train_real_0290,train,real,0,CIFAKE,3,train,real,data/interim/cifake_source_v3/train/REAL/0691.jpg,train/REAL/0691.jpg,data/raw/prototype/real/cifake_v3_train_real_0290.jpg,4975167b9e50cd82162eb6638503cf7f5381d6daf60558ad706ecee4dcae54ee,4975167b9e50cd82162eb6638503cf7f5381d6daf60558ad706ecee4dcae54ee,018ec795b906f21e5ce3047a0d71a587385e4a4f9940ed6db221d85d9f467129,896,32,32,RGB,JPEG
cifake_v3_train_real_0291,train,real,0,CIFAKE,3,train,real,data/interim/cifake_source_v3/train/REAL/1482 (3).jpg,train/REAL/1482 (3).jpg,data/raw/prototype/real/cifake_v3_train_real_0291.jpg,b17c703c54e01d8f627822821a7ec506d5cf207803e1e2e933907ccb0b4d4dde,b17c703c54e01d8f627822821a7ec506d5cf207803e1e2e933907ccb0b4d4dde,018f81fa1ec6f4c7d2a5e7571c90463e4b7520cb65074e5400b2371ab947d8db,899,32,32,RGB,JPEG
cifake_v3_train_real_0292,train,real,0,CIFAKE,3,train,real,data/interim/cifake_source_v3/train/REAL/3621 (4).jpg,train/REAL/3621 (4).jpg,data/raw/prototype/real/cifake_v3_train_real_0292.jpg,f0b8675ba7ca342411ed303d603470af5e1ba1b624cef43120e74fa49004257b,f0b8675ba7ca342411ed303d603470af5e1ba1b624cef43120e74fa49004257b,019034c4c2d280f160d053e958a139589072e4286c0a87506723a0108de2d778,944,32,32,RGB,JPEG
cifake_v3_train_real_0293,train,real,0,CIFAKE,3,train,real,data/interim/cifake_source_v3/train/REAL/3839 (5).jpg,train/REAL/3839 (5).jpg,data/raw/prototype/real/cifake_v3_train_real_0293.jpg,0ceb53329786a86770f955d6c87e707a63bc91e02c150008250cc6c826a2a96f,0ceb53329786a86770f955d6c87e707a63bc91e02c150008250cc6c826a2a96f,01905a3ed20322fcf470a8a7df2694e3036be26439e705c38ba649333a5cd9d8,926,32,32,RGB,JPEG
cifake_v3_train_real_0294,train,real,0,CIFAKE,3,train,real,data/interim/cifake_source_v3/train/REAL/0785 (4).jpg,train/REAL/0785 (4).jpg,data/raw/prototype/real/cifake_v3_train_real_0294.jpg,6d55d1a5370d3cdd49085247d6c881bb1c57bec0ada436c411ecc8b56d2e5c48,6d55d1a5370d3cdd49085247d6c881bb1c57bec0ada436c411ecc8b56d2e5c48,019220699f8ac78cd2509fbaed344d7eba473a1fab0d60e587bb419856dd0ee9,872,32,32,RGB,JPEG
cifake_v3_train_real_0295,train,real,0,CIFAKE,3,train,real,data/interim/cifake_source_v3/train/REAL/2988 (3).jpg,train/REAL/2988 (3).jpg,data/raw/prototype/real/cifake_v3_train_real_0295.jpg,5e20e3d1d86842ffe2da83a4d857b507175f4e6e9d55a1dbb669b08baacac84e,5e20e3d1d86842ffe2da83a4d857b507175f4e6e9d55a1dbb669b08baacac84e,01939006e83b3ad1f1e6b156ee172bae16bf6271afeaf0b0887597f841ef3ced,867,32,32,RGB,JPEG
cifake_v3_train_real_0296,train,real,0,CIFAKE,3,train,real,data/interim/cifake_source_v3/train/REAL/0897 (6).jpg,train/REAL/0897 (6).jpg,data/raw/prototype/real/cifake_v3_train_real_0296.jpg,2d1bf19be92e697c652be30681d259a734ddd50a582cdb8a30bcd973d65c64be,2d1bf19be92e697c652be30681d259a734ddd50a582cdb8a30bcd973d65c64be,0193da287db2bc582d0a0aba60755c232998b9c48b4a956893543f78cbce3139,932,32,32,RGB,JPEG
cifake_v3_train_real_0297,train,real,0,CIFAKE,3,train,real,data/interim/cifake_source_v3/train/REAL/2280 (4).jpg,train/REAL/2280 (4).jpg,data/raw/prototype/real/cifake_v3_train_real_0297.jpg,e26a5f1baa30556d36b4456ccdcd135c7e0b42a6d4bd021e1eebb8401a33fb85,e26a5f1baa30556d36b4456ccdcd135c7e0b42a6d4bd021e1eebb8401a33fb85,01942d4d5f297c755eb8316cc8052b106182e922ad530fa61ace671863cd3bf3,869,32,32,RGB,JPEG
cifake_v3_train_real_0298,train,real,0,CIFAKE,3,train,real,data/interim/cifake_source_v3/train/REAL/3415.jpg,train/REAL/3415.jpg,data/raw/prototype/real/cifake_v3_train_real_0298.jpg,cdcc960f9c4227ce563e769f6dfa71455a6fa75307c6d8be2f25703655158dec,cdcc960f9c4227ce563e769f6dfa71455a6fa75307c6d8be2f25703655158dec,0194830c5b04aa71df068e8ef5f6b7ad6121ab23a3c88465b48e044f29b8f8b9,942,32,32,RGB,JPEG
cifake_v3_train_real_0299,train,real,0,CIFAKE,3,train,real,data/interim/cifake_source_v3/train/REAL/0054 (6).jpg,train/REAL/0054 (6).jpg,data/raw/prototype/real/cifake_v3_train_real_0299.jpg,96108e50b35070a26584770c3dfa24e6a9540a5d147823d526ef30071f7be9c2,96108e50b35070a26584770c3dfa24e6a9540a5d147823d526ef30071f7be9c2,0195ee44816f018666caedcd187ff2d05df80478cf7efb095639d6222d1f9de1,957,32,32,RGB,JPEG
cifake_v3_train_real_0300,train,real,0,CIFAKE,3,train,real,data/interim/cifake_source_v3/train/REAL/4984 (8).jpg,train/REAL/4984 (8).jpg,data/raw/prototype/real/cifake_v3_train_real_0300.jpg,a3817436c2003ed02f20b9b142b42d3192f3c52ec12499bc17b369a791b521d5,a3817436c2003ed02f20b9b142b42d3192f3c52ec12499bc17b369a791b521d5,01962b62ce7681c3026ba99ab2093342663a9955f7486d04d25446a5ca4c3518,988,32,32,RGB,JPEG
cifake_v3_train_real_0301,train,real,0,CIFAKE,3,train,real,data/interim/cifake_source_v3/train/REAL/3562 (2).jpg,train/REAL/3562 (2).jpg,data/raw/prototype/real/cifake_v3_train_real_0301.jpg,fe4b12bf8dc12a1ef5bf84df1720ac2e7b9e3fc1c9b67d0b5400decc60820807,fe4b12bf8dc12a1ef5bf84df1720ac2e7b9e3fc1c9b67d0b5400decc60820807,0197187ac994f03c169c2601184d7dafe715b8e6a70569fc4582943be3c3e7ee,980,32,32,RGB,JPEG
cifake_v3_train_real_0302,train,real,0,CIFAKE,3,train,real,data/interim/cifake_source_v3/train/REAL/4043 (7).jpg,train/REAL/4043 (7).jpg,data/raw/prototype/real/cifake_v3_train_real_0302.jpg,d74145abf39178659b90cc25488827d0a153cdb73e14b0814bb6a2c19b77905c,d74145abf39178659b90cc25488827d0a153cdb73e14b0814bb6a2c19b77905c,0197442c91a79fe454d75f8d6928b39b51363bbe907feeac617a2899e3284d47,1000,32,32,RGB,JPEG
cifake_v3_train_real_0303,train,real,0,CIFAKE,3,train,real,data/interim/cifake_source_v3/train/REAL/4859 (4).jpg,train/REAL/4859 (4).jpg,data/raw/prototype/real/cifake_v3_train_real_0303.jpg,c6872896a0cdc01985c57c2c0338e1ae3ba4bd4f0c035a30d6c1465ced971518,c6872896a0cdc01985c57c2c0338e1ae3ba4bd4f0c035a30d6c1465ced971518,0197c98e7dd3331fc4dde3a01c83bb16db8a232909873958b40c344106c49c26,909,32,32,RGB,JPEG
cifake_v3_train_real_0304,train,real,0,CIFAKE,3,train,real,data/interim/cifake_source_v3/train/REAL/0892 (6).jpg,train/REAL/0892 (6).jpg,data/raw/prototype/real/cifake_v3_train_real_0304.jpg,07e6f663b7e1c5752c5216c1e19c284caefbbb814f2bcfcf1c0ea696113e419f,07e6f663b7e1c5752c5216c1e19c284caefbbb814f2bcfcf1c0ea696113e419f,0198d8177342d80f72ce7df0d3495bc662ebd092cb6a4e300e97d5ce4c75a2d2,929,32,32,RGB,JPEG
cifake_v3_train_real_0305,train,real,0,CIFAKE,3,train,real,data/interim/cifake_source_v3/train/REAL/1457 (4).jpg,train/REAL/1457 (4).jpg,data/raw/prototype/real/cifake_v3_train_real_0305.jpg,0192bd4e1939d87b5669d201a0179f29aeae1ab6d0a52bbc13fc6a430bfe47f3,0192bd4e1939d87b5669d201a0179f29aeae1ab6d0a52bbc13fc6a430bfe47f3,0199f8edddaf2e719265486ff10ba033f495384585cb1befeadd5f415d7c4f2b,900,32,32,RGB,JPEG
cifake_v3_train_real_0306,train,real,0,CIFAKE,3,train,real,data/interim/cifake_source_v3/train/REAL/4493 (8).jpg,train/REAL/4493 (8).jpg,data/raw/prototype/real/cifake_v3_train_real_0306.jpg,3125d530b20980d4494832861f4ed988eb6d555836336448d495c78e3b88a737,3125d530b20980d4494832861f4ed988eb6d555836336448d495c78e3b88a737,019a6c31e9ce754a27732dfceffcccc4adfdd362fb528ab1a9fccfa3a9fb53fb,967,32,32,RGB,JPEG
cifake_v3_train_real_0307,train,real,0,CIFAKE,3,train,real,data/interim/cifake_source_v3/train/REAL/4408 (4).jpg,train/REAL/4408 (4).jpg,data/raw/prototype/real/cifake_v3_train_real_0307.jpg,4db97542c8736c14637a30e19749fab1e06b4e2c52918da42438ea7ff8236e3a,4db97542c8736c14637a30e19749fab1e06b4e2c52918da42438ea7ff8236e3a,019a861cd8f09751336486d680cff7cc5588834cbef04092ffba326b71408fa3,939,32,32,RGB,JPEG
cifake_v3_train_real_0308,train,real,0,CIFAKE,3,train,real,data/interim/cifake_source_v3/train/REAL/1296 (2).jpg,train/REAL/1296 (2).jpg,data/raw/prototype/real/cifake_v3_train_real_0308.jpg,e7d52279355627a57250931676dc89e619603a81410b56412b726ecf3b017698,e7d52279355627a57250931676dc89e619603a81410b56412b726ecf3b017698,019b8579b309f86f24363358943e380757aa225a1218ba101298efa64e28b36e,896,32,32,RGB,JPEG
cifake_v3_train_real_0309,train,real,0,CIFAKE,3,train,real,data/interim/cifake_source_v3/train/REAL/4163 (4).jpg,train/REAL/4163 (4).jpg,data/raw/prototype/real/cifake_v3_train_real_0309.jpg,19d652dd2713787cd6861653773b74bc0b8bebae4a4b43ae9d719ea0588dc2a4,19d652dd2713787cd6861653773b74bc0b8bebae4a4b43ae9d719ea0588dc2a4,019b9ed402f59e9e560a36b69ededbc14e1c5895a37d07cfb69225b94be37e85,905,32,32,RGB,JPEG
cifake_v3_train_real_0310,train,real,0,CIFAKE,3,train,real,data/interim/cifake_source_v3/train/REAL/0382 (8).jpg,train/REAL/0382 (8).jpg,data/raw/prototype/real/cifake_v3_train_real_0310.jpg,1aa6d377b87563531e255131b93fa746f2d4bb4117d6f5542c49de186539a75e,1aa6d377b87563531e255131b93fa746f2d4bb4117d6f5542c49de186539a75e,019bb070db77ed141751503b8af80b1f809a16ef9fd88e596961b24ef75aad30,956,32,32,RGB,JPEG
cifake_v3_train_real_0311,train,real,0,CIFAKE,3,train,real,data/interim/cifake_source_v3/train/REAL/1389.jpg,train/REAL/1389.jpg,data/raw/prototype/real/cifake_v3_train_real_0311.jpg,410297166b71bdb5b33a0977f95f731a7da0d11c6aee9297faf8870e6f781f6f,410297166b71bdb5b33a0977f95f731a7da0d11c6aee9297faf8870e6f781f6f,019cfe14b4bcb849a8f9ed426524c3ffb43c9999d272f4c79b20894bb07d2e8d,837,32,32,RGB,JPEG
cifake_v3_train_real_0312,train,real,0,CIFAKE,3,train,real,data/interim/cifake_source_v3/train/REAL/3770 (9).jpg,train/REAL/3770 (9).jpg,data/raw/prototype/real/cifake_v3_train_real_0312.jpg,70e67fdafa16bea7420c6d9516d381a330988f8a6dff8c513212cc5eec8c8eb5,70e67fdafa16bea7420c6d9516d381a330988f8a6dff8c513212cc5eec8c8eb5,019d42ca6dc31da546782f3b73b5fcd0c654a95b5f261ac1205c9be26dd46008,866,32,32,RGB,JPEG
cifake_v3_train_real_0313,train,real,0,CIFAKE,3,train,real,data/interim/cifake_source_v3/train/REAL/3906 (5).jpg,train/REAL/3906 (5).jpg,data/raw/prototype/real/cifake_v3_train_real_0313.jpg,a3b1a19d7c89228388334539e6010c704af7966d83a1e43c62f231e6391b295a,a3b1a19d7c89228388334539e6010c704af7966d83a1e43c62f231e6391b295a,019dbe66c87559bbfba9db16b8e6a8c4aa2e113b1b09154c8118d755118d1ae5,878,32,32,RGB,JPEG
cifake_v3_train_real_0314,train,real,0,CIFAKE,3,train,real,data/interim/cifake_source_v3/train/REAL/2444 (10).jpg,train/REAL/2444 (10).jpg,data/raw/prototype/real/cifake_v3_train_real_0314.jpg,074d11e4a0dffda0b91d7d6cb033f588f3aed715e748f6a9e8d806c7e9f19511,074d11e4a0dffda0b91d7d6cb033f588f3aed715e748f6a9e8d806c7e9f19511,019de035544790805a5fbef7bd4e23047d8690fdca3d67d7ce03bf008906c4df,931,32,32,RGB,JPEG
cifake_v3_train_real_0315,train,real,0,CIFAKE,3,train,real,data/interim/cifake_source_v3/train/REAL/2862 (10).jpg,train/REAL/2862 (10).jpg,data/raw/prototype/real/cifake_v3_train_real_0315.jpg,fc48b5594ddfa05e007e579b86d72a716adf39cc3aec1a79ed4f974d9ffaed24,fc48b5594ddfa05e007e579b86d72a716adf39cc3aec1a79ed4f974d9ffaed24,019e1e4fc8ac5a71cf6cbd7fc457dabcba1d32448a69156eb7c16b8025807413,959,32,32,RGB,JPEG
cifake_v3_train_real_0316,train,real,0,CIFAKE,3,train,real,data/interim/cifake_source_v3/train/REAL/3210 (2).jpg,train/REAL/3210 (2).jpg,data/raw/prototype/real/cifake_v3_train_real_0316.jpg,bba92639dd3d2a5de467cf903bd18ca08ba5c016c411543fd95d71d7a9ab5b1a,bba92639dd3d2a5de467cf903bd18ca08ba5c016c411543fd95d71d7a9ab5b1a,01a0d13c01e55bf1b8b1548bde4cccbf1a6dd404dc1ddcc47ea5f73395582f81,962,32,32,RGB,JPEG
cifake_v3_train_real_0317,train,real,0,CIFAKE,3,train,real,data/interim/cifake_source_v3/train/REAL/4796 (10).jpg,train/REAL/4796 (10).jpg,data/raw/prototype/real/cifake_v3_train_real_0317.jpg,c6300ef9dd57991ff85ee5d26c9505a212d38983c7f06b7cdee723547543af0d,c6300ef9dd57991ff85ee5d26c9505a212d38983c7f06b7cdee723547543af0d,01a10a7817a01e2529813c2898c1d29454176e86bcd047bdcec8ff6bc3dae0c8,889,32,32,RGB,JPEG
cifake_v3_train_real_0318,train,real,0,CIFAKE,3,train,real,data/interim/cifake_source_v3/train/REAL/4127 (2).jpg,train/REAL/4127 (2).jpg,data/raw/prototype/real/cifake_v3_train_real_0318.jpg,9a8dda0ce680944f93654192c87064a657898e0be94b1be310c1600b7185f51f,9a8dda0ce680944f93654192c87064a657898e0be94b1be310c1600b7185f51f,01a1efe7cda6e190682cc805eb8d0f8515ec0179956498f40fc1a91792cd20df,969,32,32,RGB,JPEG
cifake_v3_train_real_0319,train,real,0,CIFAKE,3,train,real,data/interim/cifake_source_v3/train/REAL/3165 (3).jpg,train/REAL/3165 (3).jpg,data/raw/prototype/real/cifake_v3_train_real_0319.jpg,cbbd6e85224ec7015134ce7bc8a6b9031148ce65ab4198f307b68b2399274f2c,cbbd6e85224ec7015134ce7bc8a6b9031148ce65ab4198f307b68b2399274f2c,01a20a9743c0f213479d3a2fd7c7208a5fd22008fef085cd19a6c72e4c1c46b5,959,32,32,RGB,JPEG
cifake_v3_train_real_0320,train,real,0,CIFAKE,3,train,real,data/interim/cifake_source_v3/train/REAL/4979 (7).jpg,train/REAL/4979 (7).jpg,data/raw/prototype/real/cifake_v3_train_real_0320.jpg,a82bed5c01bd430fb531bf323202762bc1ee26b72ebb598c0b41ab5ff0a5304a,a82bed5c01bd430fb531bf323202762bc1ee26b72ebb598c0b41ab5ff0a5304a,01a24d77f3ad6213a503350f440fe285d770fb2a3e2b66e5ad30b53657fd723c,942,32,32,RGB,JPEG
cifake_v3_train_real_0321,train,real,0,CIFAKE,3,train,real,data/interim/cifake_source_v3/train/REAL/1663 (5).jpg,train/REAL/1663 (5).jpg,data/raw/prototype/real/cifake_v3_train_real_0321.jpg,e5d90321233ecaeed256126cb14d457f9840587ee80e662abb17c86a3900265d,e5d90321233ecaeed256126cb14d457f9840587ee80e662abb17c86a3900265d,01a499da625a3fcea8f57321ddf8464833a3c04d9b16fa8038624e5d36c90558,910,32,32,RGB,JPEG
cifake_v3_train_real_0322,train,real,0,CIFAKE,3,train,real,data/interim/cifake_source_v3/train/REAL/1505 (5).jpg,train/REAL/1505 (5).jpg,data/raw/prototype/real/cifake_v3_train_real_0322.jpg,b047eb87c64c6ba9ff5b23461e5a02ee1c73ea56aa0bca22c06c8add3c2f2e5d,b047eb87c64c6ba9ff5b23461e5a02ee1c73ea56aa0bca22c06c8add3c2f2e5d,01a4d5d0e9ebd6a94dd76fafa059c2d71e24a5122f7041d86898a3de5c768a49,928,32,32,RGB,JPEG
cifake_v3_train_real_0323,train,real,0,CIFAKE,3,train,real,data/interim/cifake_source_v3/train/REAL/1000 (8).jpg,train/REAL/1000 (8).jpg,data/raw/prototype/real/cifake_v3_train_real_0323.jpg,34e085d1e7e39f5e1ab22ac2a3eb2ea56e76871016a895bf720af60b65796bd5,34e085d1e7e39f5e1ab22ac2a3eb2ea56e76871016a895bf720af60b65796bd5,01a9eba4fe854858a383996deac288b1e45bdef14387020b844f23e1a014eb4a,1013,32,32,RGB,JPEG
cifake_v3_train_real_0324,train,real,0,CIFAKE,3,train,real,data/interim/cifake_source_v3/train/REAL/3249 (8).jpg,train/REAL/3249 (8).jpg,data/raw/prototype/real/cifake_v3_train_real_0324.jpg,468e3a55e97c722bc82d591817d4970c8a2eeaf29b5fe2e235b203f7de1de10f,468e3a55e97c722bc82d591817d4970c8a2eeaf29b5fe2e235b203f7de1de10f,01ab4822c14c1688be6f040f0aaf987ff53fdc583dfa80ed51df16ad7346b626,921,32,32,RGB,JPEG
cifake_v3_train_real_0325,train,real,0,CIFAKE,3,train,real,data/interim/cifake_source_v3/train/REAL/4374 (8).jpg,train/REAL/4374 (8).jpg,data/raw/prototype/real/cifake_v3_train_real_0325.jpg,2998aae2f9e92c226acc76ac5a407ca23f7ee47dd8d3e94123230c41cb431433,2998aae2f9e92c226acc76ac5a407ca23f7ee47dd8d3e94123230c41cb431433,01abda18352ceab31ccdd73c24fcbe071dabdec47822790b634b0f07277e2839,1008,32,32,RGB,JPEG
cifake_v3_train_real_0326,train,real,0,CIFAKE,3,train,real,data/interim/cifake_source_v3/train/REAL/3925.jpg,train/REAL/3925.jpg,data/raw/prototype/real/cifake_v3_train_real_0326.jpg,c1a5e12d6d0d6fbf04a033b18e351e4948195e71867708daac439a7850f8a463,c1a5e12d6d0d6fbf04a033b18e351e4948195e71867708daac439a7850f8a463,01ae56cc4fbc3332dde074f57743ccd580041e8894ba1ffa414aa4cabf899840,952,32,32,RGB,JPEG
cifake_v3_train_real_0327,train,real,0,CIFAKE,3,train,real,data/interim/cifake_source_v3/train/REAL/0479 (3).jpg,train/REAL/0479 (3).jpg,data/raw/prototype/real/cifake_v3_train_real_0327.jpg,bd90b7f1b942a6fbe8fd3ba9aa9ededd92765c0ef1eede3b3a481390453c842c,bd90b7f1b942a6fbe8fd3ba9aa9ededd92765c0ef1eede3b3a481390453c842c,01af0b28bcf2109d155d6bdf6db21e3d6cee3c3d1ce641cee324f45e5d6ca8ee,968,32,32,RGB,JPEG
cifake_v3_train_real_0328,train,real,0,CIFAKE,3,train,real,data/interim/cifake_source_v3/train/REAL/4191 (9).jpg,train/REAL/4191 (9).jpg,data/raw/prototype/real/cifake_v3_train_real_0328.jpg,0f7187a7e217da8564f49d9fb0359d428a2493bf51dd9e0829e6268c1c535ceb,0f7187a7e217da8564f49d9fb0359d428a2493bf51dd9e0829e6268c1c535ceb,01b03eb28527adf90d63fbbcce4a390e2015639149c7e7482bf6ccfdcf45f46c,710,32,32,RGB,JPEG
cifake_v3_train_real_0329,train,real,0,CIFAKE,3,train,real,data/interim/cifake_source_v3/train/REAL/2186 (5).jpg,train/REAL/2186 (5).jpg,data/raw/prototype/real/cifake_v3_train_real_0329.jpg,684e44d43389719346623ce449db22cf679430ec4ce9456aae63e22dc66b448d,684e44d43389719346623ce449db22cf679430ec4ce9456aae63e22dc66b448d,01b10b3414197d0f4000bf49daf2b97013fcdd8d46c2a1d03f843655bbce1373,968,32,32,RGB,JPEG
cifake_v3_train_real_0330,train,real,0,CIFAKE,3,train,real,data/interim/cifake_source_v3/train/REAL/4632 (4).jpg,train/REAL/4632 (4).jpg,data/raw/prototype/real/cifake_v3_train_real_0330.jpg,c6d575d4ba7b84188cb7c62bfc3321e2400de16d3e6fcdd2f84f26157e1db99e,c6d575d4ba7b84188cb7c62bfc3321e2400de16d3e6fcdd2f84f26157e1db99e,01b48aa69c4767bab39f4c5ed999a494b4d6d5ca63d01579a77d67e52b6ca7b0,853,32,32,RGB,JPEG
cifake_v3_train_real_0331,train,real,0,CIFAKE,3,train,real,data/interim/cifake_source_v3/train/REAL/4837 (5).jpg,train/REAL/4837 (5).jpg,data/raw/prototype/real/cifake_v3_train_real_0331.jpg,a5e3884ac6e23ad84c5db1eeb896dac7112d7692ae77121741b075d1f821db84,a5e3884ac6e23ad84c5db1eeb896dac7112d7692ae77121741b075d1f821db84,01bde1679aebb4d16e2807ad130743671d0c43e6383eeb185a1c76cd4af88e94,869,32,32,RGB,JPEG
cifake_v3_train_real_0332,train,real,0,CIFAKE,3,train,real,data/interim/cifake_source_v3/train/REAL/3471 (3).jpg,train/REAL/3471 (3).jpg,data/raw/prototype/real/cifake_v3_train_real_0332.jpg,d878d59d631c584b7786bc1375b5b5c9c8a362584ca8b2a0abc66b3a47b98db3,d878d59d631c584b7786bc1375b5b5c9c8a362584ca8b2a0abc66b3a47b98db3,01bfdfd320d6e77732609496f4b0713a418488d641e84388f50a3e95891c398e,890,32,32,RGB,JPEG
cifake_v3_train_real_0333,train,real,0,CIFAKE,3,train,real,data/interim/cifake_source_v3/train/REAL/1495.jpg,train/REAL/1495.jpg,data/raw/prototype/real/cifake_v3_train_real_0333.jpg,078c7439678e3d90c4079ab32cebc9a4bc7acf76edbca2c5a0443ec0dfb2c56f,078c7439678e3d90c4079ab32cebc9a4bc7acf76edbca2c5a0443ec0dfb2c56f,01c2fe146124c8c25f77aca47e6cfdb18060e1eff35c8619c14ac8f282416944,782,32,32,RGB,JPEG
cifake_v3_train_real_0334,train,real,0,CIFAKE,3,train,real,data/interim/cifake_source_v3/train/REAL/1925 (4).jpg,train/REAL/1925 (4).jpg,data/raw/prototype/real/cifake_v3_train_real_0334.jpg,601dc8f16817189231f73258188922df9852133944651a98b9026a19e3cc9187,601dc8f16817189231f73258188922df9852133944651a98b9026a19e3cc9187,01c57030fda96d0181981617728a6fa531f7d017da8c86d2aa6f3cb845e381f9,932,32,32,RGB,JPEG
cifake_v3_train_real_0335,train,real,0,CIFAKE,3,train,real,data/interim/cifake_source_v3/train/REAL/4570 (9).jpg,train/REAL/4570 (9).jpg,data/raw/prototype/real/cifake_v3_train_real_0335.jpg,923c25481bba476dd58dab1c2f02d87c65dd38d3f569c8cda120f902b9ab350c,923c25481bba476dd58dab1c2f02d87c65dd38d3f569c8cda120f902b9ab350c,01c5e9c4203c11007054611635e1e4857bf10db432fbfc71762a0895b15726da,909,32,32,RGB,JPEG
cifake_v3_train_real_0336,train,real,0,CIFAKE,3,train,real,data/interim/cifake_source_v3/train/REAL/4770 (5).jpg,train/REAL/4770 (5).jpg,data/raw/prototype/real/cifake_v3_train_real_0336.jpg,12af99f161ba1c648700cd6e6820e67daa2ad403d8e113cceef8ec3237ce5ec9,12af99f161ba1c648700cd6e6820e67daa2ad403d8e113cceef8ec3237ce5ec9,01c6f21b6fa8eaeb366d95417712127073efecef90b1ee92dac48830665962c2,913,32,32,RGB,JPEG
cifake_v3_train_real_0337,train,real,0,CIFAKE,3,train,real,data/interim/cifake_source_v3/train/REAL/2096 (10).jpg,train/REAL/2096 (10).jpg,data/raw/prototype/real/cifake_v3_train_real_0337.jpg,3a1b740024cb6bab371054cae5ef130d6aa1538dacc8cfe8e486593a474ce28d,3a1b740024cb6bab371054cae5ef130d6aa1538dacc8cfe8e486593a474ce28d,01c8037078ef64379efd42c4897ed6f43c271144b562896ae9be299cb6f112ef,860,32,32,RGB,JPEG
cifake_v3_train_real_0338,train,real,0,CIFAKE,3,train,real,data/interim/cifake_source_v3/train/REAL/3793 (8).jpg,train/REAL/3793 (8).jpg,data/raw/prototype/real/cifake_v3_train_real_0338.jpg,437fb372c8ef5dbb7b0f1ae506d4cc14a841001114e2a08fdf1454ae555f0dde,437fb372c8ef5dbb7b0f1ae506d4cc14a841001114e2a08fdf1454ae555f0dde,01c83bb94ce6bbcacd1655fc29ec32e1341e061b5df2269a441aeecc572edbf2,890,32,32,RGB,JPEG
cifake_v3_train_real_0339,train,real,0,CIFAKE,3,train,real,data/interim/cifake_source_v3/train/REAL/0019.jpg,train/REAL/0019.jpg,data/raw/prototype/real/cifake_v3_train_real_0339.jpg,613780a13ed9938b350e2cf77128e5026458af319647098b84f0ded65fafe30b,613780a13ed9938b350e2cf77128e5026458af319647098b84f0ded65fafe30b,01c8ffa29ed31f54011787cc4b47f2e674e9b6acce097bf8c4271baf4fe76a4e,918,32,32,RGB,JPEG
cifake_v3_train_real_0340,train,real,0,CIFAKE,3,train,real,data/interim/cifake_source_v3/train/REAL/4964 (4).jpg,train/REAL/4964 (4).jpg,data/raw/prototype/real/cifake_v3_train_real_0340.jpg,f30f569dccd18f16dcf99a1d43492f4be097ded85faec975a192226ba97fc59f,f30f569dccd18f16dcf99a1d43492f4be097ded85faec975a192226ba97fc59f,01c943563f7e19fd51ca74ab4b90b951dc8e751f1b71a421522742a92102e739,841,32,32,RGB,JPEG
cifake_v3_train_real_0341,train,real,0,CIFAKE,3,train,real,data/interim/cifake_source_v3/train/REAL/4893 (5).jpg,train/REAL/4893 (5).jpg,data/raw/prototype/real/cifake_v3_train_real_0341.jpg,d1c79f927e261fe65a5a753650ad3e7ff9fbd30f6f19693d7db887ab150aa394,d1c79f927e261fe65a5a753650ad3e7ff9fbd30f6f19693d7db887ab150aa394,01c944c380b79d89795190e3fbffa0e9267f2dee5e29f78a40649f77948d0283,823,32,32,RGB,JPEG
cifake_v3_train_real_0342,train,real,0,CIFAKE,3,train,real,data/interim/cifake_source_v3/train/REAL/3686 (4).jpg,train/REAL/3686 (4).jpg,data/raw/prototype/real/cifake_v3_train_real_0342.jpg,014e5c0a3ca481a677093b5bc38ce15d19271d904322f9c720260043f74b61e2,014e5c0a3ca481a677093b5bc38ce15d19271d904322f9c720260043f74b61e2,01c94cb2a6aa7c2b52955e78ab73bdacadb93165d3332bd46ad74eaa5bb69e66,925,32,32,RGB,JPEG
cifake_v3_train_real_0343,train,real,0,CIFAKE,3,train,real,data/interim/cifake_source_v3/train/REAL/0010 (6).jpg,train/REAL/0010 (6).jpg,data/raw/prototype/real/cifake_v3_train_real_0343.jpg,486d26116ed46181d95097df70494c11062287e8d117e6b362352606f3697afd,486d26116ed46181d95097df70494c11062287e8d117e6b362352606f3697afd,01cd2d43e3aa7e225139bce36af3a37b3f204f550eb4509cffed7340afeabe8a,935,32,32,RGB,JPEG
cifake_v3_train_real_0344,train,real,0,CIFAKE,3,train,real,data/interim/cifake_source_v3/train/REAL/1572 (10).jpg,train/REAL/1572 (10).jpg,data/raw/prototype/real/cifake_v3_train_real_0344.jpg,5c5ab3f9d164486bc6cf71017f8995d3cee803ac909782a78e3b0bdf04a83512,5c5ab3f9d164486bc6cf71017f8995d3cee803ac909782a78e3b0bdf04a83512,01cf8a7f8dad620c2c8e3c4bfc024027707826d2710d6295067aea15d49e27c4,918,32,32,RGB,JPEG
cifake_v3_train_real_0345,train,real,0,CIFAKE,3,train,real,data/interim/cifake_source_v3/train/REAL/0567 (3).jpg,train/REAL/0567 (3).jpg,data/raw/prototype/real/cifake_v3_train_real_0345.jpg,5e3a222e1ec968334e765840ced07f7fed29230f55b69798d2f9c6c47644435d,5e3a222e1ec968334e765840ced07f7fed29230f55b69798d2f9c6c47644435d,01cfbe5e5607d1776604b6811454c00f8ffbe8d346756f13a49a54e51db397e8,844,32,32,RGB,JPEG
cifake_v3_train_real_0346,train,real,0,CIFAKE,3,train,real,data/interim/cifake_source_v3/train/REAL/2617 (9).jpg,train/REAL/2617 (9).jpg,data/raw/prototype/real/cifake_v3_train_real_0346.jpg,5e1667ed8c76a30cd0625456dfd8a47c0b9fbab490c022596374c4372c0d9b7d,5e1667ed8c76a30cd0625456dfd8a47c0b9fbab490c022596374c4372c0d9b7d,01d041838b3f9168c140ac2f2f42e07cef345fee8860ea72af2df48e34bdb4ac,793,32,32,RGB,JPEG
cifake_v3_train_real_0347,train,real,0,CIFAKE,3,train,real,data/interim/cifake_source_v3/train/REAL/2558 (6).jpg,train/REAL/2558 (6).jpg,data/raw/prototype/real/cifake_v3_train_real_0347.jpg,a50f80ce6b638e59b96b49af246dfd1c1cda19815156613c8906819c10d0bdd4,a50f80ce6b638e59b96b49af246dfd1c1cda19815156613c8906819c10d0bdd4,01d062d537fe7e114e4a680919e0a359bebfa389c90a4b13ff25ff1a4b73a222,951,32,32,RGB,JPEG
cifake_v3_train_real_0348,train,real,0,CIFAKE,3,train,real,data/interim/cifake_source_v3/train/REAL/1583 (8).jpg,train/REAL/1583 (8).jpg,data/raw/prototype/real/cifake_v3_train_real_0348.jpg,36701b68126b141b0a0385c3c06a7f0cebad0cd54f83e75ce8fddb3dcc885d95,36701b68126b141b0a0385c3c06a7f0cebad0cd54f83e75ce8fddb3dcc885d95,01d09f98e21915d60ecc826c47be8c5bd32ace0b453b687ddb9fc8a386eaa496,928,32,32,RGB,JPEG
cifake_v3_train_real_0349,train,real,0,CIFAKE,3,train,real,data/interim/cifake_source_v3/train/REAL/4225 (4).jpg,train/REAL/4225 (4).jpg,data/raw/prototype/real/cifake_v3_train_real_0349.jpg,8db97acb527b35c6ca73e9e965fca5428b4c8a91c9ea8608fec8318e4bbc8692,8db97acb527b35c6ca73e9e965fca5428b4c8a91c9ea8608fec8318e4bbc8692,01d0c61738f80ce20760198b86cadf8721459241ac5c3432ad9c4e8701e87d4b,896,32,32,RGB,JPEG
cifake_v3_train_real_0350,train,real,0,CIFAKE,3,train,real,data/interim/cifake_source_v3/train/REAL/0189.jpg,train/REAL/0189.jpg,data/raw/prototype/real/cifake_v3_train_real_0350.jpg,ab62204a5d19e69c7959ef6b1ab972cf351cf9c9d2f79071dfed7e9d2c976bf3,ab62204a5d19e69c7959ef6b1ab972cf351cf9c9d2f79071dfed7e9d2c976bf3,01d1df73a78e32f0a156778185412e476fa1c4fd37fa445d43e8b3c57d1a2ca5,862,32,32,RGB,JPEG
cifake_v3_train_ai_generated_0001,train,ai_generated,1,CIFAKE,3,train,fake,data/interim/cifake_source_v3/train/FAKE/3529 (8).jpg,train/FAKE/3529 (8).jpg,data/raw/prototype/ai_generated/cifake_v3_train_ai_generated_0001.jpg,42d643c1540108dabde08aaa4733967fa0c9dcc4a8b1eddbda337c728fed970d,42d643c1540108dabde08aaa4733967fa0c9dcc4a8b1eddbda337c728fed970d,000274702703d5de4be6312c6ec89e35d2bf574924b2ba9ccd0cfbdac2cac652,965,32,32,RGB,JPEG
cifake_v3_train_ai_generated_0002,train,ai_generated,1,CIFAKE,3,train,fake,data/interim/cifake_source_v3/train/FAKE/5635 (8).jpg,train/FAKE/5635 (8).jpg,data/raw/prototype/ai_generated/cifake_v3_train_ai_generated_0002.jpg,82ec427c861c697936a86d3dd8ed932ef3f7e52ffad1c1bb8fc7513103edf5cb,82ec427c861c697936a86d3dd8ed932ef3f7e52ffad1c1bb8fc7513103edf5cb,0003c1d8369da2dbdaf05b33b442c4d95c0db837fe1ff03cd144c5a7e6867f02,963,32,32,RGB,JPEG
cifake_v3_train_ai_generated_0003,train,ai_generated,1,CIFAKE,3,train,fake,data/interim/cifake_source_v3/train/FAKE/3537.jpg,train/FAKE/3537.jpg,data/raw/prototype/ai_generated/cifake_v3_train_ai_generated_0003.jpg,847af02a70f5f8c6bad3debfa5ae22dcbcc3c4a1879979341b594b3922e41338,847af02a70f5f8c6bad3debfa5ae22dcbcc3c4a1879979341b594b3922e41338,0003ebc9ca2366f457a7f10ae8e48f41239393947fc26415cd3a0a24b7bb8cba,860,32,32,RGB,JPEG
cifake_v3_train_ai_generated_0004,train,ai_generated,1,CIFAKE,3,train,fake,data/interim/cifake_source_v3/train/FAKE/1271.jpg,train/FAKE/1271.jpg,data/raw/prototype/ai_generated/cifake_v3_train_ai_generated_0004.jpg,5b018722561b285b7280ed14ef5dc69786048d8857f8e872b33a773d9d196d73,5b018722561b285b7280ed14ef5dc69786048d8857f8e872b33a773d9d196d73,0004536966519b60d1897bad90ae67eb1c1a739e93260db6c69ffb1b102d841b,808,32,32,RGB,JPEG
cifake_v3_train_ai_generated_0005,train,ai_generated,1,CIFAKE,3,train,fake,data/interim/cifake_source_v3/train/FAKE/1064 (5).jpg,train/FAKE/1064 (5).jpg,data/raw/prototype/ai_generated/cifake_v3_train_ai_generated_0005.jpg,fe398e96f04899ceaa4bc63ed6944fbc9274a23c8cfd7dfb3a18842328ec057d,fe398e96f04899ceaa4bc63ed6944fbc9274a23c8cfd7dfb3a18842328ec057d,000579bef4b644c4333ab8518cacbbe046fc662474fe7a12d878ff98c4e80126,974,32,32,RGB,JPEG
cifake_v3_train_ai_generated_0006,train,ai_generated,1,CIFAKE,3,train,fake,data/interim/cifake_source_v3/train/FAKE/5984 (4).jpg,train/FAKE/5984 (4).jpg,data/raw/prototype/ai_generated/cifake_v3_train_ai_generated_0006.jpg,4bfc04c530580302e3ce5534a474879af12510e0a3441d8bc7d8813d21a5a89c,4bfc04c530580302e3ce5534a474879af12510e0a3441d8bc7d8813d21a5a89c,0007191684116f2820724f26ed38a9993a009e81746aa80866eac51d579bae69,945,32,32,RGB,JPEG
cifake_v3_train_ai_generated_0007,train,ai_generated,1,CIFAKE,3,train,fake,data/interim/cifake_source_v3/train/FAKE/3218 (6).jpg,train/FAKE/3218 (6).jpg,data/raw/prototype/ai_generated/cifake_v3_train_ai_generated_0007.jpg,40c2439854313551c49aecba8775eaf470521f325b276e51b9d5cfad6d3190b4,40c2439854313551c49aecba8775eaf470521f325b276e51b9d5cfad6d3190b4,00073f356d91df11b49dcfc0668b2a01e99652bba940081a7062e3c71f34ea73,977,32,32,RGB,JPEG
cifake_v3_train_ai_generated_0008,train,ai_generated,1,CIFAKE,3,train,fake,data/interim/cifake_source_v3/train/FAKE/5669 (9).jpg,train/FAKE/5669 (9).jpg,data/raw/prototype/ai_generated/cifake_v3_train_ai_generated_0008.jpg,3c19c0757f7cfad6ccb56fb4883e8d9366b4a67975906fcf26ace9ad37b6cfd4,3c19c0757f7cfad6ccb56fb4883e8d9366b4a67975906fcf26ace9ad37b6cfd4,00083a8c154da6236e74c98fd0670b95cbb727fdc15b77c9b2553fefef89d607,780,32,32,RGB,JPEG
cifake_v3_train_ai_generated_0009,train,ai_generated,1,CIFAKE,3,train,fake,data/interim/cifake_source_v3/train/FAKE/2569 (5).jpg,train/FAKE/2569 (5).jpg,data/raw/prototype/ai_generated/cifake_v3_train_ai_generated_0009.jpg,225c275409ad4c357bfb86e363267a8a11196cddad70f6ac16ba28674611ac3f,225c275409ad4c357bfb86e363267a8a11196cddad70f6ac16ba28674611ac3f,0008f2911a969567825f062bf2481c4a9bbc7fa57b356f7e80abf799d324c6b1,868,32,32,RGB,JPEG
cifake_v3_train_ai_generated_0010,train,ai_generated,1,CIFAKE,3,train,fake,data/interim/cifake_source_v3/train/FAKE/1489 (2).jpg,train/FAKE/1489 (2).jpg,data/raw/prototype/ai_generated/cifake_v3_train_ai_generated_0010.jpg,a2fc173d75d06049d7fe7d17a97765033aaca972acc41efdc2157776fff58994,a2fc173d75d06049d7fe7d17a97765033aaca972acc41efdc2157776fff58994,000b573893a14c11dcba573a4ffde06a7d5431c46b4c009ba3521560825bcfbd,901,32,32,RGB,JPEG
cifake_v3_train_ai_generated_0011,train,ai_generated,1,CIFAKE,3,train,fake,data/interim/cifake_source_v3/train/FAKE/1049 (8).jpg,train/FAKE/1049 (8).jpg,data/raw/prototype/ai_generated/cifake_v3_train_ai_generated_0011.jpg,96fe3c5dbe8268e7af0bb5628d2ec71481d7702a7166a69e347f727e016d5717,96fe3c5dbe8268e7af0bb5628d2ec71481d7702a7166a69e347f727e016d5717,000f226b7b88583ff55a79d44104432e0936268ec055014d9710ea7acfcd67d3,910,32,32,RGB,JPEG
cifake_v3_train_ai_generated_0012,train,ai_generated,1,CIFAKE,3,train,fake,data/interim/cifake_source_v3/train/FAKE/2998.jpg,train/FAKE/2998.jpg,data/raw/prototype/ai_generated/cifake_v3_train_ai_generated_0012.jpg,529dd9060ff6d4f47198a55cd089f9e20ba739f6abecd1f7ca996e671f68ec5d,529dd9060ff6d4f47198a55cd089f9e20ba739f6abecd1f7ca996e671f68ec5d,0014ab10c02eddbd68132b68d042fcd2e27e9b56f6eee4c24efea4494cecfc9a,850,32,32,RGB,JPEG
cifake_v3_train_ai_generated_0013,train,ai_generated,1,CIFAKE,3,train,fake,data/interim/cifake_source_v3/train/FAKE/5672 (8).jpg,train/FAKE/5672 (8).jpg,data/raw/prototype/ai_generated/cifake_v3_train_ai_generated_0013.jpg,36663d57f77cb98d3fed907ac0ae434a933a340df9609bc67e91ab856efb7dc6,36663d57f77cb98d3fed907ac0ae434a933a340df9609bc67e91ab856efb7dc6,001586881537390ed388c5fc11e496962a137a100ef219bdcf9a4645d64a6a90,933,32,32,RGB,JPEG
cifake_v3_train_ai_generated_0014,train,ai_generated,1,CIFAKE,3,train,fake,data/interim/cifake_source_v3/train/FAKE/5233 (8).jpg,train/FAKE/5233 (8).jpg,data/raw/prototype/ai_generated/cifake_v3_train_ai_generated_0014.jpg,6e1a86d2ca29ee4f3dd006b6b40322afa27608631df1312fb0c33508f3a62d94,6e1a86d2ca29ee4f3dd006b6b40322afa27608631df1312fb0c33508f3a62d94,00159e64fd9e6697dcb4d6c2809a76a6e15da0e086f3faf1163b1241c97da870,1006,32,32,RGB,JPEG
cifake_v3_train_ai_generated_0015,train,ai_generated,1,CIFAKE,3,train,fake,data/interim/cifake_source_v3/train/FAKE/1685 (3).jpg,train/FAKE/1685 (3).jpg,data/raw/prototype/ai_generated/cifake_v3_train_ai_generated_0015.jpg,a64b2d545bcd4bedecfce6087e14c6032c9b464ec9cf370b14dd2313cf6b3907,a64b2d545bcd4bedecfce6087e14c6032c9b464ec9cf370b14dd2313cf6b3907,0015a0b1d9422fe208dc8ebf6089de9cdb3e171ab87f3f6e4ae9c6e1b85d69c5,744,32,32,RGB,JPEG
cifake_v3_train_ai_generated_0016,train,ai_generated,1,CIFAKE,3,train,fake,data/interim/cifake_source_v3/train/FAKE/3741 (4).jpg,train/FAKE/3741 (4).jpg,data/raw/prototype/ai_generated/cifake_v3_train_ai_generated_0016.jpg,cb4c2bb210542d74867dd6e27238493485581a9eafb1b8ab5e1f1151bcf318fb,cb4c2bb210542d74867dd6e27238493485581a9eafb1b8ab5e1f1151bcf318fb,0016cda3e45b095db9a6c7b8f99901d988eacc1efca727fedb3829db845210f3,1038,32,32,RGB,JPEG
cifake_v3_train_ai_generated_0017,train,ai_generated,1,CIFAKE,3,train,fake,data/interim/cifake_source_v3/train/FAKE/4383 (8).jpg,train/FAKE/4383 (8).jpg,data/raw/prototype/ai_generated/cifake_v3_train_ai_generated_0017.jpg,a9eb4283fd0c3e3f369ef87cdbf7b1790eae6a479cad2764302da5bd353f02d2,a9eb4283fd0c3e3f369ef87cdbf7b1790eae6a479cad2764302da5bd353f02d2,0018d1f6a35f6cefd5ea70ff533c89d520e141a2155fd556aee2b54ad675fb64,988,32,32,RGB,JPEG
cifake_v3_train_ai_generated_0018,train,ai_generated,1,CIFAKE,3,train,fake,data/interim/cifake_source_v3/train/FAKE/3833 (2).jpg,train/FAKE/3833 (2).jpg,data/raw/prototype/ai_generated/cifake_v3_train_ai_generated_0018.jpg,f6c414f561ac53d3197d5276f1b58f17bd5a034fc5ae1633b3d54df78f093fee,f6c414f561ac53d3197d5276f1b58f17bd5a034fc5ae1633b3d54df78f093fee,001b04a91acba28fc175f0f5a3776ade0df1b6a06de327473c2c75f9113add90,931,32,32,RGB,JPEG
cifake_v3_train_ai_generated_0019,train,ai_generated,1,CIFAKE,3,train,fake,data/interim/cifake_source_v3/train/FAKE/1648.jpg,train/FAKE/1648.jpg,data/raw/prototype/ai_generated/cifake_v3_train_ai_generated_0019.jpg,38b2f329b53826073cc81eb82639988d3ca0d4222a9ee33e69f14ba97ea57b9a,38b2f329b53826073cc81eb82639988d3ca0d4222a9ee33e69f14ba97ea57b9a,001e4282cb6cf74ad829bd03fe7985b80f2cafaac85f2e348040ca2fe2b2ab53,859,32,32,RGB,JPEG
cifake_v3_train_ai_generated_0020,train,ai_generated,1,CIFAKE,3,train,fake,data/interim/cifake_source_v3/train/FAKE/5820 (3).jpg,train/FAKE/5820 (3).jpg,data/raw/prototype/ai_generated/cifake_v3_train_ai_generated_0020.jpg,e4e6bad1328aa3bc46e199880c6b520ef53b91419ad40dcd54cbb8a9f4886560,e4e6bad1328aa3bc46e199880c6b520ef53b91419ad40dcd54cbb8a9f4886560,00218061f1c6be4482165a41ee54b0707812a4d5c656eb5ba519b3de4ca52ecb,879,32,32,RGB,JPEG
cifake_v3_train_ai_generated_0021,train,ai_generated,1,CIFAKE,3,train,fake,data/interim/cifake_source_v3/train/FAKE/3053.jpg,train/FAKE/3053.jpg,data/raw/prototype/ai_generated/cifake_v3_train_ai_generated_0021.jpg,9e53a7addbbee5ba504db037b77d9e4b74e77eaf44847d95ee5af02be28c8ab0,9e53a7addbbee5ba504db037b77d9e4b74e77eaf44847d95ee5af02be28c8ab0,002455b2cccd457a3bf14a32d388a5c3ef7c7e9fd73ab87235902bd76bc7c0c8,826,32,32,RGB,JPEG
cifake_v3_train_ai_generated_0022,train,ai_generated,1,CIFAKE,3,train,fake,data/interim/cifake_source_v3/train/FAKE/1690 (10).jpg,train/FAKE/1690 (10).jpg,data/raw/prototype/ai_generated/cifake_v3_train_ai_generated_0022.jpg,f2a4656c5fa28ce3d8d7f2a3f36d422254d6338c223fe7774b648f3bc990c9b7,f2a4656c5fa28ce3d8d7f2a3f36d422254d6338c223fe7774b648f3bc990c9b7,002579d01b186a1db31f3b9e86a9eb375dfb29a3485791d24d389426d59f24a3,902,32,32,RGB,JPEG
cifake_v3_train_ai_generated_0023,train,ai_generated,1,CIFAKE,3,train,fake,data/interim/cifake_source_v3/train/FAKE/1953 (2).jpg,train/FAKE/1953 (2).jpg,data/raw/prototype/ai_generated/cifake_v3_train_ai_generated_0023.jpg,e525fb62521fa2b3ba33ea588f02fea44bd141d2660e4d7576e7bcb469af1b28,e525fb62521fa2b3ba33ea588f02fea44bd141d2660e4d7576e7bcb469af1b28,0026f61f52796b9a5a8c81cf0431f5ad79628bfb93029af521e89f0651d39d92,900,32,32,RGB,JPEG
cifake_v3_train_ai_generated_0024,train,ai_generated,1,CIFAKE,3,train,fake,data/interim/cifake_source_v3/train/FAKE/5734 (8).jpg,train/FAKE/5734 (8).jpg,data/raw/prototype/ai_generated/cifake_v3_train_ai_generated_0024.jpg,e936375b644f9e748794ab795e87772aaf86dceb0a0034a8a77a33e160236f63,e936375b644f9e748794ab795e87772aaf86dceb0a0034a8a77a33e160236f63,0027310e84c9e0c279616098def1671031e0819074e9bce4cfa393e82a290aa2,972,32,32,RGB,JPEG
cifake_v3_train_ai_generated_0025,train,ai_generated,1,CIFAKE,3,train,fake,data/interim/cifake_source_v3/train/FAKE/4540 (7).jpg,train/FAKE/4540 (7).jpg,data/raw/prototype/ai_generated/cifake_v3_train_ai_generated_0025.jpg,f683e09be1a51f362b5520244c715ba902fbb770ec6ca3aac18f1bb0353ccea3,f683e09be1a51f362b5520244c715ba902fbb770ec6ca3aac18f1bb0353ccea3,00288a83c38f5e5768b562b8278e5302b48d5280f8cecf6fbbb6241bfea6ba9f,981,32,32,RGB,JPEG
cifake_v3_train_ai_generated_0026,train,ai_generated,1,CIFAKE,3,train,fake,data/interim/cifake_source_v3/train/FAKE/4905 (6).jpg,train/FAKE/4905 (6).jpg,data/raw/prototype/ai_generated/cifake_v3_train_ai_generated_0026.jpg,319fc7031b491f0efdec034fe02cd3fff643d3cb310995c736c3795ac1915eff,319fc7031b491f0efdec034fe02cd3fff643d3cb310995c736c3795ac1915eff,002bbef8784262cd0488f7a6b6c7de63a0d5cf0422f8835e1e87dc63ae4129d0,896,32,32,RGB,JPEG
cifake_v3_train_ai_generated_0027,train,ai_generated,1,CIFAKE,3,train,fake,data/interim/cifake_source_v3/train/FAKE/5418 (10).jpg,train/FAKE/5418 (10).jpg,data/raw/prototype/ai_generated/cifake_v3_train_ai_generated_0027.jpg,b57aed07f3ba5206fe2b5094f8875fba97b453e084bd890253da593e47e70e61,b57aed07f3ba5206fe2b5094f8875fba97b453e084bd890253da593e47e70e61,002bc5f352facdcf07c9c42b25ef6830d8f3cea5e4130af88de3b770752a0b0d,1040,32,32,RGB,JPEG
cifake_v3_train_ai_generated_0028,train,ai_generated,1,CIFAKE,3,train,fake,data/interim/cifake_source_v3/train/FAKE/4307 (7).jpg,train/FAKE/4307 (7).jpg,data/raw/prototype/ai_generated/cifake_v3_train_ai_generated_0028.jpg,9090d0aae67e10eb0949ee04800792cd8c96e90626e2f9e103f63ab40aabaee7,9090d0aae67e10eb0949ee04800792cd8c96e90626e2f9e103f63ab40aabaee7,002bf2efd7ca553a4a3404a5c8484e74764d0b3017267afa742a86dbbcef2b20,938,32,32,RGB,JPEG
cifake_v3_train_ai_generated_0029,train,ai_generated,1,CIFAKE,3,train,fake,data/interim/cifake_source_v3/train/FAKE/4328 (3).jpg,train/FAKE/4328 (3).jpg,data/raw/prototype/ai_generated/cifake_v3_train_ai_generated_0029.jpg,fe3c9dff84e188dd51bb5b775f0492933c1c202e6d54ed076d0fbf945e9bc281,fe3c9dff84e188dd51bb5b775f0492933c1c202e6d54ed076d0fbf945e9bc281,002c2632e71d2d57174679c220dd55d6939a81a21f8cbbfe7f0d05e1fa464ec4,868,32,32,RGB,JPEG
cifake_v3_train_ai_generated_0030,train,ai_generated,1,CIFAKE,3,train,fake,data/interim/cifake_source_v3/train/FAKE/2795 (8).jpg,train/FAKE/2795 (8).jpg,data/raw/prototype/ai_generated/cifake_v3_train_ai_generated_0030.jpg,851d9611d42bc23fb30676d43ba7ec6695d1babe271a6bc97511898a0d4d3e3c,851d9611d42bc23fb30676d43ba7ec6695d1babe271a6bc97511898a0d4d3e3c,002db484adfc8a449a487719f36e2b957ec3010876b57ba5aff6abc24ec7f07d,925,32,32,RGB,JPEG
cifake_v3_train_ai_generated_0031,train,ai_generated,1,CIFAKE,3,train,fake,data/interim/cifake_source_v3/train/FAKE/5780 (6).jpg,train/FAKE/5780 (6).jpg,data/raw/prototype/ai_generated/cifake_v3_train_ai_generated_0031.jpg,f3e085a755c61764dd9ed20ecafa6bed96a84ebaf1780d13596e9dbbf72ab75b,f3e085a755c61764dd9ed20ecafa6bed96a84ebaf1780d13596e9dbbf72ab75b,002dfa9ccde6a707ed8b1551a9e166c4b29675b7f139c6f77a2138aaff88205c,1021,32,32,RGB,JPEG
cifake_v3_train_ai_generated_0032,train,ai_generated,1,CIFAKE,3,train,fake,data/interim/cifake_source_v3/train/FAKE/4800 (5).jpg,train/FAKE/4800 (5).jpg,data/raw/prototype/ai_generated/cifake_v3_train_ai_generated_0032.jpg,08d0d65af0c03f4aa9c8f516ff87b02cdad793c49eb63ea5d033a396a3d1725d,08d0d65af0c03f4aa9c8f516ff87b02cdad793c49eb63ea5d033a396a3d1725d,002ed65eb4958eac6e05ba57fc13de03f0b53754256f44f296f10fb4863f94da,874,32,32,RGB,JPEG
cifake_v3_train_ai_generated_0033,train,ai_generated,1,CIFAKE,3,train,fake,data/interim/cifake_source_v3/train/FAKE/2097 (3).jpg,train/FAKE/2097 (3).jpg,data/raw/prototype/ai_generated/cifake_v3_train_ai_generated_0033.jpg,0281a01c58601d9055196b0fbe4286b5b4fdaf7fd2ffe5f69d50bd59802d54e1,0281a01c58601d9055196b0fbe4286b5b4fdaf7fd2ffe5f69d50bd59802d54e1,00309f99625c48bfee5e4ecef27557de6e74edf9bfaf6739873ff4fe60e8d195,896,32,32,RGB,JPEG
cifake_v3_train_ai_generated_0034,train,ai_generated,1,CIFAKE,3,train,fake,data/interim/cifake_source_v3/train/FAKE/4765 (7).jpg,train/FAKE/4765 (7).jpg,data/raw/prototype/ai_generated/cifake_v3_train_ai_generated_0034.jpg,8608f01e466de6dad3d4484a0327977dffc2b9c0158d7f173fcf7adbe10041ed,8608f01e466de6dad3d4484a0327977dffc2b9c0158d7f173fcf7adbe10041ed,0031daa77f496091d06c8d4f533346d15de4e1ff506df09160a2096a00a3deab,933,32,32,RGB,JPEG
cifake_v3_train_ai_generated_0035,train,ai_generated,1,CIFAKE,3,train,fake,data/interim/cifake_source_v3/train/FAKE/4146 (3).jpg,train/FAKE/4146 (3).jpg,data/raw/prototype/ai_generated/cifake_v3_train_ai_generated_0035.jpg,4e54db915669ab2c1fb84541e9135b35aadcc6f15e7936fc133380a8b5172ee0,4e54db915669ab2c1fb84541e9135b35aadcc6f15e7936fc133380a8b5172ee0,003428f54fb02bbe56c336c81e9fb789a7ee232a162f8ece704829505829d96f,870,32,32,RGB,JPEG
cifake_v3_train_ai_generated_0036,train,ai_generated,1,CIFAKE,3,train,fake,data/interim/cifake_source_v3/train/FAKE/2848.jpg,train/FAKE/2848.jpg,data/raw/prototype/ai_generated/cifake_v3_train_ai_generated_0036.jpg,33dd7908dfc0c3cc8ab5d4007251ebff56cca89b82ecefe3cb47199acf735094,33dd7908dfc0c3cc8ab5d4007251ebff56cca89b82ecefe3cb47199acf735094,00348014571afea475f7d3a2b1f87233957441a1f6fb5988fcb98f5e38668907,915,32,32,RGB,JPEG
cifake_v3_train_ai_generated_0037,train,ai_generated,1,CIFAKE,3,train,fake,data/interim/cifake_source_v3/train/FAKE/5005 (2).jpg,train/FAKE/5005 (2).jpg,data/raw/prototype/ai_generated/cifake_v3_train_ai_generated_0037.jpg,49b16c74a5e2d820c3ded5187fe62155ef56b8caef440c8606238f2bcb41f6a1,49b16c74a5e2d820c3ded5187fe62155ef56b8caef440c8606238f2bcb41f6a1,00357d9f6ecef11595a2f115d8ec65787416c6e98bc520e00572c88b1c2d45ae,946,32,32,RGB,JPEG
cifake_v3_train_ai_generated_0038,train,ai_generated,1,CIFAKE,3,train,fake,data/interim/cifake_source_v3/train/FAKE/2440 (2).jpg,train/FAKE/2440 (2).jpg,data/raw/prototype/ai_generated/cifake_v3_train_ai_generated_0038.jpg,fc6b7c21e7ab96a945f01280d0a73b2a99053850e9836fd244b9c29ed4601232,fc6b7c21e7ab96a945f01280d0a73b2a99053850e9836fd244b9c29ed4601232,0035d1503b516351401de4b778a1a5f234b3859137b2d2acff30d98a30712b75,990,32,32,RGB,JPEG
cifake_v3_train_ai_generated_0039,train,ai_generated,1,CIFAKE,3,train,fake,data/interim/cifake_source_v3/train/FAKE/4839 (5).jpg,train/FAKE/4839 (5).jpg,data/raw/prototype/ai_generated/cifake_v3_train_ai_generated_0039.jpg,3986e1bda00e661987d6968d17949ff4aae3334f18e1d3716d48215d452538bc,3986e1bda00e661987d6968d17949ff4aae3334f18e1d3716d48215d452538bc,003666385fc84e1dd0afe9d9012a4c9dd0f7a12b1afa1809ecaa60500cca24c3,928,32,32,RGB,JPEG
cifake_v3_train_ai_generated_0040,train,ai_generated,1,CIFAKE,3,train,fake,data/interim/cifake_source_v3/train/FAKE/1224 (6).jpg,train/FAKE/1224 (6).jpg,data/raw/prototype/ai_generated/cifake_v3_train_ai_generated_0040.jpg,59aaad98327f37d3274b8f8f5d6d8ecb07c3fa3fb0e89e818a0bca21f9895079,59aaad98327f37d3274b8f8f5d6d8ecb07c3fa3fb0e89e818a0bca21f9895079,00377936c027b519e1e35176e40416f8e65d2323dfd64bb799dc3316783ce207,820,32,32,RGB,JPEG
cifake_v3_train_ai_generated_0041,train,ai_generated,1,CIFAKE,3,train,fake,data/interim/cifake_source_v3/train/FAKE/2681 (3).jpg,train/FAKE/2681 (3).jpg,data/raw/prototype/ai_generated/cifake_v3_train_ai_generated_0041.jpg,be8f147c0eda825a473c9a42e75b83c49eb9e63fe9c689f54831cc6b5c7ec687,be8f147c0eda825a473c9a42e75b83c49eb9e63fe9c689f54831cc6b5c7ec687,003850e283f3024efc3d1caee2710ff9e2ffdf6ca9fad3c76155fea5494d5164,842,32,32,RGB,JPEG
cifake_v3_train_ai_generated_0042,train,ai_generated,1,CIFAKE,3,train,fake,data/interim/cifake_source_v3/train/FAKE/3873.jpg,train/FAKE/3873.jpg,data/raw/prototype/ai_generated/cifake_v3_train_ai_generated_0042.jpg,2d86795de5b90f10c359d177e733bea62af590ee6a1a8e44583beb53b25d8faf,2d86795de5b90f10c359d177e733bea62af590ee6a1a8e44583beb53b25d8faf,003ac768b9ebaeca36fc0d22507cd18ac28d6e1e584c2fbc57e61b6b5ae6805c,896,32,32,RGB,JPEG
cifake_v3_train_ai_generated_0043,train,ai_generated,1,CIFAKE,3,train,fake,data/interim/cifake_source_v3/train/FAKE/1496 (2).jpg,train/FAKE/1496 (2).jpg,data/raw/prototype/ai_generated/cifake_v3_train_ai_generated_0043.jpg,d6713bbd838515c7d0f4c5f6383ed7439fdc20409ed9f0979c782f8180f4f7fa,d6713bbd838515c7d0f4c5f6383ed7439fdc20409ed9f0979c782f8180f4f7fa,003bba94746e7ef250d741c410ad169dc1bccf4b95d3b005bae8194f0970406a,947,32,32,RGB,JPEG
cifake_v3_train_ai_generated_0044,train,ai_generated,1,CIFAKE,3,train,fake,data/interim/cifake_source_v3/train/FAKE/1897 (9).jpg,train/FAKE/1897 (9).jpg,data/raw/prototype/ai_generated/cifake_v3_train_ai_generated_0044.jpg,5e8213bb746ff58f0a893d3c88a0f185fed3de93b87381007df237e69b36d2bc,5e8213bb746ff58f0a893d3c88a0f185fed3de93b87381007df237e69b36d2bc,003d0fc80c1aa157470bd82cfa8788233c9bf0225df857e83a94ca1e8bbc12d3,815,32,32,RGB,JPEG
cifake_v3_train_ai_generated_0045,train,ai_generated,1,CIFAKE,3,train,fake,data/interim/cifake_source_v3/train/FAKE/2974 (7).jpg,train/FAKE/2974 (7).jpg,data/raw/prototype/ai_generated/cifake_v3_train_ai_generated_0045.jpg,e4263f0e2eb97bc321adfd3c79e375f41b33419fd839dcf3d99dc9fa74f3c902,e4263f0e2eb97bc321adfd3c79e375f41b33419fd839dcf3d99dc9fa74f3c902,003da866d99670bc393c4094e2c1ff23e66695e9e22a22728be20e0eeed32d73,1007,32,32,RGB,JPEG
cifake_v3_train_ai_generated_0046,train,ai_generated,1,CIFAKE,3,train,fake,data/interim/cifake_source_v3/train/FAKE/4213 (2).jpg,train/FAKE/4213 (2).jpg,data/raw/prototype/ai_generated/cifake_v3_train_ai_generated_0046.jpg,90bed614609b75f7c9e90057367fdc043022cfe47bd5807d1d63217a8bfc2010,90bed614609b75f7c9e90057367fdc043022cfe47bd5807d1d63217a8bfc2010,003dda5605f3005480634eb7e071347631f2808f05ee043b34bc7c7f074bf23f,977,32,32,RGB,JPEG
cifake_v3_train_ai_generated_0047,train,ai_generated,1,CIFAKE,3,train,fake,data/interim/cifake_source_v3/train/FAKE/5461 (9).jpg,train/FAKE/5461 (9).jpg,data/raw/prototype/ai_generated/cifake_v3_train_ai_generated_0047.jpg,492c4cb0b720961adbf8a1b5ec32b4953daafd16e4d24859442700f4a71f4d59,492c4cb0b720961adbf8a1b5ec32b4953daafd16e4d24859442700f4a71f4d59,003de53d7f3a00ae9d5dcdf8f002c509e39c673e4aaf536226a8431459130899,848,32,32,RGB,JPEG
cifake_v3_train_ai_generated_0048,train,ai_generated,1,CIFAKE,3,train,fake,data/interim/cifake_source_v3/train/FAKE/3856 (8).jpg,train/FAKE/3856 (8).jpg,data/raw/prototype/ai_generated/cifake_v3_train_ai_generated_0048.jpg,a4ff742f1d28131138365191f9229764159eb3b81e204b73d5bf37059d9355e2,a4ff742f1d28131138365191f9229764159eb3b81e204b73d5bf37059d9355e2,003ecde933e52cd77ad21417337eccafc0e87729b8416c19f0f73e2644e52b22,897,32,32,RGB,JPEG
cifake_v3_train_ai_generated_0049,train,ai_generated,1,CIFAKE,3,train,fake,data/interim/cifake_source_v3/train/FAKE/5570 (2).jpg,train/FAKE/5570 (2).jpg,data/raw/prototype/ai_generated/cifake_v3_train_ai_generated_0049.jpg,2ae990e5d6b91fae3c38776eb2736c11f7944324c069f848c2bdf02d77626bb3,2ae990e5d6b91fae3c38776eb2736c11f7944324c069f848c2bdf02d77626bb3,003fcbe6d04e6beb7fed7255a571aad5763b1a669516a9a6ba7ba30ac4213cf1,921,32,32,RGB,JPEG
cifake_v3_train_ai_generated_0050,train,ai_generated,1,CIFAKE,3,train,fake,data/interim/cifake_source_v3/train/FAKE/4322 (2).jpg,train/FAKE/4322 (2).jpg,data/raw/prototype/ai_generated/cifake_v3_train_ai_generated_0050.jpg,621bad14cbdcdd61debd4b10212c8fb0743b16da435450b2f76eee8c25b3c912,621bad14cbdcdd61debd4b10212c8fb0743b16da435450b2f76eee8c25b3c912,00403e73d4c3a879448e9e73d7b90c8827c19e8e6e4b7c5ae68089433b64d473,936,32,32,RGB,JPEG
cifake_v3_train_ai_generated_0051,train,ai_generated,1,CIFAKE,3,train,fake,data/interim/cifake_source_v3/train/FAKE/3572.jpg,train/FAKE/3572.jpg,data/raw/prototype/ai_generated/cifake_v3_train_ai_generated_0051.jpg,b246ce2a6ffb52906a15e3731bfcc784f1a4e327fbc45ee91e51433de48e264b,b246ce2a6ffb52906a15e3731bfcc784f1a4e327fbc45ee91e51433de48e264b,0045f56d91fc8e4a3c286eb010a903670a5f00c8b1d6c87a3d17e2e99c9976a2,766,32,32,RGB,JPEG
cifake_v3_train_ai_generated_0052,train,ai_generated,1,CIFAKE,3,train,fake,data/interim/cifake_source_v3/train/FAKE/2550 (8).jpg,train/FAKE/2550 (8).jpg,data/raw/prototype/ai_generated/cifake_v3_train_ai_generated_0052.jpg,a07cff9587a9692050280a41bcf9196a11facc3692186b2621f308c96a24d55a,a07cff9587a9692050280a41bcf9196a11facc3692186b2621f308c96a24d55a,0046f69ea6045266c41d1b09ca7e3054081a818625a3faa306b50e7052510eb5,951,32,32,RGB,JPEG
cifake_v3_train_ai_generated_0053,train,ai_generated,1,CIFAKE,3,train,fake,data/interim/cifake_source_v3/train/FAKE/2408 (6).jpg,train/FAKE/2408 (6).jpg,data/raw/prototype/ai_generated/cifake_v3_train_ai_generated_0053.jpg,4b2f1e0136a1fda1c3eefc8f0b80037f57a63fd63dc546cb76667c25dd53beae,4b2f1e0136a1fda1c3eefc8f0b80037f57a63fd63dc546cb76667c25dd53beae,004721e990c1776d2957c3f6a8d97110d420a7f60ec16af6bf23edad2b2d30a8,927,32,32,RGB,JPEG
cifake_v3_train_ai_generated_0054,train,ai_generated,1,CIFAKE,3,train,fake,data/interim/cifake_source_v3/train/FAKE/5542 (8).jpg,train/FAKE/5542 (8).jpg,data/raw/prototype/ai_generated/cifake_v3_train_ai_generated_0054.jpg,33e35126ea524230437cda3273883d985b1c3e7fc24ab3e5f69d6e82a0e978bd,33e35126ea524230437cda3273883d985b1c3e7fc24ab3e5f69d6e82a0e978bd,00476572167d791ed32825f41b38a5863dd821bb3a8714fd95061e994e4d010f,962,32,32,RGB,JPEG
cifake_v3_train_ai_generated_0055,train,ai_generated,1,CIFAKE,3,train,fake,data/interim/cifake_source_v3/train/FAKE/3082 (7).jpg,train/FAKE/3082 (7).jpg,data/raw/prototype/ai_generated/cifake_v3_train_ai_generated_0055.jpg,7548a60b183d148d727b9625d8a304814002db8521ebaa762f0b8cf644f9cef9,7548a60b183d148d727b9625d8a304814002db8521ebaa762f0b8cf644f9cef9,0047fc042c8a589ce2374a197ccab25b8460ca3e7f466f39224f06d09667760a,907,32,32,RGB,JPEG
cifake_v3_train_ai_generated_0056,train,ai_generated,1,CIFAKE,3,train,fake,data/interim/cifake_source_v3/train/FAKE/2653 (5).jpg,train/FAKE/2653 (5).jpg,data/raw/prototype/ai_generated/cifake_v3_train_ai_generated_0056.jpg,4239396866beb6812f42e772b4411a07d774d2857fceb224c6324a1207ea0032,4239396866beb6812f42e772b4411a07d774d2857fceb224c6324a1207ea0032,004a4b6e7f7b73700d6a093f72ecec0bfea99d8fe8ee978657c4076a7d88b5a1,918,32,32,RGB,JPEG
cifake_v3_train_ai_generated_0057,train,ai_generated,1,CIFAKE,3,train,fake,data/interim/cifake_source_v3/train/FAKE/2102 (2).jpg,train/FAKE/2102 (2).jpg,data/raw/prototype/ai_generated/cifake_v3_train_ai_generated_0057.jpg,33c5ca4caed01eded8c852e2856fee5556246ea57201e21cef8d1318034bf5da,33c5ca4caed01eded8c852e2856fee5556246ea57201e21cef8d1318034bf5da,004c2975fa4e27ba2ed65ace58b9ef376faffcabeef62dc0d411b43fd4e01d97,932,32,32,RGB,JPEG
cifake_v3_train_ai_generated_0058,train,ai_generated,1,CIFAKE,3,train,fake,data/interim/cifake_source_v3/train/FAKE/2785 (6).jpg,train/FAKE/2785 (6).jpg,data/raw/prototype/ai_generated/cifake_v3_train_ai_generated_0058.jpg,23e75f5d0be43a09d838904ca9f223afe461c5adeae9d2b81a329e5d631e7ae7,23e75f5d0be43a09d838904ca9f223afe461c5adeae9d2b81a329e5d631e7ae7,004fba41c4cea9d7077c99423d29264ab5933bda17b15ec44c602f538eeeb848,858,32,32,RGB,JPEG
cifake_v3_train_ai_generated_0059,train,ai_generated,1,CIFAKE,3,train,fake,data/interim/cifake_source_v3/train/FAKE/2523 (3).jpg,train/FAKE/2523 (3).jpg,data/raw/prototype/ai_generated/cifake_v3_train_ai_generated_0059.jpg,89c873d0656a863ab8f39159184952eea81772384870a76507a09d9eb85cd5fa,89c873d0656a863ab8f39159184952eea81772384870a76507a09d9eb85cd5fa,0051a36dafef4666df1db4b775bf82a5c7e93f44dfa5481f4f158af8d9175d60,923,32,32,RGB,JPEG
cifake_v3_train_ai_generated_0060,train,ai_generated,1,CIFAKE,3,train,fake,data/interim/cifake_source_v3/train/FAKE/2434 (8).jpg,train/FAKE/2434 (8).jpg,data/raw/prototype/ai_generated/cifake_v3_train_ai_generated_0060.jpg,76882266aadd9eff50335166392aa4990b373501fa635c60fb1230bc3e25bc2e,76882266aadd9eff50335166392aa4990b373501fa635c60fb1230bc3e25bc2e,00526037a9aca0d3857d665b66b9cd9a1ca0b61e710ebe41e4e91b8a8e2b0b7c,1057,32,32,RGB,JPEG
cifake_v3_train_ai_generated_0061,train,ai_generated,1,CIFAKE,3,train,fake,data/interim/cifake_source_v3/train/FAKE/4029 (3).jpg,train/FAKE/4029 (3).jpg,data/raw/prototype/ai_generated/cifake_v3_train_ai_generated_0061.jpg,c7bf773235574f74ed41da43d47a9e87396000186a968e0072b814ede5a60ead,c7bf773235574f74ed41da43d47a9e87396000186a968e0072b814ede5a60ead,00544e699e68700e7e4ee58bb645ddc653b5322ad52031bad0eef723e1d381ca,877,32,32,RGB,JPEG
cifake_v3_train_ai_generated_0062,train,ai_generated,1,CIFAKE,3,train,fake,data/interim/cifake_source_v3/train/FAKE/3154.jpg,train/FAKE/3154.jpg,data/raw/prototype/ai_generated/cifake_v3_train_ai_generated_0062.jpg,e4240141e4b8f53b13a9acb29bd3d9b29ad38697619172ac2f4e8c378bc53c66,e4240141e4b8f53b13a9acb29bd3d9b29ad38697619172ac2f4e8c378bc53c66,0055e83da4065a805ddb5c7b186475a7b0694910e9fbd0c69ead8faaa79612d8,853,32,32,RGB,JPEG
cifake_v3_train_ai_generated_0063,train,ai_generated,1,CIFAKE,3,train,fake,data/interim/cifake_source_v3/train/FAKE/4182 (7).jpg,train/FAKE/4182 (7).jpg,data/raw/prototype/ai_generated/cifake_v3_train_ai_generated_0063.jpg,ee29dac34b7c17fd9133dd7a45bb92c6325c7fe5f32cd5116af3e3cfe97ccfb0,ee29dac34b7c17fd9133dd7a45bb92c6325c7fe5f32cd5116af3e3cfe97ccfb0,005664d81e011eece778af19c711af86754896a40a530cd549068b4c09ff27b1,971,32,32,RGB,JPEG
cifake_v3_train_ai_generated_0064,train,ai_generated,1,CIFAKE,3,train,fake,data/interim/cifake_source_v3/train/FAKE/4840 (4).jpg,train/FAKE/4840 (4).jpg,data/raw/prototype/ai_generated/cifake_v3_train_ai_generated_0064.jpg,28947dfcf9fb99b70c12c04983599f64963732ef3d447915d36875092f5e9413,28947dfcf9fb99b70c12c04983599f64963732ef3d447915d36875092f5e9413,005799e63332e8ddba1f6e556b0500b839680873d29f08226447183c95db4759,892,32,32,RGB,JPEG
cifake_v3_train_ai_generated_0065,train,ai_generated,1,CIFAKE,3,train,fake,data/interim/cifake_source_v3/train/FAKE/1100 (2).jpg,train/FAKE/1100 (2).jpg,data/raw/prototype/ai_generated/cifake_v3_train_ai_generated_0065.jpg,9ccc90c8c8f0aa2ea051667dba15c4e6ed1ca6dfefefb431d5cc69988f23912a,9ccc90c8c8f0aa2ea051667dba15c4e6ed1ca6dfefefb431d5cc69988f23912a,005a92c46b5a2c56e424f527910f60ed03d7bbcd54fc0a197ccf89a75f57e19a,982,32,32,RGB,JPEG
cifake_v3_train_ai_generated_0066,train,ai_generated,1,CIFAKE,3,train,fake,data/interim/cifake_source_v3/train/FAKE/2651 (9).jpg,train/FAKE/2651 (9).jpg,data/raw/prototype/ai_generated/cifake_v3_train_ai_generated_0066.jpg,08c46dbdb520b09db3e711f935e40a7e6d508fa91bfb32f1982f252533a852c9,08c46dbdb520b09db3e711f935e40a7e6d508fa91bfb32f1982f252533a852c9,005acce5e384a284de2c4cc9bed1549d87180218e5280fe92d26f76ddf95ceda,954,32,32,RGB,JPEG
cifake_v3_train_ai_generated_0067,train,ai_generated,1,CIFAKE,3,train,fake,data/interim/cifake_source_v3/train/FAKE/3211 (7).jpg,train/FAKE/3211 (7).jpg,data/raw/prototype/ai_generated/cifake_v3_train_ai_generated_0067.jpg,851b30b0a8b528cda23fd09d37803389429d4eaac4eb8914b927cca122035224,851b30b0a8b528cda23fd09d37803389429d4eaac4eb8914b927cca122035224,005b4673fabd1012aa5882b1d8cf2e13586d27dfa598ad5a5cbdf183f770b3d8,1031,32,32,RGB,JPEG
cifake_v3_train_ai_generated_0068,train,ai_generated,1,CIFAKE,3,train,fake,data/interim/cifake_source_v3/train/FAKE/4187 (7).jpg,train/FAKE/4187 (7).jpg,data/raw/prototype/ai_generated/cifake_v3_train_ai_generated_0068.jpg,9dd2116d128b31bfe9dd086d2e60b6e71cc4e732c13b236257108f77c2794d6c,9dd2116d128b31bfe9dd086d2e60b6e71cc4e732c13b236257108f77c2794d6c,005e201db0a3d78d88230e6f69c103c9a95f32975eac44c2fd64b1c1d9b5ba9a,979,32,32,RGB,JPEG
cifake_v3_train_ai_generated_0069,train,ai_generated,1,CIFAKE,3,train,fake,data/interim/cifake_source_v3/train/FAKE/4096 (8).jpg,train/FAKE/4096 (8).jpg,data/raw/prototype/ai_generated/cifake_v3_train_ai_generated_0069.jpg,87041886e985d2f58feb59a6715b24f3cb12d40a2780e735eb57ad2476c63d74,87041886e985d2f58feb59a6715b24f3cb12d40a2780e735eb57ad2476c63d74,005f8f1938dea940d108b76804054293e9114d54035496347c6c76d1f488c175,1013,32,32,RGB,JPEG
cifake_v3_train_ai_generated_0070,train,ai_generated,1,CIFAKE,3,train,fake,data/interim/cifake_source_v3/train/FAKE/3588 (8).jpg,train/FAKE/3588 (8).jpg,data/raw/prototype/ai_generated/cifake_v3_train_ai_generated_0070.jpg,8d91b2e4d654a81854211c524f832fac6320aae29326f8f16a47cb0c78f95cd1,8d91b2e4d654a81854211c524f832fac6320aae29326f8f16a47cb0c78f95cd1,00601ff78af484a42fed8c3227fbe711db2b896ffedc0e0fc9b9cdcab1dbb17e,977,32,32,RGB,JPEG
cifake_v3_train_ai_generated_0071,train,ai_generated,1,CIFAKE,3,train,fake,data/interim/cifake_source_v3/train/FAKE/1927 (6).jpg,train/FAKE/1927 (6).jpg,data/raw/prototype/ai_generated/cifake_v3_train_ai_generated_0071.jpg,cf186bbdd773f7a0c13eb6d705b2d864332b81a5bdbe174c6b3df944c643711c,cf186bbdd773f7a0c13eb6d705b2d864332b81a5bdbe174c6b3df944c643711c,0062cf829d9aee951bdc872a068b9c516352618162d577013ffd357593b7272c,929,32,32,RGB,JPEG
cifake_v3_train_ai_generated_0072,train,ai_generated,1,CIFAKE,3,train,fake,data/interim/cifake_source_v3/train/FAKE/1869 (4).jpg,train/FAKE/1869 (4).jpg,data/raw/prototype/ai_generated/cifake_v3_train_ai_generated_0072.jpg,0257ebcd8ae2b7f9c100571d83e8e9361b9f3fa4528607fa3ee80f290cf7c27c,0257ebcd8ae2b7f9c100571d83e8e9361b9f3fa4528607fa3ee80f290cf7c27c,0063365f2336e0194ff241b3c46f6da8a5c4ec657b5f0a94f3a83395c0eb27eb,874,32,32,RGB,JPEG
cifake_v3_train_ai_generated_0073,train,ai_generated,1,CIFAKE,3,train,fake,data/interim/cifake_source_v3/train/FAKE/4081 (9).jpg,train/FAKE/4081 (9).jpg,data/raw/prototype/ai_generated/cifake_v3_train_ai_generated_0073.jpg,31faf4dd07014ab3633fc3e415f930deabe592f5a6fa4aef3ae710ade73dc929,31faf4dd07014ab3633fc3e415f930deabe592f5a6fa4aef3ae710ade73dc929,0064239122b0f32d042420923a21f979f75c42f467d441b9e49fb9a16a77dd64,782,32,32,RGB,JPEG
cifake_v3_train_ai_generated_0074,train,ai_generated,1,CIFAKE,3,train,fake,data/interim/cifake_source_v3/train/FAKE/5600 (2).jpg,train/FAKE/5600 (2).jpg,data/raw/prototype/ai_generated/cifake_v3_train_ai_generated_0074.jpg,b4ec77a77234e900c74356a4ff183c510ecef7b0145635461a8140c1168e0979,b4ec77a77234e900c74356a4ff183c510ecef7b0145635461a8140c1168e0979,00665ab76ca4aa2a0312be309076e0aa75de646041404b1d8991d9956dbc1871,955,32,32,RGB,JPEG
cifake_v3_train_ai_generated_0075,train,ai_generated,1,CIFAKE,3,train,fake,data/interim/cifake_source_v3/train/FAKE/4112 (5).jpg,train/FAKE/4112 (5).jpg,data/raw/prototype/ai_generated/cifake_v3_train_ai_generated_0075.jpg,62612e6e1f90d1b5f3f78aeb8f5a5e5d51c0c65979ddd58428d1b41692bf52f5,62612e6e1f90d1b5f3f78aeb8f5a5e5d51c0c65979ddd58428d1b41692bf52f5,0066dd2fd359b4a47a0d5ca83743ee1bec5a8944b70ca8982a50805593805e09,895,32,32,RGB,JPEG
cifake_v3_train_ai_generated_0076,train,ai_generated,1,CIFAKE,3,train,fake,data/interim/cifake_source_v3/train/FAKE/1204 (5).jpg,train/FAKE/1204 (5).jpg,data/raw/prototype/ai_generated/cifake_v3_train_ai_generated_0076.jpg,feaf42de21faab2a0d80a8e76a174867ab0ce85772e1c7a86282c56065f9fb2a,feaf42de21faab2a0d80a8e76a174867ab0ce85772e1c7a86282c56065f9fb2a,00670dff296d4f8e9df54168f2dc250f4780f25af5075c9576e92115325e2da0,985,32,32,RGB,JPEG
cifake_v3_train_ai_generated_0077,train,ai_generated,1,CIFAKE,3,train,fake,data/interim/cifake_source_v3/train/FAKE/3268 (5).jpg,train/FAKE/3268 (5).jpg,data/raw/prototype/ai_generated/cifake_v3_train_ai_generated_0077.jpg,281a546ffafa49b23b8ef17258cd9551fed17e2d1952d7eb819a4fcf816736b9,281a546ffafa49b23b8ef17258cd9551fed17e2d1952d7eb819a4fcf816736b9,00697c2a635126de4c8a4e5ef8cf9ee4175050726a228bbcfb60fe431c2a31fc,886,32,32,RGB,JPEG
cifake_v3_train_ai_generated_0078,train,ai_generated,1,CIFAKE,3,train,fake,data/interim/cifake_source_v3/train/FAKE/3240 (2).jpg,train/FAKE/3240 (2).jpg,data/raw/prototype/ai_generated/cifake_v3_train_ai_generated_0078.jpg,bb131589959db2f06613fdfc8f333e3f97e6fe6ab8c730faeb1da95df3c729ac,bb131589959db2f06613fdfc8f333e3f97e6fe6ab8c730faeb1da95df3c729ac,0069dd20d5afb5c615ac3b897cb1fa612367e73b7964196d826780467ff3acba,911,32,32,RGB,JPEG
cifake_v3_train_ai_generated_0079,train,ai_generated,1,CIFAKE,3,train,fake,data/interim/cifake_source_v3/train/FAKE/3525 (6).jpg,train/FAKE/3525 (6).jpg,data/raw/prototype/ai_generated/cifake_v3_train_ai_generated_0079.jpg,302aaa0940f92716b95f90b652de0ed4e9db014f4e3ea41dc7a2c87535495d95,302aaa0940f92716b95f90b652de0ed4e9db014f4e3ea41dc7a2c87535495d95,006aaf319b48b6c07ed4663918e2038459d6be9112cd673d5cb26f02dd9aba43,928,32,32,RGB,JPEG
cifake_v3_train_ai_generated_0080,train,ai_generated,1,CIFAKE,3,train,fake,data/interim/cifake_source_v3/train/FAKE/4427 (3).jpg,train/FAKE/4427 (3).jpg,data/raw/prototype/ai_generated/cifake_v3_train_ai_generated_0080.jpg,1ea28c7be0de80f66046bf3cdc219a0cbb74a2d3bba41b0c3b81132b003a2a61,1ea28c7be0de80f66046bf3cdc219a0cbb74a2d3bba41b0c3b81132b003a2a61,006b7fbdabcf5a9ecb033d992f8e1addbd5065d4690aa54de390fcf880dcec54,832,32,32,RGB,JPEG
cifake_v3_train_ai_generated_0081,train,ai_generated,1,CIFAKE,3,train,fake,data/interim/cifake_source_v3/train/FAKE/2594 (2).jpg,train/FAKE/2594 (2).jpg,data/raw/prototype/ai_generated/cifake_v3_train_ai_generated_0081.jpg,59a1f84a64642a79f9f593dcc211d431c5171102edd65ff645c7bf39f494600c,59a1f84a64642a79f9f593dcc211d431c5171102edd65ff645c7bf39f494600c,006bfd05dc8248e15db6d24189af6c3ba87a3d0ea0d4fbb8f53d59e8b75fe250,918,32,32,RGB,JPEG
cifake_v3_train_ai_generated_0082,train,ai_generated,1,CIFAKE,3,train,fake,data/interim/cifake_source_v3/train/FAKE/1891 (7).jpg,train/FAKE/1891 (7).jpg,data/raw/prototype/ai_generated/cifake_v3_train_ai_generated_0082.jpg,a0b37933f31c29c04321e54fc614b5c8713078119334d13867eb7c9bc775cb85,a0b37933f31c29c04321e54fc614b5c8713078119334d13867eb7c9bc775cb85,006f10e2eab7f84981d842eaaeb73123a205cdffb820d8ee8b21999b97c30600,958,32,32,RGB,JPEG
cifake_v3_train_ai_generated_0083,train,ai_generated,1,CIFAKE,3,train,fake,data/interim/cifake_source_v3/train/FAKE/2869 (9).jpg,train/FAKE/2869 (9).jpg,data/raw/prototype/ai_generated/cifake_v3_train_ai_generated_0083.jpg,a40952137d1b05a9a685fb585cadd89a1543c4aeafc4ec0f8f0117b077e7ca25,a40952137d1b05a9a685fb585cadd89a1543c4aeafc4ec0f8f0117b077e7ca25,007067b9554ab35d4e374f636d552ebb487a9f3e8c3915a2ef53206aa03bf46a,835,32,32,RGB,JPEG
cifake_v3_train_ai_generated_0084,train,ai_generated,1,CIFAKE,3,train,fake,data/interim/cifake_source_v3/train/FAKE/5971 (9).jpg,train/FAKE/5971 (9).jpg,data/raw/prototype/ai_generated/cifake_v3_train_ai_generated_0084.jpg,d3b5979d724250eeff8d0050f066f877b1800f06f5bd91dc2e8f8dbebd20b58a,d3b5979d724250eeff8d0050f066f877b1800f06f5bd91dc2e8f8dbebd20b58a,0071436df5e2ca4f21fda8253b3a972a444b2e484ca34a5216cd2812435f92c6,822,32,32,RGB,JPEG
cifake_v3_train_ai_generated_0085,train,ai_generated,1,CIFAKE,3,train,fake,data/interim/cifake_source_v3/train/FAKE/3465 (4).jpg,train/FAKE/3465 (4).jpg,data/raw/prototype/ai_generated/cifake_v3_train_ai_generated_0085.jpg,5c8746c3d7dcbf706d3065f2624eb041730d8ebeb4ef65b0dca27b67c7ae4547,5c8746c3d7dcbf706d3065f2624eb041730d8ebeb4ef65b0dca27b67c7ae4547,007146533b0cbb97fa16ff264675d076f498399a98851d8045b3e8b2a0b387c7,975,32,32,RGB,JPEG
cifake_v3_train_ai_generated_0086,train,ai_generated,1,CIFAKE,3,train,fake,data/interim/cifake_source_v3/train/FAKE/4586 (7).jpg,train/FAKE/4586 (7).jpg,data/raw/prototype/ai_generated/cifake_v3_train_ai_generated_0086.jpg,3c003474a65427c61f08c2c0b059ef3626e83f64aaa9a0dcbc76f2217115956a,3c003474a65427c61f08c2c0b059ef3626e83f64aaa9a0dcbc76f2217115956a,0071efc63cb1a852932e55041acf663b0c1d1ce4fe96eb6c9901e5f0cf3f4510,937,32,32,RGB,JPEG
cifake_v3_train_ai_generated_0087,train,ai_generated,1,CIFAKE,3,train,fake,data/interim/cifake_source_v3/train/FAKE/2421 (9).jpg,train/FAKE/2421 (9).jpg,data/raw/prototype/ai_generated/cifake_v3_train_ai_generated_0087.jpg,89e14f97b3eed0c93890242f8b3226b102ff066e7dfa9e3ec2ed03c9ce4c1e1c,89e14f97b3eed0c93890242f8b3226b102ff066e7dfa9e3ec2ed03c9ce4c1e1c,0074ba7a068d19e260f1e3c53c26ea34638767cca886aeaeb7fe6514be5d99c2,840,32,32,RGB,JPEG
cifake_v3_train_ai_generated_0088,train,ai_generated,1,CIFAKE,3,train,fake,data/interim/cifake_source_v3/train/FAKE/1102 (4).jpg,train/FAKE/1102 (4).jpg,data/raw/prototype/ai_generated/cifake_v3_train_ai_generated_0088.jpg,9945ebfcb2927ddecf165579504045ef707fd1477a99755ca4ca09ff9b3c4510,9945ebfcb2927ddecf165579504045ef707fd1477a99755ca4ca09ff9b3c4510,007aa85b047ae7977d3c818c82ed11dc8e32354db2367348ed76715f6042e601,943,32,32,RGB,JPEG
cifake_v3_train_ai_generated_0089,train,ai_generated,1,CIFAKE,3,train,fake,data/interim/cifake_source_v3/train/FAKE/5105 (6).jpg,train/FAKE/5105 (6).jpg,data/raw/prototype/ai_generated/cifake_v3_train_ai_generated_0089.jpg,dc5565327d8e5ee57777fe7840fafa1e2254fcbfb5e0ee32e5230a8cebca191c,dc5565327d8e5ee57777fe7840fafa1e2254fcbfb5e0ee32e5230a8cebca191c,007aeb5abc3f16629b8aba9b3bf11ee730443651b5cea7fdb73e1c6bd645471b,1010,32,32,RGB,JPEG
cifake_v3_train_ai_generated_0090,train,ai_generated,1,CIFAKE,3,train,fake,data/interim/cifake_source_v3/train/FAKE/3661 (8).jpg,train/FAKE/3661 (8).jpg,data/raw/prototype/ai_generated/cifake_v3_train_ai_generated_0090.jpg,a55b9236c49e83cfa16620598e9ff8585df1ffa06c052943183fe0abfd57c53b,a55b9236c49e83cfa16620598e9ff8585df1ffa06c052943183fe0abfd57c53b,007b48ce446c431f1810f58d5edd0e3676dde8e346910ff48c7cfe69ca5d6847,957,32,32,RGB,JPEG
cifake_v3_train_ai_generated_0091,train,ai_generated,1,CIFAKE,3,train,fake,data/interim/cifake_source_v3/train/FAKE/2055 (4).jpg,train/FAKE/2055 (4).jpg,data/raw/prototype/ai_generated/cifake_v3_train_ai_generated_0091.jpg,59b2e88db6cf5e455fdd15a4482973620484b21d5a783062ee7bbfd2a459a387,59b2e88db6cf5e455fdd15a4482973620484b21d5a783062ee7bbfd2a459a387,007be98bc947d4ecbe91a4812484f1c39dbf049d97e77fac06da8e4ca5816f3d,1066,32,32,RGB,JPEG
cifake_v3_train_ai_generated_0092,train,ai_generated,1,CIFAKE,3,train,fake,data/interim/cifake_source_v3/train/FAKE/1485 (9).jpg,train/FAKE/1485 (9).jpg,data/raw/prototype/ai_generated/cifake_v3_train_ai_generated_0092.jpg,ad195e9ea8f3298d159eefd6fb776563e4878da64e94a9e6fa28fb24bb6cac96,ad195e9ea8f3298d159eefd6fb776563e4878da64e94a9e6fa28fb24bb6cac96,007ce0ecde469c80e7ce335c475d918e9c9ce6bccdbd4014f4af9870ae1e0ee8,851,32,32,RGB,JPEG
cifake_v3_train_ai_generated_0093,train,ai_generated,1,CIFAKE,3,train,fake,data/interim/cifake_source_v3/train/FAKE/5190 (3).jpg,train/FAKE/5190 (3).jpg,data/raw/prototype/ai_generated/cifake_v3_train_ai_generated_0093.jpg,65dcb02a7992741975a4adb33e3c7524da6ae94ae4c584193182f05b37d09baf,65dcb02a7992741975a4adb33e3c7524da6ae94ae4c584193182f05b37d09baf,007ceb844374709b548e66336ccf1e1dc02eafde34f56865941ce7a0931c0139,1012,32,32,RGB,JPEG
cifake_v3_train_ai_generated_0094,train,ai_generated,1,CIFAKE,3,train,fake,data/interim/cifake_source_v3/train/FAKE/4268 (5).jpg,train/FAKE/4268 (5).jpg,data/raw/prototype/ai_generated/cifake_v3_train_ai_generated_0094.jpg,4e04d465cdf1a02dcd5d0566d328d61d9aa4c1f87ffcdc0f7fc57aa5887fafe6,4e04d465cdf1a02dcd5d0566d328d61d9aa4c1f87ffcdc0f7fc57aa5887fafe6,007dfe59593b828f12d618fdd8530ed8180a715839a75716b45cb91d72a97845,849,32,32,RGB,JPEG
cifake_v3_train_ai_generated_0095,train,ai_generated,1,CIFAKE,3,train,fake,data/interim/cifake_source_v3/train/FAKE/1283 (6).jpg,train/FAKE/1283 (6).jpg,data/raw/prototype/ai_generated/cifake_v3_train_ai_generated_0095.jpg,b12aecf73a3697ebde6b48253fa06e2406058135d7703f76f5e25a99f7060036,b12aecf73a3697ebde6b48253fa06e2406058135d7703f76f5e25a99f7060036,007e91876e5d6a0ea00bea25b0dcf7f7ebe61ad36c765fc64b8be2ef57122692,1020,32,32,RGB,JPEG
cifake_v3_train_ai_generated_0096,train,ai_generated,1,CIFAKE,3,train,fake,data/interim/cifake_source_v3/train/FAKE/5413 (7).jpg,train/FAKE/5413 (7).jpg,data/raw/prototype/ai_generated/cifake_v3_train_ai_generated_0096.jpg,92533f7eeb07bf2c562a8ddfce8e38f209d3b1ee5f185147bebae455956ef5f2,92533f7eeb07bf2c562a8ddfce8e38f209d3b1ee5f185147bebae455956ef5f2,0080ff55c7a375e2b3dffe9388b113b763db3ba0dd8deb7342df4f7b463d6fc6,929,32,32,RGB,JPEG
cifake_v3_train_ai_generated_0097,train,ai_generated,1,CIFAKE,3,train,fake,data/interim/cifake_source_v3/train/FAKE/5176.jpg,train/FAKE/5176.jpg,data/raw/prototype/ai_generated/cifake_v3_train_ai_generated_0097.jpg,2ecb82bec936301656fa4c26a7e1e2d153b28ec24832313ed56932477262df4f,2ecb82bec936301656fa4c26a7e1e2d153b28ec24832313ed56932477262df4f,0081e6ecbe73efa9503877065b861e086f7173f1eb9541c00a6fdfc08cbf9fc3,933,32,32,RGB,JPEG
cifake_v3_train_ai_generated_0098,train,ai_generated,1,CIFAKE,3,train,fake,data/interim/cifake_source_v3/train/FAKE/5145 (5).jpg,train/FAKE/5145 (5).jpg,data/raw/prototype/ai_generated/cifake_v3_train_ai_generated_0098.jpg,480dc39f3d613cad0323c60deba85de68f6b4bdc62ee23a6f6cef15f0f09d3bf,480dc39f3d613cad0323c60deba85de68f6b4bdc62ee23a6f6cef15f0f09d3bf,00825c454d92002d35d0714dbd49bec4c16f986bde2da1e8ea1a33b5e5f205e7,930,32,32,RGB,JPEG
cifake_v3_train_ai_generated_0099,train,ai_generated,1,CIFAKE,3,train,fake,data/interim/cifake_source_v3/train/FAKE/3219.jpg,train/FAKE/3219.jpg,data/raw/prototype/ai_generated/cifake_v3_train_ai_generated_0099.jpg,5528ad2080196e1ed6a57e399cb6ef7c114cb9a52664300010331f95c4decdcd,5528ad2080196e1ed6a57e399cb6ef7c114cb9a52664300010331f95c4decdcd,0083db92988d3eea03edfe7528b5bf31a2839fb40f0d0e5a77b463036b843752,870,32,32,RGB,JPEG
cifake_v3_train_ai_generated_0100,train,ai_generated,1,CIFAKE,3,train,fake,data/interim/cifake_source_v3/train/FAKE/5080 (9).jpg,train/FAKE/5080 (9).jpg,data/raw/prototype/ai_generated/cifake_v3_train_ai_generated_0100.jpg,2698555c5c0a096fb159c346e9136554bd84c26e9abd4ddd87a79a4694696bc4,2698555c5c0a096fb159c346e9136554bd84c26e9abd4ddd87a79a4694696bc4,00849994ebb6c6e993aaa58857cb678956400dd0b3b12cdc0dc4326dd75c3ca3,954,32,32,RGB,JPEG
cifake_v3_train_ai_generated_0101,train,ai_generated,1,CIFAKE,3,train,fake,data/interim/cifake_source_v3/train/FAKE/3142 (3).jpg,train/FAKE/3142 (3).jpg,data/raw/prototype/ai_generated/cifake_v3_train_ai_generated_0101.jpg,4514b3c621736bedba73f3071cda03179e2f0a3707baec747863eadcac97edf6,4514b3c621736bedba73f3071cda03179e2f0a3707baec747863eadcac97edf6,0085bb286296e2624c88f6a81536ba9d45921d4c02f956c66a64de4d9bc163e8,992,32,32,RGB,JPEG
cifake_v3_train_ai_generated_0102,train,ai_generated,1,CIFAKE,3,train,fake,data/interim/cifake_source_v3/train/FAKE/2259 (7).jpg,train/FAKE/2259 (7).jpg,data/raw/prototype/ai_generated/cifake_v3_train_ai_generated_0102.jpg,7070efa175020224393fe907452d1505599723ccb93c8908c4c4363dac7ddf84,7070efa175020224393fe907452d1505599723ccb93c8908c4c4363dac7ddf84,0086fac9e177604792f7d92b1270586c0ff3f6b62d11191ed7d5ea27fae971b3,973,32,32,RGB,JPEG
cifake_v3_train_ai_generated_0103,train,ai_generated,1,CIFAKE,3,train,fake,data/interim/cifake_source_v3/train/FAKE/2834 (5).jpg,train/FAKE/2834 (5).jpg,data/raw/prototype/ai_generated/cifake_v3_train_ai_generated_0103.jpg,19dd7875364a700e7bc65a22cfe3846540ab4e07f261b557754c182e6dcc5310,19dd7875364a700e7bc65a22cfe3846540ab4e07f261b557754c182e6dcc5310,0087403a3c3b6532f51a9201a52797143abab6f862c9dc23b489426464a18340,928,32,32,RGB,JPEG
cifake_v3_train_ai_generated_0104,train,ai_generated,1,CIFAKE,3,train,fake,data/interim/cifake_source_v3/train/FAKE/3663 (5).jpg,train/FAKE/3663 (5).jpg,data/raw/prototype/ai_generated/cifake_v3_train_ai_generated_0104.jpg,893075890541a966ef47188ea4352c0f9d881b0305119908e5c31bf6e09dcaae,893075890541a966ef47188ea4352c0f9d881b0305119908e5c31bf6e09dcaae,008c2d2bf7deff340ff7bfe376ae44b2c462a3963086c250c247389bcbf7004e,912,32,32,RGB,JPEG
cifake_v3_train_ai_generated_0105,train,ai_generated,1,CIFAKE,3,train,fake,data/interim/cifake_source_v3/train/FAKE/3657 (3).jpg,train/FAKE/3657 (3).jpg,data/raw/prototype/ai_generated/cifake_v3_train_ai_generated_0105.jpg,6109cf67fc9549386f2c20920b024b09b174e4748444aeac4affcd0c6e02be82,6109cf67fc9549386f2c20920b024b09b174e4748444aeac4affcd0c6e02be82,008c97c6b4b52c262584033f87a7a5d9f5c7961770e5fec889cf0ea4c19a303f,856,32,32,RGB,JPEG
cifake_v3_train_ai_generated_0106,train,ai_generated,1,CIFAKE,3,train,fake,data/interim/cifake_source_v3/train/FAKE/4082 (8).jpg,train/FAKE/4082 (8).jpg,data/raw/prototype/ai_generated/cifake_v3_train_ai_generated_0106.jpg,3a60ff77892e6e35a9f1ec699edb3c255faccde8b16f469772f3bcbe22f28c72,3a60ff77892e6e35a9f1ec699edb3c255faccde8b16f469772f3bcbe22f28c72,008f30e686a6c5fa8531c83386ef7a51d78b68bc7824ced05ea7909b712f1741,995,32,32,RGB,JPEG
cifake_v3_train_ai_generated_0107,train,ai_generated,1,CIFAKE,3,train,fake,data/interim/cifake_source_v3/train/FAKE/1413.jpg,train/FAKE/1413.jpg,data/raw/prototype/ai_generated/cifake_v3_train_ai_generated_0107.jpg,fb3c5cd5d058a05717ea481644c5fc78c354e486f436321c598ac875222e86b9,fb3c5cd5d058a05717ea481644c5fc78c354e486f436321c598ac875222e86b9,00905731510a3badbe6b5bd9e1df0a8b4bf92de8bbaea56ae8b2a0011f710ae3,899,32,32,RGB,JPEG
cifake_v3_train_ai_generated_0108,train,ai_generated,1,CIFAKE,3,train,fake,data/interim/cifake_source_v3/train/FAKE/4466 (8).jpg,train/FAKE/4466 (8).jpg,data/raw/prototype/ai_generated/cifake_v3_train_ai_generated_0108.jpg,f65512a6047e1a0c9ee30a2374cf212dd22f5503d6207791e79aab0746b226be,f65512a6047e1a0c9ee30a2374cf212dd22f5503d6207791e79aab0746b226be,0090a8e14a04602b3f5d2f7df6f98380a9a9977bb0d46333600af4c747a7e46a,971,32,32,RGB,JPEG
cifake_v3_train_ai_generated_0109,train,ai_generated,1,CIFAKE,3,train,fake,data/interim/cifake_source_v3/train/FAKE/4581.jpg,train/FAKE/4581.jpg,data/raw/prototype/ai_generated/cifake_v3_train_ai_generated_0109.jpg,74a1be8e9f0b44adcdb3362391067a6b72cba92edc4af2eca58d3b7a0f6df245,74a1be8e9f0b44adcdb3362391067a6b72cba92edc4af2eca58d3b7a0f6df245,009117dcc9e5456f9352f6f104e7a79287b5a9fdd58e2a4fb75676f2212ec959,851,32,32,RGB,JPEG
cifake_v3_train_ai_generated_0110,train,ai_generated,1,CIFAKE,3,train,fake,data/interim/cifake_source_v3/train/FAKE/3457.jpg,train/FAKE/3457.jpg,data/raw/prototype/ai_generated/cifake_v3_train_ai_generated_0110.jpg,056f2ac9c172920d28a272cb82006486ee448f73576c53504ca5761f354c894c,056f2ac9c172920d28a272cb82006486ee448f73576c53504ca5761f354c894c,00940327152f27daf39b260d6fd868a2b2c89c98866847c8d6ee1932d1b41057,780,32,32,RGB,JPEG
cifake_v3_train_ai_generated_0111,train,ai_generated,1,CIFAKE,3,train,fake,data/interim/cifake_source_v3/train/FAKE/5561 (4).jpg,train/FAKE/5561 (4).jpg,data/raw/prototype/ai_generated/cifake_v3_train_ai_generated_0111.jpg,00aa9bf2abc8a734b5e8f15264b5b94c18042df68bce56f713cafc09bbdf1dfe,00aa9bf2abc8a734b5e8f15264b5b94c18042df68bce56f713cafc09bbdf1dfe,00966c40b14b650ab363e6626150cc38c1c2e9ad7a254835d3eae2f6c0106693,959,32,32,RGB,JPEG
cifake_v3_train_ai_generated_0112,train,ai_generated,1,CIFAKE,3,train,fake,data/interim/cifake_source_v3/train/FAKE/1459 (3).jpg,train/FAKE/1459 (3).jpg,data/raw/prototype/ai_generated/cifake_v3_train_ai_generated_0112.jpg,44c8c0ab6e15c6a3f17f9506f45efc9279b5040cdaff80596c36fc116c7568d6,44c8c0ab6e15c6a3f17f9506f45efc9279b5040cdaff80596c36fc116c7568d6,00970c7f4e4dace568f8dfcdbec501e4a835f23938ef3bd561e7ac8881e3245b,793,32,32,RGB,JPEG
cifake_v3_train_ai_generated_0113,train,ai_generated,1,CIFAKE,3,train,fake,data/interim/cifake_source_v3/train/FAKE/2585 (3).jpg,train/FAKE/2585 (3).jpg,data/raw/prototype/ai_generated/cifake_v3_train_ai_generated_0113.jpg,701a00eb98af62d79c8b9f961b68ccfb1c91ee7530c65915daf82e3cdb9b24a4,701a00eb98af62d79c8b9f961b68ccfb1c91ee7530c65915daf82e3cdb9b24a4,009832e7fb6d3d9edfd617adaf0c349582d63aaa9c1b4d77e82a4aed1a241910,888,32,32,RGB,JPEG
cifake_v3_train_ai_generated_0114,train,ai_generated,1,CIFAKE,3,train,fake,data/interim/cifake_source_v3/train/FAKE/3578 (7).jpg,train/FAKE/3578 (7).jpg,data/raw/prototype/ai_generated/cifake_v3_train_ai_generated_0114.jpg,05e7359acae859ccf04cba01bd8563e0461aff63cbe5d77f21ab78482eb0c3b1,05e7359acae859ccf04cba01bd8563e0461aff63cbe5d77f21ab78482eb0c3b1,00992301b6bc74d150c4c235c9e9e39b8b786374cb54ad59b92153d49e8b7fd7,940,32,32,RGB,JPEG
cifake_v3_train_ai_generated_0115,train,ai_generated,1,CIFAKE,3,train,fake,data/interim/cifake_source_v3/train/FAKE/3368 (3).jpg,train/FAKE/3368 (3).jpg,data/raw/prototype/ai_generated/cifake_v3_train_ai_generated_0115.jpg,54e2b7cd1644b264b5cb8afe4df08d01771d61d8c705e13dde3184a52f78e14b,54e2b7cd1644b264b5cb8afe4df08d01771d61d8c705e13dde3184a52f78e14b,009950c3bc6aa11cca6a59a02a187086af38cd63a40ee23df20a144d0572878e,901,32,32,RGB,JPEG
cifake_v3_train_ai_generated_0116,train,ai_generated,1,CIFAKE,3,train,fake,data/interim/cifake_source_v3/train/FAKE/4659 (4).jpg,train/FAKE/4659 (4).jpg,data/raw/prototype/ai_generated/cifake_v3_train_ai_generated_0116.jpg,ec1e623d7aeb8ef0f9f6629c2b0e3091ce2ed5f26def161347ddeed37ee8f96b,ec1e623d7aeb8ef0f9f6629c2b0e3091ce2ed5f26def161347ddeed37ee8f96b,009c00229ae538de4e8846ea165be841c8b8ed11844f098d26a15889d4d733d4,982,32,32,RGB,JPEG
cifake_v3_train_ai_generated_0117,train,ai_generated,1,CIFAKE,3,train,fake,data/interim/cifake_source_v3/train/FAKE/1778 (4).jpg,train/FAKE/1778 (4).jpg,data/raw/prototype/ai_generated/cifake_v3_train_ai_generated_0117.jpg,6eca0c1cb6d9d3f2eb488a83e931cfd2091109b67800946ec8162791bd4c23bd,6eca0c1cb6d9d3f2eb488a83e931cfd2091109b67800946ec8162791bd4c23bd,009cc350d291ea5e8303e2c00993963ce0c9ea744cc056e7d7b76830a68b10ae,919,32,32,RGB,JPEG
cifake_v3_train_ai_generated_0118,train,ai_generated,1,CIFAKE,3,train,fake,data/interim/cifake_source_v3/train/FAKE/2374 (3).jpg,train/FAKE/2374 (3).jpg,data/raw/prototype/ai_generated/cifake_v3_train_ai_generated_0118.jpg,8c09c76c7787a872db7921afc8883b06b2781c1aff75264342fcfffa5da301ac,8c09c76c7787a872db7921afc8883b06b2781c1aff75264342fcfffa5da301ac,009e5e7ac6477461aa4bbca775a5875c371bf039d84ec92fc1038186ba44e47f,823,32,32,RGB,JPEG
cifake_v3_train_ai_generated_0119,train,ai_generated,1,CIFAKE,3,train,fake,data/interim/cifake_source_v3/train/FAKE/2571 (8).jpg,train/FAKE/2571 (8).jpg,data/raw/prototype/ai_generated/cifake_v3_train_ai_generated_0119.jpg,870c3b67f59710a2eb3244977d3de323c594eb56ff9b427d36ad9c410a2ae69b,870c3b67f59710a2eb3244977d3de323c594eb56ff9b427d36ad9c410a2ae69b,009f3ff2f9197a88480d75635919f6b5f7730d9adedd23f6087268d36a042490,1004,32,32,RGB,JPEG
cifake_v3_train_ai_generated_0120,train,ai_generated,1,CIFAKE,3,train,fake,data/interim/cifake_source_v3/train/FAKE/3967 (9).jpg,train/FAKE/3967 (9).jpg,data/raw/prototype/ai_generated/cifake_v3_train_ai_generated_0120.jpg,4a7e32841a6e1274525d4208455c7287efb8af84cc43577de92ea4eb30930114,4a7e32841a6e1274525d4208455c7287efb8af84cc43577de92ea4eb30930114,00a18dcb9eca9e5d3acc255370433997c6c77043e127b2ff146b32d2ef6813ac,986,32,32,RGB,JPEG
cifake_v3_train_ai_generated_0121,train,ai_generated,1,CIFAKE,3,train,fake,data/interim/cifake_source_v3/train/FAKE/4147 (9).jpg,train/FAKE/4147 (9).jpg,data/raw/prototype/ai_generated/cifake_v3_train_ai_generated_0121.jpg,ec28e63060bcef8bfcf86f6fc82b1870de561ac3968f9954fea446f028001f24,ec28e63060bcef8bfcf86f6fc82b1870de561ac3968f9954fea446f028001f24,00a2e28b0ef911e39caf33c51383cb3bc94eb7c5ee11390aa0f4bc6d592ca853,817,32,32,RGB,JPEG
cifake_v3_train_ai_generated_0122,train,ai_generated,1,CIFAKE,3,train,fake,data/interim/cifake_source_v3/train/FAKE/5163 (4).jpg,train/FAKE/5163 (4).jpg,data/raw/prototype/ai_generated/cifake_v3_train_ai_generated_0122.jpg,c0a6b6c83d502ad3817bb3300e9f8f64afbaf127092e006b920f5d13ab2d006d,c0a6b6c83d502ad3817bb3300e9f8f64afbaf127092e006b920f5d13ab2d006d,00a3a9bbf8a918e353cd438d8c56ea97a9e7263acd5997fa5d7147d560f90db7,932,32,32,RGB,JPEG
cifake_v3_train_ai_generated_0123,train,ai_generated,1,CIFAKE,3,train,fake,data/interim/cifake_source_v3/train/FAKE/4744 (9).jpg,train/FAKE/4744 (9).jpg,data/raw/prototype/ai_generated/cifake_v3_train_ai_generated_0123.jpg,3ec2d5415583c1ec32245ebd3410f218ce533c99c9f46fef85a54116b414b9a5,3ec2d5415583c1ec32245ebd3410f218ce533c99c9f46fef85a54116b414b9a5,00a424fc257f3334db4582b69b55305e499c248b198dbaa8aabaabef05662a75,777,32,32,RGB,JPEG
cifake_v3_train_ai_generated_0124,train,ai_generated,1,CIFAKE,3,train,fake,data/interim/cifake_source_v3/train/FAKE/5778 (4).jpg,train/FAKE/5778 (4).jpg,data/raw/prototype/ai_generated/cifake_v3_train_ai_generated_0124.jpg,3d03281a1b8f431c1b3d32e29ce557aabd10ca05375d034c76fa667003f3afd4,3d03281a1b8f431c1b3d32e29ce557aabd10ca05375d034c76fa667003f3afd4,00a4f0bd907c1780dee2b9402b3a124640fbba86e3112085334a4f2e5a9471d3,883,32,32,RGB,JPEG
cifake_v3_train_ai_generated_0125,train,ai_generated,1,CIFAKE,3,train,fake,data/interim/cifake_source_v3/train/FAKE/4402 (8).jpg,train/FAKE/4402 (8).jpg,data/raw/prototype/ai_generated/cifake_v3_train_ai_generated_0125.jpg,e1de09fef5f37e63874bfb5a9534e8aa441577165189d0f24192ae9fe8c794cd,e1de09fef5f37e63874bfb5a9534e8aa441577165189d0f24192ae9fe8c794cd,00a7784ff0a7e31ed9c74090e9f74c0cc85e948c632170325ccdbc9c789cb3be,1011,32,32,RGB,JPEG
cifake_v3_train_ai_generated_0126,train,ai_generated,1,CIFAKE,3,train,fake,data/interim/cifake_source_v3/train/FAKE/1939 (5).jpg,train/FAKE/1939 (5).jpg,data/raw/prototype/ai_generated/cifake_v3_train_ai_generated_0126.jpg,96164ea644111fcc23e746d0b2e0e4fee10e14ad6455ce4633c987218ef76d6a,96164ea644111fcc23e746d0b2e0e4fee10e14ad6455ce4633c987218ef76d6a,00a93d38e8a9e890e4451591e46caed520b942905e16ca3299598ca74ac43df6,888,32,32,RGB,JPEG
cifake_v3_train_ai_generated_0127,train,ai_generated,1,CIFAKE,3,train,fake,data/interim/cifake_source_v3/train/FAKE/4329 (2).jpg,train/FAKE/4329 (2).jpg,data/raw/prototype/ai_generated/cifake_v3_train_ai_generated_0127.jpg,e854224c24742ebe0a2928ae042679eb909f90f7a22f34938dacfd95ac942abc,e854224c24742ebe0a2928ae042679eb909f90f7a22f34938dacfd95ac942abc,00a99ee19d47310b03ea97f81442646a63137d035726c9908366508d44234eea,969,32,32,RGB,JPEG
cifake_v3_train_ai_generated_0128,train,ai_generated,1,CIFAKE,3,train,fake,data/interim/cifake_source_v3/train/FAKE/4291 (4).jpg,train/FAKE/4291 (4).jpg,data/raw/prototype/ai_generated/cifake_v3_train_ai_generated_0128.jpg,73f1e473cab323c6f4cf165c82530469e166c6254ed7b58b6551aab959b27695,73f1e473cab323c6f4cf165c82530469e166c6254ed7b58b6551aab959b27695,00aa846a2422ec434bc587a8a52d4e93ab7edfdf0424b29f0be3b1131e12b8e6,966,32,32,RGB,JPEG
cifake_v3_train_ai_generated_0129,train,ai_generated,1,CIFAKE,3,train,fake,data/interim/cifake_source_v3/train/FAKE/5541 (3).jpg,train/FAKE/5541 (3).jpg,data/raw/prototype/ai_generated/cifake_v3_train_ai_generated_0129.jpg,174faa7a9fbb24c8ec23d7b26554e71b772ba28858d33529364e0fc9e70e85b3,174faa7a9fbb24c8ec23d7b26554e71b772ba28858d33529364e0fc9e70e85b3,00abb4e8641221173a5e3d213c7fe64bd1399e4f4b7f4851a6df406b1d529112,927,32,32,RGB,JPEG
cifake_v3_train_ai_generated_0130,train,ai_generated,1,CIFAKE,3,train,fake,data/interim/cifake_source_v3/train/FAKE/4321 (9).jpg,train/FAKE/4321 (9).jpg,data/raw/prototype/ai_generated/cifake_v3_train_ai_generated_0130.jpg,9544d5bf65c3701b5ad2409d2aaf1b76b658def2a672dbfdb7c6cd6faec45a2e,9544d5bf65c3701b5ad2409d2aaf1b76b658def2a672dbfdb7c6cd6faec45a2e,00ac7686c5bf982825d3e820cd145abc9e77d77a6c4832b99def8c9ea97ab00b,851,32,32,RGB,JPEG
cifake_v3_train_ai_generated_0131,train,ai_generated,1,CIFAKE,3,train,fake,data/interim/cifake_source_v3/train/FAKE/5910 (9).jpg,train/FAKE/5910 (9).jpg,data/raw/prototype/ai_generated/cifake_v3_train_ai_generated_0131.jpg,ef768ecfad27ba7368aa8e7e94bb29fb552d66e6fbbc18e35a925cc56b0b188e,ef768ecfad27ba7368aa8e7e94bb29fb552d66e6fbbc18e35a925cc56b0b188e,00ac8abbc702f499defef74d87284280963c726254e931e47ea685ea10a3799c,882,32,32,RGB,JPEG
cifake_v3_train_ai_generated_0132,train,ai_generated,1,CIFAKE,3,train,fake,data/interim/cifake_source_v3/train/FAKE/3899 (2).jpg,train/FAKE/3899 (2).jpg,data/raw/prototype/ai_generated/cifake_v3_train_ai_generated_0132.jpg,21ccaedf6a9f9d64458c9e2f719e75829c3a8f10b1116e978251c12cdc79bde1,21ccaedf6a9f9d64458c9e2f719e75829c3a8f10b1116e978251c12cdc79bde1,00ae8b6f90fcc669f3e2255263f9ec1c534ad308ee06e7f91b6baaa47cc16680,833,32,32,RGB,JPEG
cifake_v3_train_ai_generated_0133,train,ai_generated,1,CIFAKE,3,train,fake,data/interim/cifake_source_v3/train/FAKE/3396 (9).jpg,train/FAKE/3396 (9).jpg,data/raw/prototype/ai_generated/cifake_v3_train_ai_generated_0133.jpg,0ce8ead50459c02bd480b0cc7ac8d85abe74f8ee3b51b71affa3d229c47123be,0ce8ead50459c02bd480b0cc7ac8d85abe74f8ee3b51b71affa3d229c47123be,00af58467c67b3fc95c605ab9a94c697d203468995847af000f9b66ed859509c,954,32,32,RGB,JPEG
cifake_v3_train_ai_generated_0134,train,ai_generated,1,CIFAKE,3,train,fake,data/interim/cifake_source_v3/train/FAKE/1416 (4).jpg,train/FAKE/1416 (4).jpg,data/raw/prototype/ai_generated/cifake_v3_train_ai_generated_0134.jpg,b5ed44e02e0b2a8808527fe707e1353cb55cc33b324afdfbc553ac91fb95092e,b5ed44e02e0b2a8808527fe707e1353cb55cc33b324afdfbc553ac91fb95092e,00afa1cce683b80ac770db3c7b1dfcd8b01cde7d874015b03288f908a30699f1,1013,32,32,RGB,JPEG
cifake_v3_train_ai_generated_0135,train,ai_generated,1,CIFAKE,3,train,fake,data/interim/cifake_source_v3/train/FAKE/5343 (8).jpg,train/FAKE/5343 (8).jpg,data/raw/prototype/ai_generated/cifake_v3_train_ai_generated_0135.jpg,d1aa7f08d98049f6ee72f0e566a9c940d1c2667b215425e467dd11afc3809088,d1aa7f08d98049f6ee72f0e566a9c940d1c2667b215425e467dd11afc3809088,00b39d4e2db25f4a83105ee15ef44e6e871db185f3bc7648c1542965b3dd31b3,953,32,32,RGB,JPEG
cifake_v3_train_ai_generated_0136,train,ai_generated,1,CIFAKE,3,train,fake,data/interim/cifake_source_v3/train/FAKE/2075 (8).jpg,train/FAKE/2075 (8).jpg,data/raw/prototype/ai_generated/cifake_v3_train_ai_generated_0136.jpg,9f230a0e339c229555ed5a7cd69d05eec2f4c42a9f8a7b99d91e4b48cc8ab739,9f230a0e339c229555ed5a7cd69d05eec2f4c42a9f8a7b99d91e4b48cc8ab739,00b3a8b0547373cfe756907d04328322e6cefbc6cee91b8f335da5b0bba2e226,995,32,32,RGB,JPEG
cifake_v3_train_ai_generated_0137,train,ai_generated,1,CIFAKE,3,train,fake,data/interim/cifake_source_v3/train/FAKE/4293 (4).jpg,train/FAKE/4293 (4).jpg,data/raw/prototype/ai_generated/cifake_v3_train_ai_generated_0137.jpg,fc04383aa0495067909fe7caedad1081274068ebc9b0157df88671611c618bad,fc04383aa0495067909fe7caedad1081274068ebc9b0157df88671611c618bad,00b5bf8ff232a9eda5c3be5c78a70d3a46884933ce2c7e4480f6727b33e2990e,894,32,32,RGB,JPEG
cifake_v3_train_ai_generated_0138,train,ai_generated,1,CIFAKE,3,train,fake,data/interim/cifake_source_v3/train/FAKE/1134 (10).jpg,train/FAKE/1134 (10).jpg,data/raw/prototype/ai_generated/cifake_v3_train_ai_generated_0138.jpg,0e60f340c5f50f8b8928e92f43aebf384c8272fb201e7ddbf0e0eaa136650f78,0e60f340c5f50f8b8928e92f43aebf384c8272fb201e7ddbf0e0eaa136650f78,00b6eaf9ee0ce296878d2cbfa4723799ce2cf59cabfe2a9126ebfda025f5dd0b,980,32,32,RGB,JPEG
cifake_v3_train_ai_generated_0139,train,ai_generated,1,CIFAKE,3,train,fake,data/interim/cifake_source_v3/train/FAKE/1134.jpg,train/FAKE/1134.jpg,data/raw/prototype/ai_generated/cifake_v3_train_ai_generated_0139.jpg,55ffb5ae15500ce340640ba2489e6b3ed77efb9c48973b014ab43ea563c36a66,55ffb5ae15500ce340640ba2489e6b3ed77efb9c48973b014ab43ea563c36a66,00b713cc69b8878361f6ebec83d67f25f4fa761bdebf8d577d1a81618d3185f6,869,32,32,RGB,JPEG
cifake_v3_train_ai_generated_0140,train,ai_generated,1,CIFAKE,3,train,fake,data/interim/cifake_source_v3/train/FAKE/3923 (10).jpg,train/FAKE/3923 (10).jpg,data/raw/prototype/ai_generated/cifake_v3_train_ai_generated_0140.jpg,b9db45a848eb8217902e7f97c90d7d45a77673013aaf90e4a48f70072fce3d83,b9db45a848eb8217902e7f97c90d7d45a77673013aaf90e4a48f70072fce3d83,00b78736b80504f78911312ac8eb91799bcae4e6a78cc9d0a4ea161cb3589712,962,32,32,RGB,JPEG
cifake_v3_train_ai_generated_0141,train,ai_generated,1,CIFAKE,3,train,fake,data/interim/cifake_source_v3/train/FAKE/4233 (6).jpg,train/FAKE/4233 (6).jpg,data/raw/prototype/ai_generated/cifake_v3_train_ai_generated_0141.jpg,622b45a8457c6f06b058f4af6e28750bb5b1b80b30983d2aa56eab427aa89852,622b45a8457c6f06b058f4af6e28750bb5b1b80b30983d2aa56eab427aa89852,00b83c36fc09f84e99549e7d237eaf84bf5f341ca52658a25f9ed14d57293c47,1005,32,32,RGB,JPEG
cifake_v3_train_ai_generated_0142,train,ai_generated,1,CIFAKE,3,train,fake,data/interim/cifake_source_v3/train/FAKE/3177 (3).jpg,train/FAKE/3177 (3).jpg,data/raw/prototype/ai_generated/cifake_v3_train_ai_generated_0142.jpg,bed3f385330add5e00575e1897dadb05963640aeabec4a1c8c07c85f7adb5292,bed3f385330add5e00575e1897dadb05963640aeabec4a1c8c07c85f7adb5292,00b9c6a5cbecc00cc4081f249ad94879121c84ab8af712481410197ad0b9f016,970,32,32,RGB,JPEG
cifake_v3_train_ai_generated_0143,train,ai_generated,1,CIFAKE,3,train,fake,data/interim/cifake_source_v3/train/FAKE/1072 (6).jpg,train/FAKE/1072 (6).jpg,data/raw/prototype/ai_generated/cifake_v3_train_ai_generated_0143.jpg,f2e0714a6d2ed2caf6757f40786914c7515e4785e7058f380cb278b8be4e1864,f2e0714a6d2ed2caf6757f40786914c7515e4785e7058f380cb278b8be4e1864,00bbf3161b382f5ee3cdd49bfb2e9ebd762b8c0b2e97a154335bba97a510a031,997,32,32,RGB,JPEG
cifake_v3_train_ai_generated_0144,train,ai_generated,1,CIFAKE,3,train,fake,data/interim/cifake_source_v3/train/FAKE/4225 (10).jpg,train/FAKE/4225 (10).jpg,data/raw/prototype/ai_generated/cifake_v3_train_ai_generated_0144.jpg,21fe295716e9a6e75cfa2b7a3e9745410d79bb2fa3ff4eb5afe0effeee31124e,21fe295716e9a6e75cfa2b7a3e9745410d79bb2fa3ff4eb5afe0effeee31124e,00bd05f4d13cb69b28237b0f15ea6ba6d7ce6e496310848efb05845ace32d542,984,32,32,RGB,JPEG
cifake_v3_train_ai_generated_0145,train,ai_generated,1,CIFAKE,3,train,fake,data/interim/cifake_source_v3/train/FAKE/4441 (4).jpg,train/FAKE/4441 (4).jpg,data/raw/prototype/ai_generated/cifake_v3_train_ai_generated_0145.jpg,fd2d07f45aa90deee13da1e797c492cf7cf0ab09cd46cc1720ecebd1c5d2552c,fd2d07f45aa90deee13da1e797c492cf7cf0ab09cd46cc1720ecebd1c5d2552c,00c1d811e76c80f0a54e81b2f540fdfa768b16363368cb6b5c02779a5ffa32b6,955,32,32,RGB,JPEG
cifake_v3_train_ai_generated_0146,train,ai_generated,1,CIFAKE,3,train,fake,data/interim/cifake_source_v3/train/FAKE/4966 (10).jpg,train/FAKE/4966 (10).jpg,data/raw/prototype/ai_generated/cifake_v3_train_ai_generated_0146.jpg,1a799be1bb316cfcfeb4445a09b8334ea3b05d4a2bdfca39e61aa2a92f7cc1ca,1a799be1bb316cfcfeb4445a09b8334ea3b05d4a2bdfca39e61aa2a92f7cc1ca,00c361f3ef24cda896e6522c5c8e4d75bc6d86667316e76cb838e64f36effaa1,994,32,32,RGB,JPEG
cifake_v3_train_ai_generated_0147,train,ai_generated,1,CIFAKE,3,train,fake,data/interim/cifake_source_v3/train/FAKE/1164 (7).jpg,train/FAKE/1164 (7).jpg,data/raw/prototype/ai_generated/cifake_v3_train_ai_generated_0147.jpg,8375d15e372655ef865088e6333c4b861406f3815efa9046769de7c91c6394a6,8375d15e372655ef865088e6333c4b861406f3815efa9046769de7c91c6394a6,00c4079cf9ccfc4c21a53277103e30811c82de5c0662dabf7e055c8989c595de,911,32,32,RGB,JPEG
cifake_v3_train_ai_generated_0148,train,ai_generated,1,CIFAKE,3,train,fake,data/interim/cifake_source_v3/train/FAKE/3904.jpg,train/FAKE/3904.jpg,data/raw/prototype/ai_generated/cifake_v3_train_ai_generated_0148.jpg,a7907f68a8ff3ff2b085ba9c849df64e673ed9c439baa404c929c83c753e9682,a7907f68a8ff3ff2b085ba9c849df64e673ed9c439baa404c929c83c753e9682,00c40e47b7d2e28a428ecd89b1c377f3eba7dd4ace031d7becfe696783e12b60,876,32,32,RGB,JPEG
cifake_v3_train_ai_generated_0149,train,ai_generated,1,CIFAKE,3,train,fake,data/interim/cifake_source_v3/train/FAKE/5287 (5).jpg,train/FAKE/5287 (5).jpg,data/raw/prototype/ai_generated/cifake_v3_train_ai_generated_0149.jpg,1faafc1998cd8f4e281675907fa740ed2d3b18ac342678523b192d479bc65f42,1faafc1998cd8f4e281675907fa740ed2d3b18ac342678523b192d479bc65f42,00c55f95e935082a88c950fe9d228e89e0bd02d111fa9cc69c20a0581b4349ec,861,32,32,RGB,JPEG
cifake_v3_train_ai_generated_0150,train,ai_generated,1,CIFAKE,3,train,fake,data/interim/cifake_source_v3/train/FAKE/3565 (5).jpg,train/FAKE/3565 (5).jpg,data/raw/prototype/ai_generated/cifake_v3_train_ai_generated_0150.jpg,bcc95367fa35b7ff7d153a167bde253ae2702f6ea62074dfbac3102ba5b8a23a,bcc95367fa35b7ff7d153a167bde253ae2702f6ea62074dfbac3102ba5b8a23a,00c5d81fa4b95a7faa90f7d81b8ad35e0043f4f10d2998d3822f60edd35ca449,931,32,32,RGB,JPEG
cifake_v3_train_ai_generated_0151,train,ai_generated,1,CIFAKE,3,train,fake,data/interim/cifake_source_v3/train/FAKE/3301 (8).jpg,train/FAKE/3301 (8).jpg,data/raw/prototype/ai_generated/cifake_v3_train_ai_generated_0151.jpg,5977b734ce23a668e5942c8a53f1a496b02b5999cc6edbfc1ef3d9b359debc1b,5977b734ce23a668e5942c8a53f1a496b02b5999cc6edbfc1ef3d9b359debc1b,00cb8216ce6866a77693a4cb07a98be2a9f06a94c05fcc9559f734cadefe366b,932,32,32,RGB,JPEG
cifake_v3_train_ai_generated_0152,train,ai_generated,1,CIFAKE,3,train,fake,data/interim/cifake_source_v3/train/FAKE/3541 (9).jpg,train/FAKE/3541 (9).jpg,data/raw/prototype/ai_generated/cifake_v3_train_ai_generated_0152.jpg,bff69149b197937d840b62b1d3b89ebe368ba8a7d731f48db35a3c7a03557577,bff69149b197937d840b62b1d3b89ebe368ba8a7d731f48db35a3c7a03557577,00cc326ad07b93f64af2babae6ca581f87c7fe180da2c9909a6fc80f318fbafc,935,32,32,RGB,JPEG
cifake_v3_train_ai_generated_0153,train,ai_generated,1,CIFAKE,3,train,fake,data/interim/cifake_source_v3/train/FAKE/2634 (2).jpg,train/FAKE/2634 (2).jpg,data/raw/prototype/ai_generated/cifake_v3_train_ai_generated_0153.jpg,cdaaee526ddf7b14f14196f849694aed30a650dcc774bd9b6f5a20a54cd5598b,cdaaee526ddf7b14f14196f849694aed30a650dcc774bd9b6f5a20a54cd5598b,00cd7364d5012aea92ab65e7652fe43519f3d51f780a856a6a3cfd305470436e,945,32,32,RGB,JPEG
cifake_v3_train_ai_generated_0154,train,ai_generated,1,CIFAKE,3,train,fake,data/interim/cifake_source_v3/train/FAKE/3705 (10).jpg,train/FAKE/3705 (10).jpg,data/raw/prototype/ai_generated/cifake_v3_train_ai_generated_0154.jpg,3abc2db052cf960678c3118405449c000af576f69b697a52fe317dbda4a6d0d9,3abc2db052cf960678c3118405449c000af576f69b697a52fe317dbda4a6d0d9,00d038009f731cf4a9b36ab3c103767c37171dcab91c2143a6c9d9c62c90f842,921,32,32,RGB,JPEG
cifake_v3_train_ai_generated_0155,train,ai_generated,1,CIFAKE,3,train,fake,data/interim/cifake_source_v3/train/FAKE/2814 (3).jpg,train/FAKE/2814 (3).jpg,data/raw/prototype/ai_generated/cifake_v3_train_ai_generated_0155.jpg,31eb19993f1e1aeb37cd700e43c21f87f8af7ea7e5ca660d3d97618fe38f5f7b,31eb19993f1e1aeb37cd700e43c21f87f8af7ea7e5ca660d3d97618fe38f5f7b,00d8cebf25d4e6edf79b9ee867a0fa26365620ba6120508758ecdb0282112b11,772,32,32,RGB,JPEG
cifake_v3_train_ai_generated_0156,train,ai_generated,1,CIFAKE,3,train,fake,data/interim/cifake_source_v3/train/FAKE/5012 (5).jpg,train/FAKE/5012 (5).jpg,data/raw/prototype/ai_generated/cifake_v3_train_ai_generated_0156.jpg,3d2953b43070aca84419f8833573b0326c8df164904131878668c6f9b8e8acbf,3d2953b43070aca84419f8833573b0326c8df164904131878668c6f9b8e8acbf,00dc21e0cdf0daf600bc7d404d8587651fa299cb07dab75de358cc502369bb0b,876,32,32,RGB,JPEG
cifake_v3_train_ai_generated_0157,train,ai_generated,1,CIFAKE,3,train,fake,data/interim/cifake_source_v3/train/FAKE/5765 (8).jpg,train/FAKE/5765 (8).jpg,data/raw/prototype/ai_generated/cifake_v3_train_ai_generated_0157.jpg,8c78e1505d2dd91a5b15cbfc64b0226f141648973ae732571445d8dbd17899e6,8c78e1505d2dd91a5b15cbfc64b0226f141648973ae732571445d8dbd17899e6,00ddb76e926897f43146e37818f7ab1db8f0fdd4d5c8f224aa0e745b31616e66,992,32,32,RGB,JPEG
cifake_v3_train_ai_generated_0158,train,ai_generated,1,CIFAKE,3,train,fake,data/interim/cifake_source_v3/train/FAKE/3189 (4).jpg,train/FAKE/3189 (4).jpg,data/raw/prototype/ai_generated/cifake_v3_train_ai_generated_0158.jpg,df8b8fc6a09d9bc5168b9b11c3802d604b20acc36e97e5aba8a1053a2f292efe,df8b8fc6a09d9bc5168b9b11c3802d604b20acc36e97e5aba8a1053a2f292efe,00de4511bd69170b902a89a94e5e565e7d1a58c4483a1f37b6b23eecf3af2d43,957,32,32,RGB,JPEG
cifake_v3_train_ai_generated_0159,train,ai_generated,1,CIFAKE,3,train,fake,data/interim/cifake_source_v3/train/FAKE/3280 (4).jpg,train/FAKE/3280 (4).jpg,data/raw/prototype/ai_generated/cifake_v3_train_ai_generated_0159.jpg,b1369e4729e107df1d7d968716d5d7ce80c0a1294f1d3bfd6e9eae31ec9eec0e,b1369e4729e107df1d7d968716d5d7ce80c0a1294f1d3bfd6e9eae31ec9eec0e,00df4e925aedb73753db2724be91deaf847f39d7ce50ee30672a2ba1db452be1,865,32,32,RGB,JPEG
cifake_v3_train_ai_generated_0160,train,ai_generated,1,CIFAKE,3,train,fake,data/interim/cifake_source_v3/train/FAKE/2394 (4).jpg,train/FAKE/2394 (4).jpg,data/raw/prototype/ai_generated/cifake_v3_train_ai_generated_0160.jpg,5a46027b54eab85b36ff3e4c50d9956b292fdaa4d1695f007204999bc8123d33,5a46027b54eab85b36ff3e4c50d9956b292fdaa4d1695f007204999bc8123d33,00e08b1ab0f1eea8e8693368e0a5a9580764c459015f5e80e3d283c6539419c8,968,32,32,RGB,JPEG
cifake_v3_train_ai_generated_0161,train,ai_generated,1,CIFAKE,3,train,fake,data/interim/cifake_source_v3/train/FAKE/4609 (10).jpg,train/FAKE/4609 (10).jpg,data/raw/prototype/ai_generated/cifake_v3_train_ai_generated_0161.jpg,fbea62b2af2dedb07e2c4e22f0d4df792e01823bff306789eed60bc82d0bb16a,fbea62b2af2dedb07e2c4e22f0d4df792e01823bff306789eed60bc82d0bb16a,00e0d228d83060187faeea93fae75efd251fe79afcbc3767b1fd6c3e9759f0aa,923,32,32,RGB,JPEG
cifake_v3_train_ai_generated_0162,train,ai_generated,1,CIFAKE,3,train,fake,data/interim/cifake_source_v3/train/FAKE/1234 (2).jpg,train/FAKE/1234 (2).jpg,data/raw/prototype/ai_generated/cifake_v3_train_ai_generated_0162.jpg,4409676257f19256d0bef593b645c3dbf1ddf52db03977a671d21651db1969a4,4409676257f19256d0bef593b645c3dbf1ddf52db03977a671d21651db1969a4,00e298601c1f51dd43ec4a04588d63b255e0a5e11e913cfb2b9a766e93644fe4,921,32,32,RGB,JPEG
cifake_v3_train_ai_generated_0163,train,ai_generated,1,CIFAKE,3,train,fake,data/interim/cifake_source_v3/train/FAKE/2604 (7).jpg,train/FAKE/2604 (7).jpg,data/raw/prototype/ai_generated/cifake_v3_train_ai_generated_0163.jpg,21be6fe563ac3f61d40c3b53e2180c5652aa6f7b788e4ae9f694cbecbd764cf7,21be6fe563ac3f61d40c3b53e2180c5652aa6f7b788e4ae9f694cbecbd764cf7,00e552f002381d774ed252b0b36f06ed592e32d8201ff1ec087c13b29c1cead8,955,32,32,RGB,JPEG
cifake_v3_train_ai_generated_0164,train,ai_generated,1,CIFAKE,3,train,fake,data/interim/cifake_source_v3/train/FAKE/5445 (5).jpg,train/FAKE/5445 (5).jpg,data/raw/prototype/ai_generated/cifake_v3_train_ai_generated_0164.jpg,fba6671a9bc6409d54e3cc8ba6d07ae7291026166f89b73b68820a0f8644027e,fba6671a9bc6409d54e3cc8ba6d07ae7291026166f89b73b68820a0f8644027e,00ea34e7033ba9ed87817dca1f521342bb56aa1851f20a2404c25c89c5b64691,890,32,32,RGB,JPEG
cifake_v3_train_ai_generated_0165,train,ai_generated,1,CIFAKE,3,train,fake,data/interim/cifake_source_v3/train/FAKE/4659 (3).jpg,train/FAKE/4659 (3).jpg,data/raw/prototype/ai_generated/cifake_v3_train_ai_generated_0165.jpg,10373ce101963a61741da1581d211929c7303fe5fcd9dff834000d2d322c65ba,10373ce101963a61741da1581d211929c7303fe5fcd9dff834000d2d322c65ba,00eac11a3ca976c0bef07e39becfd839da03662640b881cfd8f491bac4ac4b2a,883,32,32,RGB,JPEG
cifake_v3_train_ai_generated_0166,train,ai_generated,1,CIFAKE,3,train,fake,data/interim/cifake_source_v3/train/FAKE/3771 (6).jpg,train/FAKE/3771 (6).jpg,data/raw/prototype/ai_generated/cifake_v3_train_ai_generated_0166.jpg,05fefcba7cd94b2a9ad6992b56e1e11a059faab471ba63c7726ef24edae36862,05fefcba7cd94b2a9ad6992b56e1e11a059faab471ba63c7726ef24edae36862,00eb04da52e661b463202cb04da736c337bb8b9e5587e49db750a38d20e26d85,1026,32,32,RGB,JPEG
cifake_v3_train_ai_generated_0167,train,ai_generated,1,CIFAKE,3,train,fake,data/interim/cifake_source_v3/train/FAKE/4519 (2).jpg,train/FAKE/4519 (2).jpg,data/raw/prototype/ai_generated/cifake_v3_train_ai_generated_0167.jpg,9f36864d5101dc1df69d12e2a940e009c8155c55d069f0739cb9ce0b9dae7a63,9f36864d5101dc1df69d12e2a940e009c8155c55d069f0739cb9ce0b9dae7a63,00ec0e945a534ceca367b5b252d8885db29aa514bb426df8a9fda111f34caa49,971,32,32,RGB,JPEG
cifake_v3_train_ai_generated_0168,train,ai_generated,1,CIFAKE,3,train,fake,data/interim/cifake_source_v3/train/FAKE/1033 (8).jpg,train/FAKE/1033 (8).jpg,data/raw/prototype/ai_generated/cifake_v3_train_ai_generated_0168.jpg,2a1404dc54fb920357cdaa150d8ccc53acc732cc418468c92cc6d685675a6501,2a1404dc54fb920357cdaa150d8ccc53acc732cc418468c92cc6d685675a6501,00ec3c23b95a14c9a9a7f3fddf96d8ea7ec2fa46f1bd7fda9a70a50c9f203214,1017,32,32,RGB,JPEG
cifake_v3_train_ai_generated_0169,train,ai_generated,1,CIFAKE,3,train,fake,data/interim/cifake_source_v3/train/FAKE/4832 (9).jpg,train/FAKE/4832 (9).jpg,data/raw/prototype/ai_generated/cifake_v3_train_ai_generated_0169.jpg,e72e1ea4d83b053ee1e74af5fd08f93daf04dbdf0984b9cb584879205e427ea6,e72e1ea4d83b053ee1e74af5fd08f93daf04dbdf0984b9cb584879205e427ea6,00efe5b785e1da7525541eb9c495bf3d50537124956c10656ee22d7dfdf10ca2,818,32,32,RGB,JPEG
cifake_v3_train_ai_generated_0170,train,ai_generated,1,CIFAKE,3,train,fake,data/interim/cifake_source_v3/train/FAKE/5936.jpg,train/FAKE/5936.jpg,data/raw/prototype/ai_generated/cifake_v3_train_ai_generated_0170.jpg,d977cbd679e93586f3362e7c98a03785ddc204930b1a93c474baa89fc2794552,d977cbd679e93586f3362e7c98a03785ddc204930b1a93c474baa89fc2794552,00f028167900a52bfe7e592e22f4a3db2aaf6c708106f1677d1dbb21bea64f3d,896,32,32,RGB,JPEG
cifake_v3_train_ai_generated_0171,train,ai_generated,1,CIFAKE,3,train,fake,data/interim/cifake_source_v3/train/FAKE/1210 (3).jpg,train/FAKE/1210 (3).jpg,data/raw/prototype/ai_generated/cifake_v3_train_ai_generated_0171.jpg,97e331d672dcd770fbc1a67642d1c6071ee75494306036d1543ffbe5e2c71582,97e331d672dcd770fbc1a67642d1c6071ee75494306036d1543ffbe5e2c71582,00f376c02521be738609aa86950af2121b0798a1392ae67542b791414f4bc70c,846,32,32,RGB,JPEG
cifake_v3_train_ai_generated_0172,train,ai_generated,1,CIFAKE,3,train,fake,data/interim/cifake_source_v3/train/FAKE/4544 (10).jpg,train/FAKE/4544 (10).jpg,data/raw/prototype/ai_generated/cifake_v3_train_ai_generated_0172.jpg,94c5875a79ef47ebef20cd5ec97c6fe778b89f5cc9360908ad1ff85189ae01e6,94c5875a79ef47ebef20cd5ec97c6fe778b89f5cc9360908ad1ff85189ae01e6,00f4020246b6f462f01f96e70c6eac25cfef301a02bdf8845512061024e2bce7,875,32,32,RGB,JPEG
cifake_v3_train_ai_generated_0173,train,ai_generated,1,CIFAKE,3,train,fake,data/interim/cifake_source_v3/train/FAKE/1351 (4).jpg,train/FAKE/1351 (4).jpg,data/raw/prototype/ai_generated/cifake_v3_train_ai_generated_0173.jpg,c50ed3003cf71930f01b4e0ec922d658acb12fc16ddffd8afca1797478aef63b,c50ed3003cf71930f01b4e0ec922d658acb12fc16ddffd8afca1797478aef63b,00f4475ef5bced0e4e4294886d4f1c706a61d70da6eb3761eb1f407277c552b6,939,32,32,RGB,JPEG
cifake_v3_train_ai_generated_0174,train,ai_generated,1,CIFAKE,3,train,fake,data/interim/cifake_source_v3/train/FAKE/2873 (8).jpg,train/FAKE/2873 (8).jpg,data/raw/prototype/ai_generated/cifake_v3_train_ai_generated_0174.jpg,6bd648d856c73806036295dff263e8d8ca436f9ac75d8c214aaea9e189b91b0c,6bd648d856c73806036295dff263e8d8ca436f9ac75d8c214aaea9e189b91b0c,00f47ff594e5c8a9a7e72ede5cb344d793561a8deb9ae2a1a3bab0234653ce5a,1015,32,32,RGB,JPEG
cifake_v3_train_ai_generated_0175,train,ai_generated,1,CIFAKE,3,train,fake,data/interim/cifake_source_v3/train/FAKE/5144 (4).jpg,train/FAKE/5144 (4).jpg,data/raw/prototype/ai_generated/cifake_v3_train_ai_generated_0175.jpg,068de6ffa769cf89198ced8d8f5762c8a1d1c609b61b8d8d835bb7481168f299,068de6ffa769cf89198ced8d8f5762c8a1d1c609b61b8d8d835bb7481168f299,00f6a3c54f1f832d0db831bd1a19253f7681410336335073f080ade1d49e6482,820,32,32,RGB,JPEG
cifake_v3_train_ai_generated_0176,train,ai_generated,1,CIFAKE,3,train,fake,data/interim/cifake_source_v3/train/FAKE/3089 (3).jpg,train/FAKE/3089 (3).jpg,data/raw/prototype/ai_generated/cifake_v3_train_ai_generated_0176.jpg,990dc3296edd6c06779865fa2629047d74b228ff5e94b3b16a6508e9b1104159,990dc3296edd6c06779865fa2629047d74b228ff5e94b3b16a6508e9b1104159,00f9f18e071859014e0ea7cba390e01d069628445969ea25e4e9e62378077d8c,836,32,32,RGB,JPEG
cifake_v3_train_ai_generated_0177,train,ai_generated,1,CIFAKE,3,train,fake,data/interim/cifake_source_v3/train/FAKE/2454 (9).jpg,train/FAKE/2454 (9).jpg,data/raw/prototype/ai_generated/cifake_v3_train_ai_generated_0177.jpg,ea3929d4e5928e1d2c69c4f7ad44ec6510585958939a3c71157c8db833f2b857,ea3929d4e5928e1d2c69c4f7ad44ec6510585958939a3c71157c8db833f2b857,00fad8fb1a9ace91c99ad0e8c968616df9e58683cd795c0ae8dbe2a312177138,873,32,32,RGB,JPEG
cifake_v3_train_ai_generated_0178,train,ai_generated,1,CIFAKE,3,train,fake,data/interim/cifake_source_v3/train/FAKE/5805 (4).jpg,train/FAKE/5805 (4).jpg,data/raw/prototype/ai_generated/cifake_v3_train_ai_generated_0178.jpg,f61e211ef0760b13e2bc995696e0b5fed167045c9964667d4f7c549d14c822f9,f61e211ef0760b13e2bc995696e0b5fed167045c9964667d4f7c549d14c822f9,00fb191702dd2cad27c70f5cc65df4c29c88ec1181f9e5e5af30a4392c9488f4,923,32,32,RGB,JPEG
cifake_v3_train_ai_generated_0179,train,ai_generated,1,CIFAKE,3,train,fake,data/interim/cifake_source_v3/train/FAKE/4925 (6).jpg,train/FAKE/4925 (6).jpg,data/raw/prototype/ai_generated/cifake_v3_train_ai_generated_0179.jpg,37459713e735b69deffdf84e4010bff5727d5b519073e197acf9c039525bb036,37459713e735b69deffdf84e4010bff5727d5b519073e197acf9c039525bb036,00ff05ab501a726aa8516a1b545dc85a72a2166c39589c2f770649ef65acbee0,924,32,32,RGB,JPEG
cifake_v3_train_ai_generated_0180,train,ai_generated,1,CIFAKE,3,train,fake,data/interim/cifake_source_v3/train/FAKE/1838 (2).jpg,train/FAKE/1838 (2).jpg,data/raw/prototype/ai_generated/cifake_v3_train_ai_generated_0180.jpg,d5255c343b6cf28b2a23a80125bdc0e8477f2753e66eb31da09121306725ba77,d5255c343b6cf28b2a23a80125bdc0e8477f2753e66eb31da09121306725ba77,010198c1f902b7eabc4830106c66d214e099a9a3b1c19c1361fa3868d0a857dc,992,32,32,RGB,JPEG
cifake_v3_train_ai_generated_0181,train,ai_generated,1,CIFAKE,3,train,fake,data/interim/cifake_source_v3/train/FAKE/2012 (2).jpg,train/FAKE/2012 (2).jpg,data/raw/prototype/ai_generated/cifake_v3_train_ai_generated_0181.jpg,50d483d5a6327ffb9cd16542de7e36ea8d7a250de47ada355d399284e204f490,50d483d5a6327ffb9cd16542de7e36ea8d7a250de47ada355d399284e204f490,0103ae24cb37fb4184c3cc5b8c09ba26b9c78047a11e3287d39137dce89b4fae,854,32,32,RGB,JPEG
cifake_v3_train_ai_generated_0182,train,ai_generated,1,CIFAKE,3,train,fake,data/interim/cifake_source_v3/train/FAKE/4535 (2).jpg,train/FAKE/4535 (2).jpg,data/raw/prototype/ai_generated/cifake_v3_train_ai_generated_0182.jpg,2169f035a538262d224ecac8d3529908e66e88bfcb18e3e28d85b474d3deea65,2169f035a538262d224ecac8d3529908e66e88bfcb18e3e28d85b474d3deea65,0104645784a12d79d51cd15546a02ae0a5590d3c31923f8ae312d944bedb2a32,911,32,32,RGB,JPEG
cifake_v3_train_ai_generated_0183,train,ai_generated,1,CIFAKE,3,train,fake,data/interim/cifake_source_v3/train/FAKE/4058 (4).jpg,train/FAKE/4058 (4).jpg,data/raw/prototype/ai_generated/cifake_v3_train_ai_generated_0183.jpg,fe348bf08e6e2773d236346feb51076c5a83b6a1bd8d8b7a5bc101b9cea0f4ab,fe348bf08e6e2773d236346feb51076c5a83b6a1bd8d8b7a5bc101b9cea0f4ab,010618c47ec0d7ce2971558357661f54bee8d7def455093752cf43dba55f79eb,890,32,32,RGB,JPEG
cifake_v3_train_ai_generated_0184,train,ai_generated,1,CIFAKE,3,train,fake,data/interim/cifake_source_v3/train/FAKE/3956 (2).jpg,train/FAKE/3956 (2).jpg,data/raw/prototype/ai_generated/cifake_v3_train_ai_generated_0184.jpg,98d5a8fd2fac1b83de139232afebbef3263bd682d7b1df4b98c6e5342f1feb1b,98d5a8fd2fac1b83de139232afebbef3263bd682d7b1df4b98c6e5342f1feb1b,01076085270c79fc3a3561781f1b2a90b3be902bfc02bf23e15fcb1d42252c26,940,32,32,RGB,JPEG
cifake_v3_train_ai_generated_0185,train,ai_generated,1,CIFAKE,3,train,fake,data/interim/cifake_source_v3/train/FAKE/4095 (4).jpg,train/FAKE/4095 (4).jpg,data/raw/prototype/ai_generated/cifake_v3_train_ai_generated_0185.jpg,2f0892f7634cc5fdb52e2437ee9112be4bb34f3d83edc9ceb331213be9f1a135,2f0892f7634cc5fdb52e2437ee9112be4bb34f3d83edc9ceb331213be9f1a135,0107f34199326c580e964e4b53ef7d47bdfff68c70a85ac1eeb82c747afb9b7e,924,32,32,RGB,JPEG
cifake_v3_train_ai_generated_0186,train,ai_generated,1,CIFAKE,3,train,fake,data/interim/cifake_source_v3/train/FAKE/1811 (9).jpg,train/FAKE/1811 (9).jpg,data/raw/prototype/ai_generated/cifake_v3_train_ai_generated_0186.jpg,24e05dd59bad2c73cf273c5234cf24221df4f2934218f7a5bbab0f51bee0bba7,24e05dd59bad2c73cf273c5234cf24221df4f2934218f7a5bbab0f51bee0bba7,01096f3d3cdb3c4dc73e8d5abf288a80e835a7c230fcb1edad86acce96071789,810,32,32,RGB,JPEG
cifake_v3_train_ai_generated_0187,train,ai_generated,1,CIFAKE,3,train,fake,data/interim/cifake_source_v3/train/FAKE/5715 (6).jpg,train/FAKE/5715 (6).jpg,data/raw/prototype/ai_generated/cifake_v3_train_ai_generated_0187.jpg,e232c0c1d967ae762a8b5b3dcb7f4c722c6e83027b85c738b1eb2ecb88fbf77b,e232c0c1d967ae762a8b5b3dcb7f4c722c6e83027b85c738b1eb2ecb88fbf77b,010c8dd57295a260dbe942b84a45b3c73d490f6a4d481fa06646050a3753302f,939,32,32,RGB,JPEG
cifake_v3_train_ai_generated_0188,train,ai_generated,1,CIFAKE,3,train,fake,data/interim/cifake_source_v3/train/FAKE/4129 (6).jpg,train/FAKE/4129 (6).jpg,data/raw/prototype/ai_generated/cifake_v3_train_ai_generated_0188.jpg,759fed90e2eeec15102e2052dae58c90c900591c9a9acac46c1cb7a7ee63b76d,759fed90e2eeec15102e2052dae58c90c900591c9a9acac46c1cb7a7ee63b76d,010d375b1ae73d2e6f53279be8258e2b2be2242a0aadd08f7fe04d5e98145ed0,992,32,32,RGB,JPEG
cifake_v3_train_ai_generated_0189,train,ai_generated,1,CIFAKE,3,train,fake,data/interim/cifake_source_v3/train/FAKE/5541 (6).jpg,train/FAKE/5541 (6).jpg,data/raw/prototype/ai_generated/cifake_v3_train_ai_generated_0189.jpg,b62f8a353afa1d10d0b2affb8fcf76c7c94ecc28f23ab34e6a1c85da0c96c846,b62f8a353afa1d10d0b2affb8fcf76c7c94ecc28f23ab34e6a1c85da0c96c846,010db0dd179afa27c8c0ebbf835a2fe2afbea50af2030229ea53d481dea963b9,898,32,32,RGB,JPEG
cifake_v3_train_ai_generated_0190,train,ai_generated,1,CIFAKE,3,train,fake,data/interim/cifake_source_v3/train/FAKE/5486 (2).jpg,train/FAKE/5486 (2).jpg,data/raw/prototype/ai_generated/cifake_v3_train_ai_generated_0190.jpg,9543cfe9279ffab07e61f4dece9af80e94228bf4aec0ce34c21221d985c3d04a,9543cfe9279ffab07e61f4dece9af80e94228bf4aec0ce34c21221d985c3d04a,010edf03d5b821ca326b6f6505eef4dafb122cdf9f91ce5168311c6ef9ad4b3b,936,32,32,RGB,JPEG
cifake_v3_train_ai_generated_0191,train,ai_generated,1,CIFAKE,3,train,fake,data/interim/cifake_source_v3/train/FAKE/1395 (6).jpg,train/FAKE/1395 (6).jpg,data/raw/prototype/ai_generated/cifake_v3_train_ai_generated_0191.jpg,681b662527ad6d3ed5641d51abaf4385e13b8b221b221b025eeb3895649b15e0,681b662527ad6d3ed5641d51abaf4385e13b8b221b221b025eeb3895649b15e0,011100847888b73ade96f52d4a0fd578954797a81890d94bf22d631eb0cfc9ee,994,32,32,RGB,JPEG
cifake_v3_train_ai_generated_0192,train,ai_generated,1,CIFAKE,3,train,fake,data/interim/cifake_source_v3/train/FAKE/4437 (5).jpg,train/FAKE/4437 (5).jpg,data/raw/prototype/ai_generated/cifake_v3_train_ai_generated_0192.jpg,678101f0c6d825519bd4ff79ce7d0eb84e15c377fe3e4df777da480114cd7538,678101f0c6d825519bd4ff79ce7d0eb84e15c377fe3e4df777da480114cd7538,0111cd34812c6fde33b428fc4dbb05dfc92a34bcb80e6ea505f2b7c344b1c58a,855,32,32,RGB,JPEG
cifake_v3_train_ai_generated_0193,train,ai_generated,1,CIFAKE,3,train,fake,data/interim/cifake_source_v3/train/FAKE/1095 (4).jpg,train/FAKE/1095 (4).jpg,data/raw/prototype/ai_generated/cifake_v3_train_ai_generated_0193.jpg,34a7b30e86bbe007926f2e27c1f4a0a6bbd97590baa7b8437f8daf5fd9c5323c,34a7b30e86bbe007926f2e27c1f4a0a6bbd97590baa7b8437f8daf5fd9c5323c,0112336b27b27c5fa52559a75ee9b4a5165e082d324452e3e9ca57730719804b,968,32,32,RGB,JPEG
cifake_v3_train_ai_generated_0194,train,ai_generated,1,CIFAKE,3,train,fake,data/interim/cifake_source_v3/train/FAKE/1111 (3).jpg,train/FAKE/1111 (3).jpg,data/raw/prototype/ai_generated/cifake_v3_train_ai_generated_0194.jpg,028dbaea49164b28c0f29b0801c47a7dd5ec35ede315278954458474c5179d15,028dbaea49164b28c0f29b0801c47a7dd5ec35ede315278954458474c5179d15,01125dd27ab053591c373f4fa630a74a7a6f3440280dfdcd18463183fc6d3460,834,32,32,RGB,JPEG
cifake_v3_train_ai_generated_0195,train,ai_generated,1,CIFAKE,3,train,fake,data/interim/cifake_source_v3/train/FAKE/5581 (9).jpg,train/FAKE/5581 (9).jpg,data/raw/prototype/ai_generated/cifake_v3_train_ai_generated_0195.jpg,4685d600859b3771f60a29215d944a4257b9b34c92014b4d913d232843b0bf30,4685d600859b3771f60a29215d944a4257b9b34c92014b4d913d232843b0bf30,0113cebb6d87224d8797d86d7ccf0553d87f3496c62067feda7dd72224e66ca5,846,32,32,RGB,JPEG
cifake_v3_train_ai_generated_0196,train,ai_generated,1,CIFAKE,3,train,fake,data/interim/cifake_source_v3/train/FAKE/3575 (4).jpg,train/FAKE/3575 (4).jpg,data/raw/prototype/ai_generated/cifake_v3_train_ai_generated_0196.jpg,7cc4b3e903a8321eabf370db0c7337321ccfdc084c976f85cfd2cfce41af2808,7cc4b3e903a8321eabf370db0c7337321ccfdc084c976f85cfd2cfce41af2808,0114dbbd722c33c53a4c6e273342aa21d72ea8c4809d5c733568c8dc156153ea,953,32,32,RGB,JPEG
cifake_v3_train_ai_generated_0197,train,ai_generated,1,CIFAKE,3,train,fake,data/interim/cifake_source_v3/train/FAKE/1813 (2).jpg,train/FAKE/1813 (2).jpg,data/raw/prototype/ai_generated/cifake_v3_train_ai_generated_0197.jpg,3c8335891a0dcdca3576a15cb0906c56618e7da347e0b81dbbe950d78e6a7f1b,3c8335891a0dcdca3576a15cb0906c56618e7da347e0b81dbbe950d78e6a7f1b,01153cb185f1d8f07968e753042209aa52c1577f38b55a1a558c5f0ea7732848,937,32,32,RGB,JPEG
cifake_v3_train_ai_generated_0198,train,ai_generated,1,CIFAKE,3,train,fake,data/interim/cifake_source_v3/train/FAKE/4378 (6).jpg,train/FAKE/4378 (6).jpg,data/raw/prototype/ai_generated/cifake_v3_train_ai_generated_0198.jpg,0c46d4306140f799d70acf3cc1bcd89e03c6886b572d31b0c60919f72ebe1d0d,0c46d4306140f799d70acf3cc1bcd89e03c6886b572d31b0c60919f72ebe1d0d,0116d6920f50e77c041ede8ebb3f941932a560398f23f260e555b2fa1cd2a084,938,32,32,RGB,JPEG
cifake_v3_train_ai_generated_0199,train,ai_generated,1,CIFAKE,3,train,fake,data/interim/cifake_source_v3/train/FAKE/3585 (2).jpg,train/FAKE/3585 (2).jpg,data/raw/prototype/ai_generated/cifake_v3_train_ai_generated_0199.jpg,e5684c1df7ad8dd7c993fc7f0755159f14f1573baec7e56217fd5eb9b5c7afb7,e5684c1df7ad8dd7c993fc7f0755159f14f1573baec7e56217fd5eb9b5c7afb7,01185d0c3c451ecb74a73078fbcbc8e38371fc73db51ce1fdcdd25103416eec4,894,32,32,RGB,JPEG
cifake_v3_train_ai_generated_0200,train,ai_generated,1,CIFAKE,3,train,fake,data/interim/cifake_source_v3/train/FAKE/3832 (10).jpg,train/FAKE/3832 (10).jpg,data/raw/prototype/ai_generated/cifake_v3_train_ai_generated_0200.jpg,2543d6e2834c0081e8018a9773bf524535e181caf5132d707f0650a89a0d74b6,2543d6e2834c0081e8018a9773bf524535e181caf5132d707f0650a89a0d74b6,0119b4ddf0dd3313a2660a84b6527cfdc14e74a5b3656902d9d5e29ab56afc68,974,32,32,RGB,JPEG
cifake_v3_train_ai_generated_0201,train,ai_generated,1,CIFAKE,3,train,fake,data/interim/cifake_source_v3/train/FAKE/1172.jpg,train/FAKE/1172.jpg,data/raw/prototype/ai_generated/cifake_v3_train_ai_generated_0201.jpg,e042c032d60c3a0a4f11b8dab291a9bad21e57928093fab766e823ddc5a07f6c,e042c032d60c3a0a4f11b8dab291a9bad21e57928093fab766e823ddc5a07f6c,0119cf99158da503dccf37a008dd8e030b3d626fdbcc836da9b59084577d895e,880,32,32,RGB,JPEG
cifake_v3_train_ai_generated_0202,train,ai_generated,1,CIFAKE,3,train,fake,data/interim/cifake_source_v3/train/FAKE/4287 (8).jpg,train/FAKE/4287 (8).jpg,data/raw/prototype/ai_generated/cifake_v3_train_ai_generated_0202.jpg,5149afe21ca1d3c0a9c18de769b616579c5047bccd11a312f73d79a4c2e2302f,5149afe21ca1d3c0a9c18de769b616579c5047bccd11a312f73d79a4c2e2302f,011a26a608ac735515a86c3cdea35d248234aa766d27fdbaa75b5f1ad14cf644,951,32,32,RGB,JPEG
cifake_v3_train_ai_generated_0203,train,ai_generated,1,CIFAKE,3,train,fake,data/interim/cifake_source_v3/train/FAKE/2462 (5).jpg,train/FAKE/2462 (5).jpg,data/raw/prototype/ai_generated/cifake_v3_train_ai_generated_0203.jpg,8c1935e30f0a4cff4c9da055796c7f6bec9626da86a8c013c405fe1ed397d872,8c1935e30f0a4cff4c9da055796c7f6bec9626da86a8c013c405fe1ed397d872,011a7a871d01b09fcd74b755a759fcc29586936962332d2802da5b63d951d01a,962,32,32,RGB,JPEG
cifake_v3_train_ai_generated_0204,train,ai_generated,1,CIFAKE,3,train,fake,data/interim/cifake_source_v3/train/FAKE/3071 (10).jpg,train/FAKE/3071 (10).jpg,data/raw/prototype/ai_generated/cifake_v3_train_ai_generated_0204.jpg,bdeb0077479491106a07de8351ff91dcf954e3af920daf03558e78133eb94892,bdeb0077479491106a07de8351ff91dcf954e3af920daf03558e78133eb94892,011baa34e5ea9c464499fe393432bbddf11647f0c9e7be6e78da7cd9f37dd422,985,32,32,RGB,JPEG
cifake_v3_train_ai_generated_0205,train,ai_generated,1,CIFAKE,3,train,fake,data/interim/cifake_source_v3/train/FAKE/5025 (4).jpg,train/FAKE/5025 (4).jpg,data/raw/prototype/ai_generated/cifake_v3_train_ai_generated_0205.jpg,43e1fd052d0f38aef5b784049cf5b2cd7dbcc7a5ee9a2bf49cddb992e228393f,43e1fd052d0f38aef5b784049cf5b2cd7dbcc7a5ee9a2bf49cddb992e228393f,011cf385bfceac06e4faeddb34712159b5fc279abac0ac80d0ef93cd74421ea9,980,32,32,RGB,JPEG
cifake_v3_train_ai_generated_0206,train,ai_generated,1,CIFAKE,3,train,fake,data/interim/cifake_source_v3/train/FAKE/1143 (10).jpg,train/FAKE/1143 (10).jpg,data/raw/prototype/ai_generated/cifake_v3_train_ai_generated_0206.jpg,0e9351e7861903b124d81c20f8dfcc3d6f42e6ecce5a957e40dc9bbb3f5900aa,0e9351e7861903b124d81c20f8dfcc3d6f42e6ecce5a957e40dc9bbb3f5900aa,011dd94929e853ed72f691d251ea0f20bc2562936f059d0ed5edf756ab548040,958,32,32,RGB,JPEG
cifake_v3_train_ai_generated_0207,train,ai_generated,1,CIFAKE,3,train,fake,data/interim/cifake_source_v3/train/FAKE/1031 (7).jpg,train/FAKE/1031 (7).jpg,data/raw/prototype/ai_generated/cifake_v3_train_ai_generated_0207.jpg,81ce06ad3c2c6e272bedfa59f6f9625234e217a39a537668539d10620a09017e,81ce06ad3c2c6e272bedfa59f6f9625234e217a39a537668539d10620a09017e,011e02f9f3bd0cb9dd554ac597d865f673f38adf906f82c93fa3d395ecbf7db1,975,32,32,RGB,JPEG
cifake_v3_train_ai_generated_0208,train,ai_generated,1,CIFAKE,3,train,fake,data/interim/cifake_source_v3/train/FAKE/5019 (5).jpg,train/FAKE/5019 (5).jpg,data/raw/prototype/ai_generated/cifake_v3_train_ai_generated_0208.jpg,51feac959a3d364fbeee9d5c08856f2d4cb59421d3a596f8117338296e3c8d9e,51feac959a3d364fbeee9d5c08856f2d4cb59421d3a596f8117338296e3c8d9e,011f79bb4f6f707b35b0a53c62eda1e3bc0d9a75cb41c3f486cec7cdf4d1efed,1008,32,32,RGB,JPEG
cifake_v3_train_ai_generated_0209,train,ai_generated,1,CIFAKE,3,train,fake,data/interim/cifake_source_v3/train/FAKE/1797.jpg,train/FAKE/1797.jpg,data/raw/prototype/ai_generated/cifake_v3_train_ai_generated_0209.jpg,031d50e375957ecaee2bf2478e5b68f26d9f98e206fd92be2b8ea3b5efc3994b,031d50e375957ecaee2bf2478e5b68f26d9f98e206fd92be2b8ea3b5efc3994b,011fa398a443f79571465fed4afbeaee4e3d04a782fe2ebe52ae72575b87df3f,825,32,32,RGB,JPEG
cifake_v3_train_ai_generated_0210,train,ai_generated,1,CIFAKE,3,train,fake,data/interim/cifake_source_v3/train/FAKE/2934 (10).jpg,train/FAKE/2934 (10).jpg,data/raw/prototype/ai_generated/cifake_v3_train_ai_generated_0210.jpg,cefe71d6375dd256516904c01ada9372fd500091cf0a4603aa68187c5db067ff,cefe71d6375dd256516904c01ada9372fd500091cf0a4603aa68187c5db067ff,011fcd880d537a94adcd4c349f22d28778fdefbe131c4a1a6dc04bd252e15d6d,842,32,32,RGB,JPEG
cifake_v3_train_ai_generated_0211,train,ai_generated,1,CIFAKE,3,train,fake,data/interim/cifake_source_v3/train/FAKE/4580 (8).jpg,train/FAKE/4580 (8).jpg,data/raw/prototype/ai_generated/cifake_v3_train_ai_generated_0211.jpg,7af00094ee47391f1392fe661c0ccecbeb7ed0099a47e7d8e3c10e4e1224ac2c,7af00094ee47391f1392fe661c0ccecbeb7ed0099a47e7d8e3c10e4e1224ac2c,0120e3cf9d8db4f99f689176856a5b4231b4ab9803482042c62ded7039e82eac,998,32,32,RGB,JPEG
cifake_v3_train_ai_generated_0212,train,ai_generated,1,CIFAKE,3,train,fake,data/interim/cifake_source_v3/train/FAKE/1629 (3).jpg,train/FAKE/1629 (3).jpg,data/raw/prototype/ai_generated/cifake_v3_train_ai_generated_0212.jpg,e1816ca24dd1438b346b9d17060c262cc811b9ce0a2e05fa210f54f42d5d02d9,e1816ca24dd1438b346b9d17060c262cc811b9ce0a2e05fa210f54f42d5d02d9,012209d7e692146c35a068ac03b54d619ba3759170f05bb9bfcc0b64f098a70e,805,32,32,RGB,JPEG
cifake_v3_train_ai_generated_0213,train,ai_generated,1,CIFAKE,3,train,fake,data/interim/cifake_source_v3/train/FAKE/5131 (7).jpg,train/FAKE/5131 (7).jpg,data/raw/prototype/ai_generated/cifake_v3_train_ai_generated_0213.jpg,732c5868bbc50da6cea39c061b9917c60eecd4f10bb90f57c16f0599970075e7,732c5868bbc50da6cea39c061b9917c60eecd4f10bb90f57c16f0599970075e7,0125a96cfc4cbc3d95a41708284b92cc5209d96b19c88144fb6ca9d277443a63,895,32,32,RGB,JPEG
cifake_v3_train_ai_generated_0214,train,ai_generated,1,CIFAKE,3,train,fake,data/interim/cifake_source_v3/train/FAKE/3731 (10).jpg,train/FAKE/3731 (10).jpg,data/raw/prototype/ai_generated/cifake_v3_train_ai_generated_0214.jpg,8cffae82c53a92f8c096ee972aa4b93eb3731eafca659d7d2609e61c40b99302,8cffae82c53a92f8c096ee972aa4b93eb3731eafca659d7d2609e61c40b99302,0126019d85fb2e2b8c58fd16bcc27bd4d41b3700d859f46b88fb959427870585,1033,32,32,RGB,JPEG
cifake_v3_train_ai_generated_0215,train,ai_generated,1,CIFAKE,3,train,fake,data/interim/cifake_source_v3/train/FAKE/5877 (2).jpg,train/FAKE/5877 (2).jpg,data/raw/prototype/ai_generated/cifake_v3_train_ai_generated_0215.jpg,b29234f134fcce873bfc407e0a68645f0970f8faf1a5983ef502c574b66067d1,b29234f134fcce873bfc407e0a68645f0970f8faf1a5983ef502c574b66067d1,012a9b66be52c7c079f89054c9ffb0dacae7c895516ea9ee68f35e5a7758e0cf,895,32,32,RGB,JPEG
cifake_v3_train_ai_generated_0216,train,ai_generated,1,CIFAKE,3,train,fake,data/interim/cifake_source_v3/train/FAKE/1977 (10).jpg,train/FAKE/1977 (10).jpg,data/raw/prototype/ai_generated/cifake_v3_train_ai_generated_0216.jpg,227e59301294fceefe361a5d1482665c9c743b0afbea60b62493b326c8b76613,227e59301294fceefe361a5d1482665c9c743b0afbea60b62493b326c8b76613,012c24d64837d3af740a35b82cb43eca39627621273c25db593fb76c1e4bf5e5,919,32,32,RGB,JPEG
cifake_v3_train_ai_generated_0217,train,ai_generated,1,CIFAKE,3,train,fake,data/interim/cifake_source_v3/train/FAKE/4450 (8).jpg,train/FAKE/4450 (8).jpg,data/raw/prototype/ai_generated/cifake_v3_train_ai_generated_0217.jpg,ba43baa5bbfa419be3f1e107d356059a0fe6f77c7639f7912edbeac4a40921f4,ba43baa5bbfa419be3f1e107d356059a0fe6f77c7639f7912edbeac4a40921f4,012ca982f468bd0ff412b6f687760bf81896aa2393043c1bf15b1b1a387e82da,963,32,32,RGB,JPEG
cifake_v3_train_ai_generated_0218,train,ai_generated,1,CIFAKE,3,train,fake,data/interim/cifake_source_v3/train/FAKE/1437.jpg,train/FAKE/1437.jpg,data/raw/prototype/ai_generated/cifake_v3_train_ai_generated_0218.jpg,6a334ad61d37fa02484059f0e1ddad0cc1715650251f26c424528929ac29dfb6,6a334ad61d37fa02484059f0e1ddad0cc1715650251f26c424528929ac29dfb6,012d64040d59293f6c3f0598fff4675b0ac42340b3d4f5742e70ada0bd050072,870,32,32,RGB,JPEG
cifake_v3_train_ai_generated_0219,train,ai_generated,1,CIFAKE,3,train,fake,data/interim/cifake_source_v3/train/FAKE/4021.jpg,train/FAKE/4021.jpg,data/raw/prototype/ai_generated/cifake_v3_train_ai_generated_0219.jpg,b0e8e2d117db4e956e25a2da1746f82aaad9634ef5b802387ea3e17a45693451,b0e8e2d117db4e956e25a2da1746f82aaad9634ef5b802387ea3e17a45693451,012dfa09516514c3627afb5d715fbc06223b16eac2df38d1c9e10731c21ea4f0,859,32,32,RGB,JPEG
cifake_v3_train_ai_generated_0220,train,ai_generated,1,CIFAKE,3,train,fake,data/interim/cifake_source_v3/train/FAKE/1525 (6).jpg,train/FAKE/1525 (6).jpg,data/raw/prototype/ai_generated/cifake_v3_train_ai_generated_0220.jpg,9f2c25a118e2e425f132d463cbc9980b0c35723ce6cec4a9e0ff9a6de97e1edf,9f2c25a118e2e425f132d463cbc9980b0c35723ce6cec4a9e0ff9a6de97e1edf,012ea485f9159fe0fd110ed7b2f9097f3956856933b83cca09d6a6d488054cef,942,32,32,RGB,JPEG
cifake_v3_train_ai_generated_0221,train,ai_generated,1,CIFAKE,3,train,fake,data/interim/cifake_source_v3/train/FAKE/1272 (5).jpg,train/FAKE/1272 (5).jpg,data/raw/prototype/ai_generated/cifake_v3_train_ai_generated_0221.jpg,06a774ec98cead742d36d33356fd92151f933e364b6967c661e3cb43e5b432da,06a774ec98cead742d36d33356fd92151f933e364b6967c661e3cb43e5b432da,013021f41b6650e7c9043855d5b9d7c73c49c898d4ca62c402a1baef7bc19a73,860,32,32,RGB,JPEG
cifake_v3_train_ai_generated_0222,train,ai_generated,1,CIFAKE,3,train,fake,data/interim/cifake_source_v3/train/FAKE/5156 (6).jpg,train/FAKE/5156 (6).jpg,data/raw/prototype/ai_generated/cifake_v3_train_ai_generated_0222.jpg,a07a71a35ec2581de65164c0b2e607b73511a6935649a431a805a29994a579ec,a07a71a35ec2581de65164c0b2e607b73511a6935649a431a805a29994a579ec,01303a45ef85aceb728cd8dd9a9bab2b7524773f13bfaeda501c997f2426decf,959,32,32,RGB,JPEG
cifake_v3_train_ai_generated_0223,train,ai_generated,1,CIFAKE,3,train,fake,data/interim/cifake_source_v3/train/FAKE/5590 (6).jpg,train/FAKE/5590 (6).jpg,data/raw/prototype/ai_generated/cifake_v3_train_ai_generated_0223.jpg,bd42128bab9d8bcc3af5452eea27869cf2ab60b0675ddb320002145ff34b9c8b,bd42128bab9d8bcc3af5452eea27869cf2ab60b0675ddb320002145ff34b9c8b,0130d6cac05c7cb44c3a1df959a65ede9f74afb2d7eb46cb4e8b34ef3b0c3288,952,32,32,RGB,JPEG
cifake_v3_train_ai_generated_0224,train,ai_generated,1,CIFAKE,3,train,fake,data/interim/cifake_source_v3/train/FAKE/3408 (10).jpg,train/FAKE/3408 (10).jpg,data/raw/prototype/ai_generated/cifake_v3_train_ai_generated_0224.jpg,14c73b251d490f54b273a6444c1f19620f05241700bd80db14ae9aa00571ca79,14c73b251d490f54b273a6444c1f19620f05241700bd80db14ae9aa00571ca79,013161cd834cbed52130401c78e4cbc94c58bae002286b84d94a71382ff85c20,961,32,32,RGB,JPEG
cifake_v3_train_ai_generated_0225,train,ai_generated,1,CIFAKE,3,train,fake,data/interim/cifake_source_v3/train/FAKE/3320 (6).jpg,train/FAKE/3320 (6).jpg,data/raw/prototype/ai_generated/cifake_v3_train_ai_generated_0225.jpg,f54b2961a276a46ff306a18d1b52134f2b91a46d769e5ecd366976bbdf08d992,f54b2961a276a46ff306a18d1b52134f2b91a46d769e5ecd366976bbdf08d992,0131995f58781d3f4905942839e5d69189134dd5e5fc11138384485c7ec023fe,858,32,32,RGB,JPEG
cifake_v3_train_ai_generated_0226,train,ai_generated,1,CIFAKE,3,train,fake,data/interim/cifake_source_v3/train/FAKE/2069 (2).jpg,train/FAKE/2069 (2).jpg,data/raw/prototype/ai_generated/cifake_v3_train_ai_generated_0226.jpg,42e2bff6c7bf513ec555cc12874fb12760dfc991a7da308408dba88d18b98dd2,42e2bff6c7bf513ec555cc12874fb12760dfc991a7da308408dba88d18b98dd2,01319f25a0e3d52f7705db192aaabe379ae9f4379b8a02f9dafc7d3601f0af91,913,32,32,RGB,JPEG
cifake_v3_train_ai_generated_0227,train,ai_generated,1,CIFAKE,3,train,fake,data/interim/cifake_source_v3/train/FAKE/4913 (3).jpg,train/FAKE/4913 (3).jpg,data/raw/prototype/ai_generated/cifake_v3_train_ai_generated_0227.jpg,c71d8327642c1e8ed9c38ace2fab0b9d25354c6f68d3584fe6c2e979c74c4235,c71d8327642c1e8ed9c38ace2fab0b9d25354c6f68d3584fe6c2e979c74c4235,0131f0db29bbab5836d9a6d46dd59725e8f524aed586068e7def8c1d1927d4ba,831,32,32,RGB,JPEG
cifake_v3_train_ai_generated_0228,train,ai_generated,1,CIFAKE,3,train,fake,data/interim/cifake_source_v3/train/FAKE/4484 (9).jpg,train/FAKE/4484 (9).jpg,data/raw/prototype/ai_generated/cifake_v3_train_ai_generated_0228.jpg,cab70c658b4a6aaa54524272aa767ace974935de3a400ec2f34368dd6fd96f4a,cab70c658b4a6aaa54524272aa767ace974935de3a400ec2f34368dd6fd96f4a,0133ff742aa8567ce0d1eb7168271e0159ddff208ab75eff3154b1ae960eac02,777,32,32,RGB,JPEG
cifake_v3_train_ai_generated_0229,train,ai_generated,1,CIFAKE,3,train,fake,data/interim/cifake_source_v3/train/FAKE/5169 (5).jpg,train/FAKE/5169 (5).jpg,data/raw/prototype/ai_generated/cifake_v3_train_ai_generated_0229.jpg,ce2e911fba3e48da552ed7c5ddb0f184e1202f5f3b4e310628ded49fb12637ea,ce2e911fba3e48da552ed7c5ddb0f184e1202f5f3b4e310628ded49fb12637ea,0134659271eb78489c68b9dd071ed30ed57d4652449d54b7aad92af29248a240,934,32,32,RGB,JPEG
cifake_v3_train_ai_generated_0230,train,ai_generated,1,CIFAKE,3,train,fake,data/interim/cifake_source_v3/train/FAKE/4967 (8).jpg,train/FAKE/4967 (8).jpg,data/raw/prototype/ai_generated/cifake_v3_train_ai_generated_0230.jpg,1e2f6569e030acd58e5fe382b0b2b721cf763e910e77e13a895b0c387c65a8a2,1e2f6569e030acd58e5fe382b0b2b721cf763e910e77e13a895b0c387c65a8a2,013576b181dea7009abab2829c7aec63ed1f2334d1d5afd7ac85caa9a371f1e4,984,32,32,RGB,JPEG
cifake_v3_train_ai_generated_0231,train,ai_generated,1,CIFAKE,3,train,fake,data/interim/cifake_source_v3/train/FAKE/5180 (2).jpg,train/FAKE/5180 (2).jpg,data/raw/prototype/ai_generated/cifake_v3_train_ai_generated_0231.jpg,de1a441e1e62ec026087e7104113e2cd5c41d65d430a15919220f85e9d6d1bdf,de1a441e1e62ec026087e7104113e2cd5c41d65d430a15919220f85e9d6d1bdf,0136f3fe52677946a2a0868567cc90dd2815e94fed1860658645419c6ee04b99,996,32,32,RGB,JPEG
cifake_v3_train_ai_generated_0232,train,ai_generated,1,CIFAKE,3,train,fake,data/interim/cifake_source_v3/train/FAKE/5070 (7).jpg,train/FAKE/5070 (7).jpg,data/raw/prototype/ai_generated/cifake_v3_train_ai_generated_0232.jpg,b22eceecbf18775a847025937399a981501eb6c9c1cec38c21aa242afb497840,b22eceecbf18775a847025937399a981501eb6c9c1cec38c21aa242afb497840,0139e057b5a94415e9d5ea5c0c75813a1fb90c05e8a3a9dcced0d3bb13fd3fc8,1048,32,32,RGB,JPEG
cifake_v3_train_ai_generated_0233,train,ai_generated,1,CIFAKE,3,train,fake,data/interim/cifake_source_v3/train/FAKE/3689 (10).jpg,train/FAKE/3689 (10).jpg,data/raw/prototype/ai_generated/cifake_v3_train_ai_generated_0233.jpg,5c7835b63277640731ed458a68e3d8b26c355d53f97f033ef871a5cf990a97ed,5c7835b63277640731ed458a68e3d8b26c355d53f97f033ef871a5cf990a97ed,013edb860cc1ad713ae528da3416a13aa719f1917acb94350fb20ebc0bb5d989,953,32,32,RGB,JPEG
cifake_v3_train_ai_generated_0234,train,ai_generated,1,CIFAKE,3,train,fake,data/interim/cifake_source_v3/train/FAKE/1791 (5).jpg,train/FAKE/1791 (5).jpg,data/raw/prototype/ai_generated/cifake_v3_train_ai_generated_0234.jpg,8ed1a064398e1bd957a0db2fec8e0d91979c9ba10e32762adbe89a1049ea4587,8ed1a064398e1bd957a0db2fec8e0d91979c9ba10e32762adbe89a1049ea4587,014148a261f828a4c01b2a45dad471682027f3c55b7b1814f0b922f0ce170c68,819,32,32,RGB,JPEG
cifake_v3_train_ai_generated_0235,train,ai_generated,1,CIFAKE,3,train,fake,data/interim/cifake_source_v3/train/FAKE/5699 (4).jpg,train/FAKE/5699 (4).jpg,data/raw/prototype/ai_generated/cifake_v3_train_ai_generated_0235.jpg,9472c65c79762de060e0457da2a53c2fd0558fb6ed70b3cbcaca6457d735e39a,9472c65c79762de060e0457da2a53c2fd0558fb6ed70b3cbcaca6457d735e39a,01418d88ef3c4933b1a837dc5efdf332ee27d484fb885da60ffbce651a33d38a,973,32,32,RGB,JPEG
cifake_v3_train_ai_generated_0236,train,ai_generated,1,CIFAKE,3,train,fake,data/interim/cifake_source_v3/train/FAKE/4254 (6).jpg,train/FAKE/4254 (6).jpg,data/raw/prototype/ai_generated/cifake_v3_train_ai_generated_0236.jpg,6e0c5b448e23759044b0e083e6c875783d16843a324c56b7b6bbe1a63d08e6b1,6e0c5b448e23759044b0e083e6c875783d16843a324c56b7b6bbe1a63d08e6b1,0142848493818811b9765a9852883bb4934fc12f7c639d1c6790acae1e52a292,881,32,32,RGB,JPEG
cifake_v3_train_ai_generated_0237,train,ai_generated,1,CIFAKE,3,train,fake,data/interim/cifake_source_v3/train/FAKE/5813 (7).jpg,train/FAKE/5813 (7).jpg,data/raw/prototype/ai_generated/cifake_v3_train_ai_generated_0237.jpg,0ebfe2783ae4f900929084e98a58240fdecb039fabaa9f6dd648bbc61c9b2f64,0ebfe2783ae4f900929084e98a58240fdecb039fabaa9f6dd648bbc61c9b2f64,0144afcbc0a75fb8ab286fa8f5759e299fe5d416b0df7e0e65fc3565c32b4b51,851,32,32,RGB,JPEG
cifake_v3_train_ai_generated_0238,train,ai_generated,1,CIFAKE,3,train,fake,data/interim/cifake_source_v3/train/FAKE/3197 (3).jpg,train/FAKE/3197 (3).jpg,data/raw/prototype/ai_generated/cifake_v3_train_ai_generated_0238.jpg,b931ad7ac037b2ec624fe0af296067cf84e297695239e8dc124238cb39fcab94,b931ad7ac037b2ec624fe0af296067cf84e297695239e8dc124238cb39fcab94,014522200e5d474adcb9d1f193367cb7996dfb45899983f96836806260d823d7,813,32,32,RGB,JPEG
cifake_v3_train_ai_generated_0239,train,ai_generated,1,CIFAKE,3,train,fake,data/interim/cifake_source_v3/train/FAKE/4714 (3).jpg,train/FAKE/4714 (3).jpg,data/raw/prototype/ai_generated/cifake_v3_train_ai_generated_0239.jpg,27ae98e7c5e105166a1fe0eb5fb210a63677058e8809f5d510deab3d8b5c1ec9,27ae98e7c5e105166a1fe0eb5fb210a63677058e8809f5d510deab3d8b5c1ec9,01453d2bcd6e93a991e86a2c81cfedb9da637f1e0ea7eb1f4357fd18ce530973,913,32,32,RGB,JPEG
cifake_v3_train_ai_generated_0240,train,ai_generated,1,CIFAKE,3,train,fake,data/interim/cifake_source_v3/train/FAKE/4540 (3).jpg,train/FAKE/4540 (3).jpg,data/raw/prototype/ai_generated/cifake_v3_train_ai_generated_0240.jpg,ffeb4849d9654c282920120de3c5be13cf52944fde43f2b745e3ba05f09aee3b,ffeb4849d9654c282920120de3c5be13cf52944fde43f2b745e3ba05f09aee3b,01454058b7f0a483273d73914cb3abfd0a8b18240b8a1bc56fb8b6762b9131e9,904,32,32,RGB,JPEG
cifake_v3_train_ai_generated_0241,train,ai_generated,1,CIFAKE,3,train,fake,data/interim/cifake_source_v3/train/FAKE/5262 (10).jpg,train/FAKE/5262 (10).jpg,data/raw/prototype/ai_generated/cifake_v3_train_ai_generated_0241.jpg,5ac641526dcf815ac8d1dc0a21ca278a9a16993b8c53fe2a0e5cc0fb7ecb90db,5ac641526dcf815ac8d1dc0a21ca278a9a16993b8c53fe2a0e5cc0fb7ecb90db,0146fc4a50b9f4296730ac3ed263283a5db491b0af1b5fd5c1d6ff9c70cdb228,980,32,32,RGB,JPEG
cifake_v3_train_ai_generated_0242,train,ai_generated,1,CIFAKE,3,train,fake,data/interim/cifake_source_v3/train/FAKE/2154.jpg,train/FAKE/2154.jpg,data/raw/prototype/ai_generated/cifake_v3_train_ai_generated_0242.jpg,12e5dfcd58d41b6af3016e759a3f9b66b6598dddb13c0ac7acb1e32e6d2f1677,12e5dfcd58d41b6af3016e759a3f9b66b6598dddb13c0ac7acb1e32e6d2f1677,01471aec2d07a0c776f9f5ac4049e88c61dc3013eada15058ee54371b22b0c45,818,32,32,RGB,JPEG
cifake_v3_train_ai_generated_0243,train,ai_generated,1,CIFAKE,3,train,fake,data/interim/cifake_source_v3/train/FAKE/5122 (10).jpg,train/FAKE/5122 (10).jpg,data/raw/prototype/ai_generated/cifake_v3_train_ai_generated_0243.jpg,41c20040a93b8892cf6a908e15b2183c73d8bace68ebcfaa400f6c28959c9fe2,41c20040a93b8892cf6a908e15b2183c73d8bace68ebcfaa400f6c28959c9fe2,014744da01c6df3e7658f666b88f4fc05415ff42a742cad07c9eebfeed803a3f,840,32,32,RGB,JPEG
cifake_v3_train_ai_generated_0244,train,ai_generated,1,CIFAKE,3,train,fake,data/interim/cifake_source_v3/train/FAKE/3492 (5).jpg,train/FAKE/3492 (5).jpg,data/raw/prototype/ai_generated/cifake_v3_train_ai_generated_0244.jpg,cc9001359b14ad4befdfde8917cdd21363325786bb161bd70e07ef6e4e74449d,cc9001359b14ad4befdfde8917cdd21363325786bb161bd70e07ef6e4e74449d,0147f408f3e698ef25622b68552f23722d01d7496071cd5677f1a272097b803a,970,32,32,RGB,JPEG
cifake_v3_train_ai_generated_0245,train,ai_generated,1,CIFAKE,3,train,fake,data/interim/cifake_source_v3/train/FAKE/4376 (6).jpg,train/FAKE/4376 (6).jpg,data/raw/prototype/ai_generated/cifake_v3_train_ai_generated_0245.jpg,cdcd133b1cc69ee570839ad8efd41ebf96d28f00f4f4edc001e0c9c60277b9cb,cdcd133b1cc69ee570839ad8efd41ebf96d28f00f4f4edc001e0c9c60277b9cb,01490c9b0ceae6704fb1c6333c2558934683ae3f66195552d2c188a988d4b3c4,909,32,32,RGB,JPEG
cifake_v3_train_ai_generated_0246,train,ai_generated,1,CIFAKE,3,train,fake,data/interim/cifake_source_v3/train/FAKE/4693 (4).jpg,train/FAKE/4693 (4).jpg,data/raw/prototype/ai_generated/cifake_v3_train_ai_generated_0246.jpg,629b6830aef625c7be23c6606878b6de23cde55d45e4fcc46984e490c64d4a9c,629b6830aef625c7be23c6606878b6de23cde55d45e4fcc46984e490c64d4a9c,014a12977e26ca0a24e2553f76d6619e70530d6ee31821525d50329ef2cf625f,976,32,32,RGB,JPEG
cifake_v3_train_ai_generated_0247,train,ai_generated,1,CIFAKE,3,train,fake,data/interim/cifake_source_v3/train/FAKE/5662 (6).jpg,train/FAKE/5662 (6).jpg,data/raw/prototype/ai_generated/cifake_v3_train_ai_generated_0247.jpg,d6457196ca22784d2309d91db9921ca921c5507cb246d3227d746a4482108e79,d6457196ca22784d2309d91db9921ca921c5507cb246d3227d746a4482108e79,014c0b3a299741e7826531b5676078440bbe7d4235c074d7135db321cfff3922,965,32,32,RGB,JPEG
cifake_v3_train_ai_generated_0248,train,ai_generated,1,CIFAKE,3,train,fake,data/interim/cifake_source_v3/train/FAKE/4915 (7).jpg,train/FAKE/4915 (7).jpg,data/raw/prototype/ai_generated/cifake_v3_train_ai_generated_0248.jpg,cfb2290a136687351fdd9cdc6538f44e251e55030b9ccfdfa142e49cc1bf6f44,cfb2290a136687351fdd9cdc6538f44e251e55030b9ccfdfa142e49cc1bf6f44,014e12e98867bfb76d6e102688c4a1c1cd1974132c291574451b01eef12727c5,921,32,32,RGB,JPEG
cifake_v3_train_ai_generated_0249,train,ai_generated,1,CIFAKE,3,train,fake,data/interim/cifake_source_v3/train/FAKE/5855 (4).jpg,train/FAKE/5855 (4).jpg,data/raw/prototype/ai_generated/cifake_v3_train_ai_generated_0249.jpg,c84b722a58b0df97d2a1dc6772c140c1750e90cdf86e3f5b6919400a3be579ea,c84b722a58b0df97d2a1dc6772c140c1750e90cdf86e3f5b6919400a3be579ea,014e98d9aacf0c48a9466f0b2b5b988db5fe6eb39aaf8a693e4ecbd64f91e6a1,972,32,32,RGB,JPEG
cifake_v3_train_ai_generated_0250,train,ai_generated,1,CIFAKE,3,train,fake,data/interim/cifake_source_v3/train/FAKE/5183 (6).jpg,train/FAKE/5183 (6).jpg,data/raw/prototype/ai_generated/cifake_v3_train_ai_generated_0250.jpg,a616ab955d5a1f161cc0cb1b877e5cd8afe006341f077fe41b1005f520a59624,a616ab955d5a1f161cc0cb1b877e5cd8afe006341f077fe41b1005f520a59624,0150b4753025ff176661219e5d19697029a18a8bd4935caf8864bff347b4c5d0,899,32,32,RGB,JPEG
cifake_v3_train_ai_generated_0251,train,ai_generated,1,CIFAKE,3,train,fake,data/interim/cifake_source_v3/train/FAKE/3698 (9).jpg,train/FAKE/3698 (9).jpg,data/raw/prototype/ai_generated/cifake_v3_train_ai_generated_0251.jpg,fe5ddc5f863eb194d2dd9edfda9673a8f5330ae351af3771ca77bfb24450fb77,fe5ddc5f863eb194d2dd9edfda9673a8f5330ae351af3771ca77bfb24450fb77,0153dd2e15ffe6d696bb04c7b88c359a8654143f44c53a88877b5a99df5223b8,849,32,32,RGB,JPEG
cifake_v3_train_ai_generated_0252,train,ai_generated,1,CIFAKE,3,train,fake,data/interim/cifake_source_v3/train/FAKE/2467 (8).jpg,train/FAKE/2467 (8).jpg,data/raw/prototype/ai_generated/cifake_v3_train_ai_generated_0252.jpg,f2f089eb3ea172775ffe2fb48725e2631b1f06bcb6c903766a2eb3bc41d1a135,f2f089eb3ea172775ffe2fb48725e2631b1f06bcb6c903766a2eb3bc41d1a135,015405e655b9929ee0b6d3195f6df70c0fa38230fec4a8ec71bd3ce66a9ab445,1019,32,32,RGB,JPEG
cifake_v3_train_ai_generated_0253,train,ai_generated,1,CIFAKE,3,train,fake,data/interim/cifake_source_v3/train/FAKE/1923 (10).jpg,train/FAKE/1923 (10).jpg,data/raw/prototype/ai_generated/cifake_v3_train_ai_generated_0253.jpg,8f66dca1d1f2c837315fef3db0372c1ecf1743e32cf114f66c6aec893f23aa50,8f66dca1d1f2c837315fef3db0372c1ecf1743e32cf114f66c6aec893f23aa50,01545635fd453fff0431a72d6f1d07bc208856bca827e9e293f1d574f239344c,971,32,32,RGB,JPEG
cifake_v3_train_ai_generated_0254,train,ai_generated,1,CIFAKE,3,train,fake,data/interim/cifake_source_v3/train/FAKE/4648 (2).jpg,train/FAKE/4648 (2).jpg,data/raw/prototype/ai_generated/cifake_v3_train_ai_generated_0254.jpg,acf7fd78e7b3605412ab5548114e13b9ab0707c01fe2336a7f6978ab7f2b1d10,acf7fd78e7b3605412ab5548114e13b9ab0707c01fe2336a7f6978ab7f2b1d10,015801b64ec1653a146cfeee0e68025bd9fba36f19df1096ae9fa403d95f577e,970,32,32,RGB,JPEG
cifake_v3_train_ai_generated_0255,train,ai_generated,1,CIFAKE,3,train,fake,data/interim/cifake_source_v3/train/FAKE/1326 (4).jpg,train/FAKE/1326 (4).jpg,data/raw/prototype/ai_generated/cifake_v3_train_ai_generated_0255.jpg,da5a8db0db57efa7674bce1bf4332810e6dbd1755d683e9cb30bbb3566edfe78,da5a8db0db57efa7674bce1bf4332810e6dbd1755d683e9cb30bbb3566edfe78,0159641854cbbda99b467c6bb7c99c6e54ef1939f7c41790cc71481e1a52b083,916,32,32,RGB,JPEG
cifake_v3_train_ai_generated_0256,train,ai_generated,1,CIFAKE,3,train,fake,data/interim/cifake_source_v3/train/FAKE/5938 (10).jpg,train/FAKE/5938 (10).jpg,data/raw/prototype/ai_generated/cifake_v3_train_ai_generated_0256.jpg,3d767899596e5992ec8b94bcb8588507d376f4ae7c298423c4b596aa538798ad,3d767899596e5992ec8b94bcb8588507d376f4ae7c298423c4b596aa538798ad,0159a441ab0bd4e85e579cb515760fab27b5c4eb2a297d6348fce82895c8e184,971,32,32,RGB,JPEG
cifake_v3_train_ai_generated_0257,train,ai_generated,1,CIFAKE,3,train,fake,data/interim/cifake_source_v3/train/FAKE/1231.jpg,train/FAKE/1231.jpg,data/raw/prototype/ai_generated/cifake_v3_train_ai_generated_0257.jpg,ef292358f535ff1aa8edcfe20673cd85a8de5c5a56d2bf0db6efe863cd9bcfa9,ef292358f535ff1aa8edcfe20673cd85a8de5c5a56d2bf0db6efe863cd9bcfa9,015b45550bdf7119a8997604c04ba916c9c7f0fa619bf325e1156f77a921decb,807,32,32,RGB,JPEG
cifake_v3_train_ai_generated_0258,train,ai_generated,1,CIFAKE,3,train,fake,data/interim/cifake_source_v3/train/FAKE/2623 (3).jpg,train/FAKE/2623 (3).jpg,data/raw/prototype/ai_generated/cifake_v3_train_ai_generated_0258.jpg,88ec6c6aa760ccf309f5dec9de3307a0c594a9a138cfa5dc9586e225cc6a5dec,88ec6c6aa760ccf309f5dec9de3307a0c594a9a138cfa5dc9586e225cc6a5dec,015bb46cfdd64c9718177d1e4d67cb5c4588d436dc11b788b0544084175c95ae,863,32,32,RGB,JPEG
cifake_v3_train_ai_generated_0259,train,ai_generated,1,CIFAKE,3,train,fake,data/interim/cifake_source_v3/train/FAKE/3920 (2).jpg,train/FAKE/3920 (2).jpg,data/raw/prototype/ai_generated/cifake_v3_train_ai_generated_0259.jpg,43e3eeec53e4e0d141b46075350a56f726a072403ecc3d86d10709d3c23d6f5f,43e3eeec53e4e0d141b46075350a56f726a072403ecc3d86d10709d3c23d6f5f,015d982c2eca4245362bf18a61b97c7f0eeccaf0999dabae221d41e69c7a8e5a,967,32,32,RGB,JPEG
cifake_v3_train_ai_generated_0260,train,ai_generated,1,CIFAKE,3,train,fake,data/interim/cifake_source_v3/train/FAKE/4231 (7).jpg,train/FAKE/4231 (7).jpg,data/raw/prototype/ai_generated/cifake_v3_train_ai_generated_0260.jpg,9781adb9b58f5ccf9041d47dbe8aa2a4a07b3c2c862fa9820f1f187669489abe,9781adb9b58f5ccf9041d47dbe8aa2a4a07b3c2c862fa9820f1f187669489abe,015f51a5e63f79bf581b19a1c48eb733df96dc2ba9bf53b6732961d60dbe5d2a,980,32,32,RGB,JPEG
cifake_v3_train_ai_generated_0261,train,ai_generated,1,CIFAKE,3,train,fake,data/interim/cifake_source_v3/train/FAKE/4997 (3).jpg,train/FAKE/4997 (3).jpg,data/raw/prototype/ai_generated/cifake_v3_train_ai_generated_0261.jpg,42af419846aa9145e5eee430d4ceaa88d56b50af2294985fb261e44cfbb26699,42af419846aa9145e5eee430d4ceaa88d56b50af2294985fb261e44cfbb26699,01600052fe8bb884771a0cd177b39863c940a7140e824fa7c4290cab99edf467,799,32,32,RGB,JPEG
cifake_v3_train_ai_generated_0262,train,ai_generated,1,CIFAKE,3,train,fake,data/interim/cifake_source_v3/train/FAKE/5661 (7).jpg,train/FAKE/5661 (7).jpg,data/raw/prototype/ai_generated/cifake_v3_train_ai_generated_0262.jpg,bcaead0d26157b3c93102ef6a8a1c863267122e623610ae727bc1685b941472b,bcaead0d26157b3c93102ef6a8a1c863267122e623610ae727bc1685b941472b,0160193fca1864089419768b02d3c439e1d06246869cd19c479abeb9794e0080,952,32,32,RGB,JPEG
cifake_v3_train_ai_generated_0263,train,ai_generated,1,CIFAKE,3,train,fake,data/interim/cifake_source_v3/train/FAKE/3324 (7).jpg,train/FAKE/3324 (7).jpg,data/raw/prototype/ai_generated/cifake_v3_train_ai_generated_0263.jpg,cefa1ac94e4c82a327e2e6fd80760d179a5d5cc295dbc99fa9f0e0f5ed887c13,cefa1ac94e4c82a327e2e6fd80760d179a5d5cc295dbc99fa9f0e0f5ed887c13,0164830739522f4b43873726aed7230ba572d1cd4998ca27ccfb1da887f9ac8a,911,32,32,RGB,JPEG
cifake_v3_train_ai_generated_0264,train,ai_generated,1,CIFAKE,3,train,fake,data/interim/cifake_source_v3/train/FAKE/2037 (6).jpg,train/FAKE/2037 (6).jpg,data/raw/prototype/ai_generated/cifake_v3_train_ai_generated_0264.jpg,de57686d92510f9c28a2a9cedaa0024df6df042632b3e9dd77ce885b68948e24,de57686d92510f9c28a2a9cedaa0024df6df042632b3e9dd77ce885b68948e24,016613a9e2fb557ccb4b0bad4abbd5e5a3edccdf5452d27f438adcb60b2c7d46,876,32,32,RGB,JPEG
cifake_v3_train_ai_generated_0265,train,ai_generated,1,CIFAKE,3,train,fake,data/interim/cifake_source_v3/train/FAKE/3112 (7).jpg,train/FAKE/3112 (7).jpg,data/raw/prototype/ai_generated/cifake_v3_train_ai_generated_0265.jpg,65a1d5faafb2e3fa2d8025d72c8c054d939e80c5ef5e00fcb203f381946b90c2,65a1d5faafb2e3fa2d8025d72c8c054d939e80c5ef5e00fcb203f381946b90c2,0166ab8d4e8917fdfd42038b40d518d31bee152463c0eea54f691e5eebe49657,875,32,32,RGB,JPEG
cifake_v3_train_ai_generated_0266,train,ai_generated,1,CIFAKE,3,train,fake,data/interim/cifake_source_v3/train/FAKE/5077 (6).jpg,train/FAKE/5077 (6).jpg,data/raw/prototype/ai_generated/cifake_v3_train_ai_generated_0266.jpg,124fc69fdcc7febd93d3a99795eb9cba4e8c1af501d1611c3eeddb2a4fd4f889,124fc69fdcc7febd93d3a99795eb9cba4e8c1af501d1611c3eeddb2a4fd4f889,0166b95bcbf38b065aef306253553cfe1d05f581c60b651d564e946a88afdd05,869,32,32,RGB,JPEG
cifake_v3_train_ai_generated_0267,train,ai_generated,1,CIFAKE,3,train,fake,data/interim/cifake_source_v3/train/FAKE/2601 (4).jpg,train/FAKE/2601 (4).jpg,data/raw/prototype/ai_generated/cifake_v3_train_ai_generated_0267.jpg,3da4fe082398876ffaef1ba9634dac113dc395f2e8a4fabc3332920c313ab95f,3da4fe082398876ffaef1ba9634dac113dc395f2e8a4fabc3332920c313ab95f,0166d277aed89601a31e6bcb9d689e6d104a3c2b2198aa63dc561bfde007db5c,878,32,32,RGB,JPEG
cifake_v3_train_ai_generated_0268,train,ai_generated,1,CIFAKE,3,train,fake,data/interim/cifake_source_v3/train/FAKE/3587 (4).jpg,train/FAKE/3587 (4).jpg,data/raw/prototype/ai_generated/cifake_v3_train_ai_generated_0268.jpg,80faa6625ee4c88eac23f580d7dbc4c196b01cde8a848f78e58c29be57def68d,80faa6625ee4c88eac23f580d7dbc4c196b01cde8a848f78e58c29be57def68d,016986970bed8df4b6a40d6372ee3b04e63bffd4a7ef18674cacc69bb04f5c36,984,32,32,RGB,JPEG
cifake_v3_train_ai_generated_0269,train,ai_generated,1,CIFAKE,3,train,fake,data/interim/cifake_source_v3/train/FAKE/5476 (3).jpg,train/FAKE/5476 (3).jpg,data/raw/prototype/ai_generated/cifake_v3_train_ai_generated_0269.jpg,e82c79656335f6e00b9bee48adba28475c4997e84ccb602d3a6b99c50dc8a331,e82c79656335f6e00b9bee48adba28475c4997e84ccb602d3a6b99c50dc8a331,0169d5d1af368dd79d70e21cfbf6b25dbbbe27e845a614f834f7df158a186e2e,796,32,32,RGB,JPEG
cifake_v3_train_ai_generated_0270,train,ai_generated,1,CIFAKE,3,train,fake,data/interim/cifake_source_v3/train/FAKE/2066 (3).jpg,train/FAKE/2066 (3).jpg,data/raw/prototype/ai_generated/cifake_v3_train_ai_generated_0270.jpg,d6c26baa35daa4290ded1d39a441def7cf18446671aa940e121dd163dbafe39f,d6c26baa35daa4290ded1d39a441def7cf18446671aa940e121dd163dbafe39f,016bd3d50fe96545f3aa94c534e0ae4eacb49c8f342d2fb75f33fc8f6e2e8394,890,32,32,RGB,JPEG
cifake_v3_train_ai_generated_0271,train,ai_generated,1,CIFAKE,3,train,fake,data/interim/cifake_source_v3/train/FAKE/3681 (7).jpg,train/FAKE/3681 (7).jpg,data/raw/prototype/ai_generated/cifake_v3_train_ai_generated_0271.jpg,a6e914da136d8345791ae7554b2062394e1533c32e80569fb003a8adf8e33bf6,a6e914da136d8345791ae7554b2062394e1533c32e80569fb003a8adf8e33bf6,016e6e5b411c92244b7717686e502ad74d442c780af2104fd9ed5407d2fedca7,1030,32,32,RGB,JPEG
cifake_v3_train_ai_generated_0272,train,ai_generated,1,CIFAKE,3,train,fake,data/interim/cifake_source_v3/train/FAKE/4077 (10).jpg,train/FAKE/4077 (10).jpg,data/raw/prototype/ai_generated/cifake_v3_train_ai_generated_0272.jpg,e6cc89f60f6b740523e9ff359ad7c9ce175426afb3eec4dd6bfd50969117a000,e6cc89f60f6b740523e9ff359ad7c9ce175426afb3eec4dd6bfd50969117a000,017561b2a2c03600432482d4840124e709563520e88f91cdf700412463b01851,912,32,32,RGB,JPEG
cifake_v3_train_ai_generated_0273,train,ai_generated,1,CIFAKE,3,train,fake,data/interim/cifake_source_v3/train/FAKE/1050 (7).jpg,train/FAKE/1050 (7).jpg,data/raw/prototype/ai_generated/cifake_v3_train_ai_generated_0273.jpg,ca33cdbc54880914db3a57cafee30a9e8b29833be7f643003c402e8092481ace,ca33cdbc54880914db3a57cafee30a9e8b29833be7f643003c402e8092481ace,01763879c251d0c1c126d9fa12a8175e735d6d65fd7f1514cd129400579b7022,917,32,32,RGB,JPEG
cifake_v3_train_ai_generated_0274,train,ai_generated,1,CIFAKE,3,train,fake,data/interim/cifake_source_v3/train/FAKE/5794 (5).jpg,train/FAKE/5794 (5).jpg,data/raw/prototype/ai_generated/cifake_v3_train_ai_generated_0274.jpg,5e1f99764d8a783580d542fd82cbb6110066a8eceda297dff94cacb4660e7f5a,5e1f99764d8a783580d542fd82cbb6110066a8eceda297dff94cacb4660e7f5a,0176d66896f44bdf06f348eea1c973c09a6b0005ef783ab16e62881bf5cba9ce,847,32,32,RGB,JPEG
cifake_v3_train_ai_generated_0275,train,ai_generated,1,CIFAKE,3,train,fake,data/interim/cifake_source_v3/train/FAKE/2718 (5).jpg,train/FAKE/2718 (5).jpg,data/raw/prototype/ai_generated/cifake_v3_train_ai_generated_0275.jpg,05bd5ba581c09a92c1f3a03ad74aeef91601007387c9272770b90b3545f2df51,05bd5ba581c09a92c1f3a03ad74aeef91601007387c9272770b90b3545f2df51,01788c5d0a677103f07072574e455c03dc711e1b782f06148f1cb60caa7cf360,983,32,32,RGB,JPEG
cifake_v3_train_ai_generated_0276,train,ai_generated,1,CIFAKE,3,train,fake,data/interim/cifake_source_v3/train/FAKE/5870 (4).jpg,train/FAKE/5870 (4).jpg,data/raw/prototype/ai_generated/cifake_v3_train_ai_generated_0276.jpg,deb6fe8cac891ed7194f4621ba9b188c4d757477c0f4f9dcd69d0d5b059021ad,deb6fe8cac891ed7194f4621ba9b188c4d757477c0f4f9dcd69d0d5b059021ad,0179faad687b6a5c7e61e63d76f2ddcbbcea64c838006c2aedbc1042702ab3ec,900,32,32,RGB,JPEG
cifake_v3_train_ai_generated_0277,train,ai_generated,1,CIFAKE,3,train,fake,data/interim/cifake_source_v3/train/FAKE/5776 (8).jpg,train/FAKE/5776 (8).jpg,data/raw/prototype/ai_generated/cifake_v3_train_ai_generated_0277.jpg,47fa5db459ce48c0f1f506d70075a2c6c1fdfe81a492cbba2905703b839b52ee,47fa5db459ce48c0f1f506d70075a2c6c1fdfe81a492cbba2905703b839b52ee,017a3ba9f7a4e4d56009dca9c36413ef20db313c6a8ffc2741af7a599dcd5717,961,32,32,RGB,JPEG
cifake_v3_train_ai_generated_0278,train,ai_generated,1,CIFAKE,3,train,fake,data/interim/cifake_source_v3/train/FAKE/1209 (7).jpg,train/FAKE/1209 (7).jpg,data/raw/prototype/ai_generated/cifake_v3_train_ai_generated_0278.jpg,ad6ba680c718a280436cc8428994c890ed36e2351e18cf6ba3cf747157b2c47b,ad6ba680c718a280436cc8428994c890ed36e2351e18cf6ba3cf747157b2c47b,017a6e41bc091d24d5511de79ffd2699a085d38e0ee8ba67ef83e9a11f9c58b3,985,32,32,RGB,JPEG
cifake_v3_train_ai_generated_0279,train,ai_generated,1,CIFAKE,3,train,fake,data/interim/cifake_source_v3/train/FAKE/4208 (7).jpg,train/FAKE/4208 (7).jpg,data/raw/prototype/ai_generated/cifake_v3_train_ai_generated_0279.jpg,5e854dae79d5260943e4233667f356332dc9db2d1d39fafd6aa80ee57f1ec3c7,5e854dae79d5260943e4233667f356332dc9db2d1d39fafd6aa80ee57f1ec3c7,017dea5b56b634e27623bc48bf1bfdc36f3ade1be92f340a72fc5d7bff1e75a4,868,32,32,RGB,JPEG
cifake_v3_train_ai_generated_0280,train,ai_generated,1,CIFAKE,3,train,fake,data/interim/cifake_source_v3/train/FAKE/4987 (8).jpg,train/FAKE/4987 (8).jpg,data/raw/prototype/ai_generated/cifake_v3_train_ai_generated_0280.jpg,339ea797f8396ecdbf5524d7d73a98d7f563e4b79a63a8894e1b0938b00692c5,339ea797f8396ecdbf5524d7d73a98d7f563e4b79a63a8894e1b0938b00692c5,017ded7f11c4b14d973544d2b4b0531de8fe069bb0db8f73250dcce66a4e4460,982,32,32,RGB,JPEG
cifake_v3_train_ai_generated_0281,train,ai_generated,1,CIFAKE,3,train,fake,data/interim/cifake_source_v3/train/FAKE/5604 (8).jpg,train/FAKE/5604 (8).jpg,data/raw/prototype/ai_generated/cifake_v3_train_ai_generated_0281.jpg,28a27ab0cb4194e43c95a71aeb35fad3f372ecf2697529ea7f3e07a73574d79c,28a27ab0cb4194e43c95a71aeb35fad3f372ecf2697529ea7f3e07a73574d79c,017f9b002c2680b73cad2401186745f73ac542509eeecacb80db943b385aa536,923,32,32,RGB,JPEG
cifake_v3_train_ai_generated_0282,train,ai_generated,1,CIFAKE,3,train,fake,data/interim/cifake_source_v3/train/FAKE/3469 (10).jpg,train/FAKE/3469 (10).jpg,data/raw/prototype/ai_generated/cifake_v3_train_ai_generated_0282.jpg,7dd089aced216ffb0e6e421cf2d77a8b1b48e130a1b00f8d633b96ba09e3a2f5,7dd089aced216ffb0e6e421cf2d77a8b1b48e130a1b00f8d633b96ba09e3a2f5,017f9b78f95e7b117d2373ff9b2969663401997b292475dfdab7a712dd41d41b,933,32,32,RGB,JPEG
cifake_v3_train_ai_generated_0283,train,ai_generated,1,CIFAKE,3,train,fake,data/interim/cifake_source_v3/train/FAKE/4891 (6).jpg,train/FAKE/4891 (6).jpg,data/raw/prototype/ai_generated/cifake_v3_train_ai_generated_0283.jpg,533c25096ffd7c30e0afc041a88f7c3794ddb494a9ebda753fe651f317af33d6,533c25096ffd7c30e0afc041a88f7c3794ddb494a9ebda753fe651f317af33d6,0180a467d75f98e470930f3186d191226b7ecf6b0ef26fee47235fe8d6694a32,921,32,32,RGB,JPEG
cifake_v3_train_ai_generated_0284,train,ai_generated,1,CIFAKE,3,train,fake,data/interim/cifake_source_v3/train/FAKE/2611 (2).jpg,train/FAKE/2611 (2).jpg,data/raw/prototype/ai_generated/cifake_v3_train_ai_generated_0284.jpg,c32091c091852006297d15d8bb3767ed40366fc2fd74f55e2d1dc1eaec840b4c,c32091c091852006297d15d8bb3767ed40366fc2fd74f55e2d1dc1eaec840b4c,018440cc1038f0a0bd81781366da6ac8a222a204f25560e769a3748626eb4b99,928,32,32,RGB,JPEG
cifake_v3_train_ai_generated_0285,train,ai_generated,1,CIFAKE,3,train,fake,data/interim/cifake_source_v3/train/FAKE/5062.jpg,train/FAKE/5062.jpg,data/raw/prototype/ai_generated/cifake_v3_train_ai_generated_0285.jpg,b74a0a71a75fd792ea9496ed8024d9599df1e68fc93d35f9b1962c5d2133ef24,b74a0a71a75fd792ea9496ed8024d9599df1e68fc93d35f9b1962c5d2133ef24,0185870c8d7937ac8f512018882698d1ba5c9f2568c8a1996db9f3c241a05603,897,32,32,RGB,JPEG
cifake_v3_train_ai_generated_0286,train,ai_generated,1,CIFAKE,3,train,fake,data/interim/cifake_source_v3/train/FAKE/4483 (7).jpg,train/FAKE/4483 (7).jpg,data/raw/prototype/ai_generated/cifake_v3_train_ai_generated_0286.jpg,67678f8605e5dd9a2b0ae83a08462e78eedc8abed749766fea4bc22d6387938c,67678f8605e5dd9a2b0ae83a08462e78eedc8abed749766fea4bc22d6387938c,0186d5c4fc145607048cd6cfc67dafc59c692644f090c2463b408d84b3712c10,949,32,32,RGB,JPEG
cifake_v3_train_ai_generated_0287,train,ai_generated,1,CIFAKE,3,train,fake,data/interim/cifake_source_v3/train/FAKE/5949 (5).jpg,train/FAKE/5949 (5).jpg,data/raw/prototype/ai_generated/cifake_v3_train_ai_generated_0287.jpg,53ff5799898a0ad20a5fecff08c3cab572f0c84117e6b87328d1c1aae1d68295,53ff5799898a0ad20a5fecff08c3cab572f0c84117e6b87328d1c1aae1d68295,0188556430ca2c0c3d9b96bdadc9b70e398d408d22b42844230c08401537a1bc,873,32,32,RGB,JPEG
cifake_v3_train_ai_generated_0288,train,ai_generated,1,CIFAKE,3,train,fake,data/interim/cifake_source_v3/train/FAKE/5135 (3).jpg,train/FAKE/5135 (3).jpg,data/raw/prototype/ai_generated/cifake_v3_train_ai_generated_0288.jpg,b7ca941ab8b74c52eee611afb84fd066e6dad96822824890c34b9c5bbf9d7345,b7ca941ab8b74c52eee611afb84fd066e6dad96822824890c34b9c5bbf9d7345,018a6106e783c89801a893b4a7104088e764235d0ccea255fe93f2dffa0ca50b,829,32,32,RGB,JPEG
cifake_v3_train_ai_generated_0289,train,ai_generated,1,CIFAKE,3,train,fake,data/interim/cifake_source_v3/train/FAKE/2992 (2).jpg,train/FAKE/2992 (2).jpg,data/raw/prototype/ai_generated/cifake_v3_train_ai_generated_0289.jpg,2f44f9b679ea89848749c179a29e7d456829d89a7bbef581555220bea9bc120c,2f44f9b679ea89848749c179a29e7d456829d89a7bbef581555220bea9bc120c,018b7a493cffdde9b1c56eec34105a4d57f13daf56be93a31c64cfa80d8daa09,862,32,32,RGB,JPEG
cifake_v3_train_ai_generated_0290,train,ai_generated,1,CIFAKE,3,train,fake,data/interim/cifake_source_v3/train/FAKE/1583 (8).jpg,train/FAKE/1583 (8).jpg,data/raw/prototype/ai_generated/cifake_v3_train_ai_generated_0290.jpg,37ac53119aad270e23ea75f8b66d674732f94cad31aeac8e2158efbc165614c3,37ac53119aad270e23ea75f8b66d674732f94cad31aeac8e2158efbc165614c3,018cbc9bf1b57e1ea3dddad9bfe71060b542428cdeedfc57242d3e3cafb95c93,857,32,32,RGB,JPEG
cifake_v3_train_ai_generated_0291,train,ai_generated,1,CIFAKE,3,train,fake,data/interim/cifake_source_v3/train/FAKE/4811.jpg,train/FAKE/4811.jpg,data/raw/prototype/ai_generated/cifake_v3_train_ai_generated_0291.jpg,dbc52f91bb8e6db8cac7e025f82e0536447ed3d27cc88a89d3a73f4e3416d826,dbc52f91bb8e6db8cac7e025f82e0536447ed3d27cc88a89d3a73f4e3416d826,018f1fbdff77119535f7e537c2f050bcb4061cff2e8493c51a9f2da8d8fdbfb7,930,32,32,RGB,JPEG
cifake_v3_train_ai_generated_0292,train,ai_generated,1,CIFAKE,3,train,fake,data/interim/cifake_source_v3/train/FAKE/2805 (10).jpg,train/FAKE/2805 (10).jpg,data/raw/prototype/ai_generated/cifake_v3_train_ai_generated_0292.jpg,9bc3668bf6f5e3053ddafde5005e6940cb953e73bb017b1915351b5b9ade443f,9bc3668bf6f5e3053ddafde5005e6940cb953e73bb017b1915351b5b9ade443f,019116aa9aaac68a82b99ac6af9d9ba892475dc0aec2206414cfc60621c95630,926,32,32,RGB,JPEG
cifake_v3_train_ai_generated_0293,train,ai_generated,1,CIFAKE,3,train,fake,data/interim/cifake_source_v3/train/FAKE/2275 (6).jpg,train/FAKE/2275 (6).jpg,data/raw/prototype/ai_generated/cifake_v3_train_ai_generated_0293.jpg,4a35fa63a3bd371c4b8ca3417e2925cab3f51fd91a7b4440589f7b86cba05fa5,4a35fa63a3bd371c4b8ca3417e2925cab3f51fd91a7b4440589f7b86cba05fa5,0194c13518f8b4289aca3d87e2d74674198d3184af6e8b5fbef4f9e990e68346,853,32,32,RGB,JPEG
cifake_v3_train_ai_generated_0294,train,ai_generated,1,CIFAKE,3,train,fake,data/interim/cifake_source_v3/train/FAKE/5889 (10).jpg,train/FAKE/5889 (10).jpg,data/raw/prototype/ai_generated/cifake_v3_train_ai_generated_0294.jpg,0af0827cd0f6f34ca06604beee71bcbac83af5843ba380c366fca0c492fe8a40,0af0827cd0f6f34ca06604beee71bcbac83af5843ba380c366fca0c492fe8a40,01954b29251f441b75648c6206c53365f3d4b580e1a58bbe1894dad72ac8f4f3,926,32,32,RGB,JPEG
cifake_v3_train_ai_generated_0295,train,ai_generated,1,CIFAKE,3,train,fake,data/interim/cifake_source_v3/train/FAKE/2181 (5).jpg,train/FAKE/2181 (5).jpg,data/raw/prototype/ai_generated/cifake_v3_train_ai_generated_0295.jpg,608dd6814d74bca14a40fcc4e53df86ddbfe8b775655c83892e61ee134e794a3,608dd6814d74bca14a40fcc4e53df86ddbfe8b775655c83892e61ee134e794a3,019577bec0ada29a564c2d0b230f2fda4ef00fffcc082112d1a5eb4b851a590b,1002,32,32,RGB,JPEG
cifake_v3_train_ai_generated_0296,train,ai_generated,1,CIFAKE,3,train,fake,data/interim/cifake_source_v3/train/FAKE/3223 (9).jpg,train/FAKE/3223 (9).jpg,data/raw/prototype/ai_generated/cifake_v3_train_ai_generated_0296.jpg,5a17bb935e4e746556a1f40499565b245ca28db327c728b5a3b8ee6601f48a49,5a17bb935e4e746556a1f40499565b245ca28db327c728b5a3b8ee6601f48a49,01967a975ad83f0b8404f1e68bc673dc72c478ffbdb957f97cc1b1095ad58d1c,892,32,32,RGB,JPEG
cifake_v3_train_ai_generated_0297,train,ai_generated,1,CIFAKE,3,train,fake,data/interim/cifake_source_v3/train/FAKE/1646 (10).jpg,train/FAKE/1646 (10).jpg,data/raw/prototype/ai_generated/cifake_v3_train_ai_generated_0297.jpg,ec1b238cdb9ab3c3f3a1a80a9b1b9bae75ba8edf24abdae9eae3b1d39030e69d,ec1b238cdb9ab3c3f3a1a80a9b1b9bae75ba8edf24abdae9eae3b1d39030e69d,019744e7e46a29f0f0155f3d80d1874b81c21c6867f43a9b302cf79abaabae0c,921,32,32,RGB,JPEG
cifake_v3_train_ai_generated_0298,train,ai_generated,1,CIFAKE,3,train,fake,data/interim/cifake_source_v3/train/FAKE/5897.jpg,train/FAKE/5897.jpg,data/raw/prototype/ai_generated/cifake_v3_train_ai_generated_0298.jpg,655fa25d470fd8c463ba53c9c7d2edc0930e9a0a1839b346740b3c0d12210f26,655fa25d470fd8c463ba53c9c7d2edc0930e9a0a1839b346740b3c0d12210f26,01993a63e0cf718fa21e99d751550aa4b5cac2396512f182d80a722c1a9d3abd,789,32,32,RGB,JPEG
cifake_v3_train_ai_generated_0299,train,ai_generated,1,CIFAKE,3,train,fake,data/interim/cifake_source_v3/train/FAKE/4832 (7).jpg,train/FAKE/4832 (7).jpg,data/raw/prototype/ai_generated/cifake_v3_train_ai_generated_0299.jpg,192ea67091e77a203a225b3d9dbee571128963b78bdd94bdf80a9401e452e12a,192ea67091e77a203a225b3d9dbee571128963b78bdd94bdf80a9401e452e12a,019b28acbd086d661829d0100f8bfd5141fb1ee0f4e7cc9fbbccb12531841cbc,1003,32,32,RGB,JPEG
cifake_v3_train_ai_generated_0300,train,ai_generated,1,CIFAKE,3,train,fake,data/interim/cifake_source_v3/train/FAKE/5908 (7).jpg,train/FAKE/5908 (7).jpg,data/raw/prototype/ai_generated/cifake_v3_train_ai_generated_0300.jpg,4922a45fe961e795435ed73318884aa7d27f01d017306f088e8d10de4dc29397,4922a45fe961e795435ed73318884aa7d27f01d017306f088e8d10de4dc29397,019f8995bc796c3e154371cdca1e076106854d93ffc28d065c986a230543107f,1038,32,32,RGB,JPEG
cifake_v3_train_ai_generated_0301,train,ai_generated,1,CIFAKE,3,train,fake,data/interim/cifake_source_v3/train/FAKE/3918 (8).jpg,train/FAKE/3918 (8).jpg,data/raw/prototype/ai_generated/cifake_v3_train_ai_generated_0301.jpg,54ef861f4a417f5e755aadf84e2863a8b4d8f9be28cb48febc4207ac325e7249,54ef861f4a417f5e755aadf84e2863a8b4d8f9be28cb48febc4207ac325e7249,01a5ed97f4a9f3457f9fe69799878761ff5ef9750715ad799589a757aa812ff7,972,32,32,RGB,JPEG
cifake_v3_train_ai_generated_0302,train,ai_generated,1,CIFAKE,3,train,fake,data/interim/cifake_source_v3/train/FAKE/3229 (8).jpg,train/FAKE/3229 (8).jpg,data/raw/prototype/ai_generated/cifake_v3_train_ai_generated_0302.jpg,435de356622f85611a0b8c5e06e6e6ff43c3e98eb11e712435afa2a4197d945d,435de356622f85611a0b8c5e06e6e6ff43c3e98eb11e712435afa2a4197d945d,01a6c4c35fcbda402b4aceea93eaa06c87b61c2fa48e1de98960132a89e36117,1038,32,32,RGB,JPEG
cifake_v3_train_ai_generated_0303,train,ai_generated,1,CIFAKE,3,train,fake,data/interim/cifake_source_v3/train/FAKE/1739 (2).jpg,train/FAKE/1739 (2).jpg,data/raw/prototype/ai_generated/cifake_v3_train_ai_generated_0303.jpg,05886c55c8ac8060717478397bb1e8556c10b94f7698eca11dc04a2c050201f6,05886c55c8ac8060717478397bb1e8556c10b94f7698eca11dc04a2c050201f6,01a6c65f5fd4b3b81fad9cd6a12f2d77d893599a447803d6effcdc93a349ec3f,945,32,32,RGB,JPEG
cifake_v3_train_ai_generated_0304,train,ai_generated,1,CIFAKE,3,train,fake,data/interim/cifake_source_v3/train/FAKE/1651 (6).jpg,train/FAKE/1651 (6).jpg,data/raw/prototype/ai_generated/cifake_v3_train_ai_generated_0304.jpg,a8b95011e31a3c79e56ea176e6287274e8dc78e6e846287bdf73a84a4df748c1,a8b95011e31a3c79e56ea176e6287274e8dc78e6e846287bdf73a84a4df748c1,01a6d5e06bdc030b2cf90214ea1c35284fa9c1e50d08bf4a8a04de2533265ac1,898,32,32,RGB,JPEG
cifake_v3_train_ai_generated_0305,train,ai_generated,1,CIFAKE,3,train,fake,data/interim/cifake_source_v3/train/FAKE/1128 (8).jpg,train/FAKE/1128 (8).jpg,data/raw/prototype/ai_generated/cifake_v3_train_ai_generated_0305.jpg,d073b68c4fe6ad807e4ff0fe4f250fc525e21c58a4c62aa7911afbbc2d1b5010,d073b68c4fe6ad807e4ff0fe4f250fc525e21c58a4c62aa7911afbbc2d1b5010,01a78bcaeb1a497024e0aced7fb3c04d9f98911e1393f21c7393c8ac5194c8a9,982,32,32,RGB,JPEG
cifake_v3_train_ai_generated_0306,train,ai_generated,1,CIFAKE,3,train,fake,data/interim/cifake_source_v3/train/FAKE/1702 (7).jpg,train/FAKE/1702 (7).jpg,data/raw/prototype/ai_generated/cifake_v3_train_ai_generated_0306.jpg,b927059c6d1adab36a2c558b62f6060de5e9aa8a5d1d1e36ba81652163940322,b927059c6d1adab36a2c558b62f6060de5e9aa8a5d1d1e36ba81652163940322,01a7f4b3ac8c765cd065d8295237fdc83fb1eab85caf542b0054f534e61eceaf,952,32,32,RGB,JPEG
cifake_v3_train_ai_generated_0307,train,ai_generated,1,CIFAKE,3,train,fake,data/interim/cifake_source_v3/train/FAKE/3822 (5).jpg,train/FAKE/3822 (5).jpg,data/raw/prototype/ai_generated/cifake_v3_train_ai_generated_0307.jpg,a0a8bc3e82ea94adfea348ce36f3bfab2aa485bb5f9b2cda183ee8ae3afea7ee,a0a8bc3e82ea94adfea348ce36f3bfab2aa485bb5f9b2cda183ee8ae3afea7ee,01a822a9838f6619b63be5d92baf83a001c3782fc6f21797eda0bd65c9cd2a3f,913,32,32,RGB,JPEG
cifake_v3_train_ai_generated_0308,train,ai_generated,1,CIFAKE,3,train,fake,data/interim/cifake_source_v3/train/FAKE/5269 (2).jpg,train/FAKE/5269 (2).jpg,data/raw/prototype/ai_generated/cifake_v3_train_ai_generated_0308.jpg,580c69817c1869b5c5d9457b058be87323fab8bcc4ddc94e7430e5e4698b1eb9,580c69817c1869b5c5d9457b058be87323fab8bcc4ddc94e7430e5e4698b1eb9,01a8baa68c13a9b5c369e6b18cad6aa1d622369f2d433722758a5fe1e2f99bf3,959,32,32,RGB,JPEG
cifake_v3_train_ai_generated_0309,train,ai_generated,1,CIFAKE,3,train,fake,data/interim/cifake_source_v3/train/FAKE/2354 (10).jpg,train/FAKE/2354 (10).jpg,data/raw/prototype/ai_generated/cifake_v3_train_ai_generated_0309.jpg,bd777118b8f76c78a7d260ab71d286f1ee64096558223dc449e2227ef26dd9e7,bd777118b8f76c78a7d260ab71d286f1ee64096558223dc449e2227ef26dd9e7,01a998ce569696a004879ea3746b9ada8e5b1c0429d3f563816c912b02789950,914,32,32,RGB,JPEG
cifake_v3_train_ai_generated_0310,train,ai_generated,1,CIFAKE,3,train,fake,data/interim/cifake_source_v3/train/FAKE/1096 (6).jpg,train/FAKE/1096 (6).jpg,data/raw/prototype/ai_generated/cifake_v3_train_ai_generated_0310.jpg,f98fe55cb580749afde858fc16547c7b92602aa591d7ae54e03584a195d60f55,f98fe55cb580749afde858fc16547c7b92602aa591d7ae54e03584a195d60f55,01a99ffd1ba27cd0de58a93aebfc53d3678cd8d5f2cbb4a51ec7f5b65eebea5c,1007,32,32,RGB,JPEG
cifake_v3_train_ai_generated_0311,train,ai_generated,1,CIFAKE,3,train,fake,data/interim/cifake_source_v3/train/FAKE/3112 (9).jpg,train/FAKE/3112 (9).jpg,data/raw/prototype/ai_generated/cifake_v3_train_ai_generated_0311.jpg,3dc9c201b0494d234a61790310f5a8c64f88335a1421039d3a310355362807ea,3dc9c201b0494d234a61790310f5a8c64f88335a1421039d3a310355362807ea,01a9cea68569b04e914ac4179be449ceb859bf1854efb23a2fd69b9770b4f7a4,888,32,32,RGB,JPEG
cifake_v3_train_ai_generated_0312,train,ai_generated,1,CIFAKE,3,train,fake,data/interim/cifake_source_v3/train/FAKE/4936 (10).jpg,train/FAKE/4936 (10).jpg,data/raw/prototype/ai_generated/cifake_v3_train_ai_generated_0312.jpg,acd1d24ff1f73389e8c92fab98d0d97b39b00ded57adc8712d1e80fa47302738,acd1d24ff1f73389e8c92fab98d0d97b39b00ded57adc8712d1e80fa47302738,01aab31e57104af1021f8bd95d190baf9c46e068441a9ce292a643ff1f9c11f0,900,32,32,RGB,JPEG
cifake_v3_train_ai_generated_0313,train,ai_generated,1,CIFAKE,3,train,fake,data/interim/cifake_source_v3/train/FAKE/1029 (9).jpg,train/FAKE/1029 (9).jpg,data/raw/prototype/ai_generated/cifake_v3_train_ai_generated_0313.jpg,ffc68828a42be6ef160341ae221913620376922aa8272e4ceb952f503923a8b2,ffc68828a42be6ef160341ae221913620376922aa8272e4ceb952f503923a8b2,01ab7e3075ae03688ecf6ee1cd02fed88fd19300da459a0a83fc55cbe164cd25,879,32,32,RGB,JPEG
cifake_v3_train_ai_generated_0314,train,ai_generated,1,CIFAKE,3,train,fake,data/interim/cifake_source_v3/train/FAKE/4859 (10).jpg,train/FAKE/4859 (10).jpg,data/raw/prototype/ai_generated/cifake_v3_train_ai_generated_0314.jpg,5ce47a94b3cde0dabfcde4c198ac11d1e3551585c37109471d13430fca41de9d,5ce47a94b3cde0dabfcde4c198ac11d1e3551585c37109471d13430fca41de9d,01abefb0b1867de28ef68912c154d53110eb6bb08fd632069de7dc112731d37b,827,32,32,RGB,JPEG
cifake_v3_train_ai_generated_0315,train,ai_generated,1,CIFAKE,3,train,fake,data/interim/cifake_source_v3/train/FAKE/3129 (9).jpg,train/FAKE/3129 (9).jpg,data/raw/prototype/ai_generated/cifake_v3_train_ai_generated_0315.jpg,b46d62986d4cac02de9a1b4c69a3a594bd5f26a7ec72677a690f06b1ba41968e,b46d62986d4cac02de9a1b4c69a3a594bd5f26a7ec72677a690f06b1ba41968e,01ac7496a6384249c73d2cdadba573c75b3ea57e689cef4b18c295bbd2474bec,961,32,32,RGB,JPEG
cifake_v3_train_ai_generated_0316,train,ai_generated,1,CIFAKE,3,train,fake,data/interim/cifake_source_v3/train/FAKE/4842 (6).jpg,train/FAKE/4842 (6).jpg,data/raw/prototype/ai_generated/cifake_v3_train_ai_generated_0316.jpg,56bf63bacb84deef76ae194a150df2baee2d67eb0ed52888e59fea2e211dd595,56bf63bacb84deef76ae194a150df2baee2d67eb0ed52888e59fea2e211dd595,01ad248e0afde38084fd80d1b823dca9f364b2443835f430641dc110a0cef5e7,935,32,32,RGB,JPEG
cifake_v3_train_ai_generated_0317,train,ai_generated,1,CIFAKE,3,train,fake,data/interim/cifake_source_v3/train/FAKE/2364 (4).jpg,train/FAKE/2364 (4).jpg,data/raw/prototype/ai_generated/cifake_v3_train_ai_generated_0317.jpg,8e0107e76dbbf1c6d2e4856121090945d1c699286cb72634540ce6a86f87e8f3,8e0107e76dbbf1c6d2e4856121090945d1c699286cb72634540ce6a86f87e8f3,01adbb8d93c4864a97f05a1053870f4be98ab16b33cc046bd64a5f9df41c56ed,950,32,32,RGB,JPEG
cifake_v3_train_ai_generated_0318,train,ai_generated,1,CIFAKE,3,train,fake,data/interim/cifake_source_v3/train/FAKE/3992 (6).jpg,train/FAKE/3992 (6).jpg,data/raw/prototype/ai_generated/cifake_v3_train_ai_generated_0318.jpg,b0268487d5b4d000cca25762eb7a90f3461a702baf8b0899d05721d79744cd80,b0268487d5b4d000cca25762eb7a90f3461a702baf8b0899d05721d79744cd80,01ade54670239a39fb7faa6c104460588483fd0fe14529e5bb52b018d66a7de3,990,32,32,RGB,JPEG
cifake_v3_train_ai_generated_0319,train,ai_generated,1,CIFAKE,3,train,fake,data/interim/cifake_source_v3/train/FAKE/3757 (7).jpg,train/FAKE/3757 (7).jpg,data/raw/prototype/ai_generated/cifake_v3_train_ai_generated_0319.jpg,df7cba856b0ce5d7bd038fb02f4a5910ea29fdfb8cdad9eae2ac4e9e93a92b81,df7cba856b0ce5d7bd038fb02f4a5910ea29fdfb8cdad9eae2ac4e9e93a92b81,01b0e94920e34866e6b2dbd8f7a8d4c21a4e489684829cc15989d836752d3791,1016,32,32,RGB,JPEG
cifake_v3_train_ai_generated_0320,train,ai_generated,1,CIFAKE,3,train,fake,data/interim/cifake_source_v3/train/FAKE/1889 (4).jpg,train/FAKE/1889 (4).jpg,data/raw/prototype/ai_generated/cifake_v3_train_ai_generated_0320.jpg,b07d45e40c567b4e2212db9b7577e64a9c0664596d49c2acc24a245ed32feb26,b07d45e40c567b4e2212db9b7577e64a9c0664596d49c2acc24a245ed32feb26,01b265c765e22e9898b2df06adcd4c6b578fc8f71e2b01ac8596ce139389c02f,1018,32,32,RGB,JPEG
cifake_v3_train_ai_generated_0321,train,ai_generated,1,CIFAKE,3,train,fake,data/interim/cifake_source_v3/train/FAKE/4972 (7).jpg,train/FAKE/4972 (7).jpg,data/raw/prototype/ai_generated/cifake_v3_train_ai_generated_0321.jpg,4044119ec6233d3e860694721b54eb0a98c052db525f4ed33ae95d04d040a6fc,4044119ec6233d3e860694721b54eb0a98c052db525f4ed33ae95d04d040a6fc,01b2abee592d8a8b846e3250aafc7ce8c3e63ccf10e7a062d8562025db2c79ce,906,32,32,RGB,JPEG
cifake_v3_train_ai_generated_0322,train,ai_generated,1,CIFAKE,3,train,fake,data/interim/cifake_source_v3/train/FAKE/4258 (10).jpg,train/FAKE/4258 (10).jpg,data/raw/prototype/ai_generated/cifake_v3_train_ai_generated_0322.jpg,5f9a5afdf374c03c83d7e80cd0d5fb4bf87fb086806c4ae41da110352b1c070b,5f9a5afdf374c03c83d7e80cd0d5fb4bf87fb086806c4ae41da110352b1c070b,01b2b0a5ba7fab116fa98a5fb11cf154700da5f88e7491d9f81d2adf98250a3d,920,32,32,RGB,JPEG
cifake_v3_train_ai_generated_0323,train,ai_generated,1,CIFAKE,3,train,fake,data/interim/cifake_source_v3/train/FAKE/4866.jpg,train/FAKE/4866.jpg,data/raw/prototype/ai_generated/cifake_v3_train_ai_generated_0323.jpg,718d0a4ba25e13e902ad0acc2f7c94c95f44931ceccbdacc720d1bcdb15f5140,718d0a4ba25e13e902ad0acc2f7c94c95f44931ceccbdacc720d1bcdb15f5140,01b2c7818c3f1fb3cdcbf66b5bcac7bad3473b725fdc34620090ed04210fe56a,856,32,32,RGB,JPEG
cifake_v3_train_ai_generated_0324,train,ai_generated,1,CIFAKE,3,train,fake,data/interim/cifake_source_v3/train/FAKE/1867 (5).jpg,train/FAKE/1867 (5).jpg,data/raw/prototype/ai_generated/cifake_v3_train_ai_generated_0324.jpg,db0223719c6f49f239428e77057741ffc91ac7893e7659cb39035eb44b3886fc,db0223719c6f49f239428e77057741ffc91ac7893e7659cb39035eb44b3886fc,01b3324813a52f57ba9df87dd77d0e129fe0da87e41ff5931d4df5e4599a4a72,923,32,32,RGB,JPEG
cifake_v3_train_ai_generated_0325,train,ai_generated,1,CIFAKE,3,train,fake,data/interim/cifake_source_v3/train/FAKE/5513 (5).jpg,train/FAKE/5513 (5).jpg,data/raw/prototype/ai_generated/cifake_v3_train_ai_generated_0325.jpg,ec9ec6bb9eeb36f251e88b6b8d47ac10722416d733bd7e44343bf4b306811eac,ec9ec6bb9eeb36f251e88b6b8d47ac10722416d733bd7e44343bf4b306811eac,01b34e35b75b07b1bf4c23bea374c8279182674296eebac4d52623035b59e16b,882,32,32,RGB,JPEG
cifake_v3_train_ai_generated_0326,train,ai_generated,1,CIFAKE,3,train,fake,data/interim/cifake_source_v3/train/FAKE/2324.jpg,train/FAKE/2324.jpg,data/raw/prototype/ai_generated/cifake_v3_train_ai_generated_0326.jpg,0b638053375fcf523768845e591996cb8a76646fd5308e509494d460cd239cec,0b638053375fcf523768845e591996cb8a76646fd5308e509494d460cd239cec,01b400941935987b8f26ebc3b5a3686bd47faf1336e37ffb0940d2e75cb8dbbf,912,32,32,RGB,JPEG
cifake_v3_train_ai_generated_0327,train,ai_generated,1,CIFAKE,3,train,fake,data/interim/cifake_source_v3/train/FAKE/4499 (7).jpg,train/FAKE/4499 (7).jpg,data/raw/prototype/ai_generated/cifake_v3_train_ai_generated_0327.jpg,00ef6812c96f711a2629e7ff1751971cd90715637cc689928299e9f2ad7f5a20,00ef6812c96f711a2629e7ff1751971cd90715637cc689928299e9f2ad7f5a20,01b45f574a290a24c3427134ad5f2c72e6fecfe5e4e55883e03ed7536c0e6d67,1059,32,32,RGB,JPEG
cifake_v3_train_ai_generated_0328,train,ai_generated,1,CIFAKE,3,train,fake,data/interim/cifake_source_v3/train/FAKE/2928 (7).jpg,train/FAKE/2928 (7).jpg,data/raw/prototype/ai_generated/cifake_v3_train_ai_generated_0328.jpg,d84592ad784f8d23a350f6239b67c87b4ab07cd3c1d47279839b73e81026f9e7,d84592ad784f8d23a350f6239b67c87b4ab07cd3c1d47279839b73e81026f9e7,01b51e6333ed0b521287eefd3d871708a77b8c1c47eab9206c80a5f371b2865e,1012,32,32,RGB,JPEG
cifake_v3_train_ai_generated_0329,train,ai_generated,1,CIFAKE,3,train,fake,data/interim/cifake_source_v3/train/FAKE/2968 (4).jpg,train/FAKE/2968 (4).jpg,data/raw/prototype/ai_generated/cifake_v3_train_ai_generated_0329.jpg,fc11b942667c4060d2906b737833cec05bd19ac39d5a3b95f3e370336154d7ac,fc11b942667c4060d2906b737833cec05bd19ac39d5a3b95f3e370336154d7ac,01b5b8bdc3217615d901409c3ee9f30e1b7f37cd86c5e45799e9cb7a1e257cb4,959,32,32,RGB,JPEG
cifake_v3_train_ai_generated_0330,train,ai_generated,1,CIFAKE,3,train,fake,data/interim/cifake_source_v3/train/FAKE/5720 (3).jpg,train/FAKE/5720 (3).jpg,data/raw/prototype/ai_generated/cifake_v3_train_ai_generated_0330.jpg,82aa27da7636d049d906bc54c4362993db6799c60154cfdb425bfae4f11fb41a,82aa27da7636d049d906bc54c4362993db6799c60154cfdb425bfae4f11fb41a,01b657048d23b01d4f77fed694789ffe2790791fb0d1179d095417d4d5b55fe2,917,32,32,RGB,JPEG
cifake_v3_train_ai_generated_0331,train,ai_generated,1,CIFAKE,3,train,fake,data/interim/cifake_source_v3/train/FAKE/3515.jpg,train/FAKE/3515.jpg,data/raw/prototype/ai_generated/cifake_v3_train_ai_generated_0331.jpg,8b2402cf514dd41cd71ece278ec25659da56f4e2d2250eacec030e7348d2c1b3,8b2402cf514dd41cd71ece278ec25659da56f4e2d2250eacec030e7348d2c1b3,01b6d6e9b88e0f88b63998fb7a857f6aa0321df22085cdfe258724827b8f2360,954,32,32,RGB,JPEG
cifake_v3_train_ai_generated_0332,train,ai_generated,1,CIFAKE,3,train,fake,data/interim/cifake_source_v3/train/FAKE/1144 (2).jpg,train/FAKE/1144 (2).jpg,data/raw/prototype/ai_generated/cifake_v3_train_ai_generated_0332.jpg,28d274af9297b868fab518be90061f201792f258bc5f64c0eb703a73bdcaff39,28d274af9297b868fab518be90061f201792f258bc5f64c0eb703a73bdcaff39,01b8f82b147f3e3165f9dafdeff79a437251e4b5cbdbff8e4a370cc9857000ec,936,32,32,RGB,JPEG
cifake_v3_train_ai_generated_0333,train,ai_generated,1,CIFAKE,3,train,fake,data/interim/cifake_source_v3/train/FAKE/3716 (8).jpg,train/FAKE/3716 (8).jpg,data/raw/prototype/ai_generated/cifake_v3_train_ai_generated_0333.jpg,39e0110df2a12c6923837472aa51f6cf56837939adcbfa9d991057d6022879b5,39e0110df2a12c6923837472aa51f6cf56837939adcbfa9d991057d6022879b5,01b95f27d1749f943456a7c12e9bad3f2533488bd9a547f386f775c9b6d2a6ff,1047,32,32,RGB,JPEG
cifake_v3_train_ai_generated_0334,train,ai_generated,1,CIFAKE,3,train,fake,data/interim/cifake_source_v3/train/FAKE/1550 (3).jpg,train/FAKE/1550 (3).jpg,data/raw/prototype/ai_generated/cifake_v3_train_ai_generated_0334.jpg,27ac2508ea5843f086f0dd2efc83471be8d5b136e731830bd394590323dbc36f,27ac2508ea5843f086f0dd2efc83471be8d5b136e731830bd394590323dbc36f,01b97321a9fe01e7273ed845603057de3f204d32b11512e667fed6c136f73aea,773,32,32,RGB,JPEG
cifake_v3_train_ai_generated_0335,train,ai_generated,1,CIFAKE,3,train,fake,data/interim/cifake_source_v3/train/FAKE/4062.jpg,train/FAKE/4062.jpg,data/raw/prototype/ai_generated/cifake_v3_train_ai_generated_0335.jpg,88e43a897d7dbf171c200f367ac7ba6a21ae50f460224af0289a3dbeb60c5b02,88e43a897d7dbf171c200f367ac7ba6a21ae50f460224af0289a3dbeb60c5b02,01bc9856c98e9bd2cbe37f828683eb5d231c4cb6760a8419455df3b49c8594ee,932,32,32,RGB,JPEG
cifake_v3_train_ai_generated_0336,train,ai_generated,1,CIFAKE,3,train,fake,data/interim/cifake_source_v3/train/FAKE/1814 (6).jpg,train/FAKE/1814 (6).jpg,data/raw/prototype/ai_generated/cifake_v3_train_ai_generated_0336.jpg,9958f0142fbab722d7a467326e6f62136b0cb5b7e97a0cfcd1c23a46019e3c6d,9958f0142fbab722d7a467326e6f62136b0cb5b7e97a0cfcd1c23a46019e3c6d,01be253908c6dcf44e258b7bed2b1a26440e17fa4fedfe183a139a2f12a08845,1064,32,32,RGB,JPEG
cifake_v3_train_ai_generated_0337,train,ai_generated,1,CIFAKE,3,train,fake,data/interim/cifake_source_v3/train/FAKE/1058 (3).jpg,train/FAKE/1058 (3).jpg,data/raw/prototype/ai_generated/cifake_v3_train_ai_generated_0337.jpg,e3e3cf03d1fbfa97605e5284a50d2cfc7d7b2e295ef557eaa3f4f8389388c26f,e3e3cf03d1fbfa97605e5284a50d2cfc7d7b2e295ef557eaa3f4f8389388c26f,01be5a3eee69a025a1aa323cb2f460881d5c7e4f6f352892fd5a6baa4c667d1f,955,32,32,RGB,JPEG
cifake_v3_train_ai_generated_0338,train,ai_generated,1,CIFAKE,3,train,fake,data/interim/cifake_source_v3/train/FAKE/2442 (9).jpg,train/FAKE/2442 (9).jpg,data/raw/prototype/ai_generated/cifake_v3_train_ai_generated_0338.jpg,d7da4c71d8e2709893280541e1ba4b5aee8fe64acf32ae49deb16906e3a05e92,d7da4c71d8e2709893280541e1ba4b5aee8fe64acf32ae49deb16906e3a05e92,01c7cd959a4e07ca721c2d092882d823c36ee29233f785a62bc45e056f88f17d,848,32,32,RGB,JPEG
cifake_v3_train_ai_generated_0339,train,ai_generated,1,CIFAKE,3,train,fake,data/interim/cifake_source_v3/train/FAKE/2138 (6).jpg,train/FAKE/2138 (6).jpg,data/raw/prototype/ai_generated/cifake_v3_train_ai_generated_0339.jpg,d522d499109991da6a85c867b93a2947733b5f574f0ca96cdef12753e55a3589,d522d499109991da6a85c867b93a2947733b5f574f0ca96cdef12753e55a3589,01c8fad3ab4ea9773d60d70aa6beede0ef03e68d0c8b74ac8fb37e1ebe8a6911,958,32,32,RGB,JPEG
cifake_v3_train_ai_generated_0340,train,ai_generated,1,CIFAKE,3,train,fake,data/interim/cifake_source_v3/train/FAKE/1224 (7).jpg,train/FAKE/1224 (7).jpg,data/raw/prototype/ai_generated/cifake_v3_train_ai_generated_0340.jpg,46b9c378942347d27fbf979083fdaee5af8fc114928e315f265a5f8e11d40968,46b9c378942347d27fbf979083fdaee5af8fc114928e315f265a5f8e11d40968,01c9bc54759d5837578ebfb156cd6510397da2d3eff67f0ac48dabb3f095ad34,896,32,32,RGB,JPEG
cifake_v3_train_ai_generated_0341,train,ai_generated,1,CIFAKE,3,train,fake,data/interim/cifake_source_v3/train/FAKE/2329 (4).jpg,train/FAKE/2329 (4).jpg,data/raw/prototype/ai_generated/cifake_v3_train_ai_generated_0341.jpg,731907e806318d96be3b0511e067ed3f3d9301b88529cdd01c88904f69987f63,731907e806318d96be3b0511e067ed3f3d9301b88529cdd01c88904f69987f63,01ca21e5e026f58e4d43226a189cbe6e77d5c6397a6bac0f0b81da63704a4fc9,980,32,32,RGB,JPEG
cifake_v3_train_ai_generated_0342,train,ai_generated,1,CIFAKE,3,train,fake,data/interim/cifake_source_v3/train/FAKE/3422 (5).jpg,train/FAKE/3422 (5).jpg,data/raw/prototype/ai_generated/cifake_v3_train_ai_generated_0342.jpg,4f6227f150f74584e4028720d1de99546ab13527c8259bf3221f8848223c6bb6,4f6227f150f74584e4028720d1de99546ab13527c8259bf3221f8848223c6bb6,01cb227a4214848bd40738837d0b2bdce04dfd2a8db6f08ef26350326f2168bd,880,32,32,RGB,JPEG
cifake_v3_train_ai_generated_0343,train,ai_generated,1,CIFAKE,3,train,fake,data/interim/cifake_source_v3/train/FAKE/4098 (2).jpg,train/FAKE/4098 (2).jpg,data/raw/prototype/ai_generated/cifake_v3_train_ai_generated_0343.jpg,a128c649fea6135f5d3fe25b6b15ac60bb8fce56afabdd5c363564d9d99ccbad,a128c649fea6135f5d3fe25b6b15ac60bb8fce56afabdd5c363564d9d99ccbad,01cb4020fd5ce7499cfc9f1de6f4586a988b9855bbab889b77c03a829292a1c8,932,32,32,RGB,JPEG
cifake_v3_train_ai_generated_0344,train,ai_generated,1,CIFAKE,3,train,fake,data/interim/cifake_source_v3/train/FAKE/4498 (6).jpg,train/FAKE/4498 (6).jpg,data/raw/prototype/ai_generated/cifake_v3_train_ai_generated_0344.jpg,bf81069e9d4634b31c5eeec8b0b0aa4a90042a5570846c7ea50a62ccea0b959d,bf81069e9d4634b31c5eeec8b0b0aa4a90042a5570846c7ea50a62ccea0b959d,01cba3b7f896eaaeccee3a666063554b69ad4423f3a9c1b46411a5f2f81adef2,986,32,32,RGB,JPEG
cifake_v3_train_ai_generated_0345,train,ai_generated,1,CIFAKE,3,train,fake,data/interim/cifake_source_v3/train/FAKE/1200 (2).jpg,train/FAKE/1200 (2).jpg,data/raw/prototype/ai_generated/cifake_v3_train_ai_generated_0345.jpg,c3a0990d5fce9b4edc0e78da16f2ef9413a3d5cc525fdd6a39699ca4d8362639,c3a0990d5fce9b4edc0e78da16f2ef9413a3d5cc525fdd6a39699ca4d8362639,01cd9171d91e7faf83f1072011735a68da1ce3c6b64df70ff1b146f8b0477993,972,32,32,RGB,JPEG
cifake_v3_train_ai_generated_0346,train,ai_generated,1,CIFAKE,3,train,fake,data/interim/cifake_source_v3/train/FAKE/4637 (8).jpg,train/FAKE/4637 (8).jpg,data/raw/prototype/ai_generated/cifake_v3_train_ai_generated_0346.jpg,3268f140d04ad7f820bcbf466088cd54fe817c630c9a1e16558db65a6f7af100,3268f140d04ad7f820bcbf466088cd54fe817c630c9a1e16558db65a6f7af100,01d0217c2db7c6d4e2a7bd2e61c884f90f1ca08d70fe422e476774da03af8b4c,1025,32,32,RGB,JPEG
cifake_v3_train_ai_generated_0347,train,ai_generated,1,CIFAKE,3,train,fake,data/interim/cifake_source_v3/train/FAKE/1311 (6).jpg,train/FAKE/1311 (6).jpg,data/raw/prototype/ai_generated/cifake_v3_train_ai_generated_0347.jpg,2b23cdaae9220971cdae20d37cedb19c93aa28675c5b7941d44aef8d55363153,2b23cdaae9220971cdae20d37cedb19c93aa28675c5b7941d44aef8d55363153,01d1cb5d3e6bf39d189cf6289298754dbc51779513a3850f83a25dd85f4710be,878,32,32,RGB,JPEG
cifake_v3_train_ai_generated_0348,train,ai_generated,1,CIFAKE,3,train,fake,data/interim/cifake_source_v3/train/FAKE/4786.jpg,train/FAKE/4786.jpg,data/raw/prototype/ai_generated/cifake_v3_train_ai_generated_0348.jpg,e9d88bc9e1d369029e40b07bf23a1c39f516eec01a3f9190274a9d3b29e3cba6,e9d88bc9e1d369029e40b07bf23a1c39f516eec01a3f9190274a9d3b29e3cba6,01d3136b3456089da64b3d3451afa5fb2a5a759f62983ede1c556675fe807a79,930,32,32,RGB,JPEG
cifake_v3_train_ai_generated_0349,train,ai_generated,1,CIFAKE,3,train,fake,data/interim/cifake_source_v3/train/FAKE/1137 (8).jpg,train/FAKE/1137 (8).jpg,data/raw/prototype/ai_generated/cifake_v3_train_ai_generated_0349.jpg,110bd27e61effd1d5ab6870a23c4cc5ab38745ce63c3364f700fb3ca3e6884e3,110bd27e61effd1d5ab6870a23c4cc5ab38745ce63c3364f700fb3ca3e6884e3,01d3254e61b668f3fd03f190c6496b1d0582b32037a0b8d726d3e39dd9c34d80,1070,32,32,RGB,JPEG
cifake_v3_train_ai_generated_0350,train,ai_generated,1,CIFAKE,3,train,fake,data/interim/cifake_source_v3/train/FAKE/1552 (6).jpg,train/FAKE/1552 (6).jpg,data/raw/prototype/ai_generated/cifake_v3_train_ai_generated_0350.jpg,5cdcf239a4e7da619183ec56b4a7284707421ff0d63b56ea92768890aa56b110,5cdcf239a4e7da619183ec56b4a7284707421ff0d63b56ea92768890aa56b110,01d565a15ac552c85a1becbe45993197675bbbc3f3ef6ab456aaab313096bff3,988,32,32,RGB,JPEG
cifake_v3_validation_real_0001,validation,real,0,CIFAKE,3,train,real,data/interim/cifake_source_v3/train/REAL/0223.jpg,train/REAL/0223.jpg,data/raw/prototype/real/cifake_v3_validation_real_0001.jpg,f2a0597d91b52907aa7795dde18f697de489824fe2de152d6fc4f98e579f99da,f2a0597d91b52907aa7795dde18f697de489824fe2de152d6fc4f98e579f99da,01d3b83061830010a875659aaf86a80d7b9a54cfbf48f4cae8dbf8259fd1c9d3,966,32,32,RGB,JPEG
cifake_v3_validation_real_0002,validation,real,0,CIFAKE,3,train,real,data/interim/cifake_source_v3/train/REAL/2803.jpg,train/REAL/2803.jpg,data/raw/prototype/real/cifake_v3_validation_real_0002.jpg,da1981c5efe79067aade9331836bea4a65adeae54497a461d93115bd101dfe4a,da1981c5efe79067aade9331836bea4a65adeae54497a461d93115bd101dfe4a,01d6bb60261d6558c510e800baceaa884c0f70ec22204ba629bad9aba415e191,847,32,32,RGB,JPEG
cifake_v3_validation_real_0003,validation,real,0,CIFAKE,3,train,real,data/interim/cifake_source_v3/train/REAL/1406 (2).jpg,train/REAL/1406 (2).jpg,data/raw/prototype/real/cifake_v3_validation_real_0003.jpg,ba55a86bca901a57d8ae807e79937aba7d4abad06818e41e9179a6b79c3154ef,ba55a86bca901a57d8ae807e79937aba7d4abad06818e41e9179a6b79c3154ef,01da14bfb03d0a8d0ac5259eb4b5ac13f79ef75adc58ac3e9e98e9fea4d10650,898,32,32,RGB,JPEG
cifake_v3_validation_real_0004,validation,real,0,CIFAKE,3,train,real,data/interim/cifake_source_v3/train/REAL/1839 (3).jpg,train/REAL/1839 (3).jpg,data/raw/prototype/real/cifake_v3_validation_real_0004.jpg,7d4f4faec10567dfd31155d0b659f5999133290c6717128d8e20b3ea0f87a4cb,7d4f4faec10567dfd31155d0b659f5999133290c6717128d8e20b3ea0f87a4cb,01db057b5501a47a3474c5708718f57630070322cd14d08875c7f269cf8a54e3,972,32,32,RGB,JPEG
cifake_v3_validation_real_0005,validation,real,0,CIFAKE,3,train,real,data/interim/cifake_source_v3/train/REAL/2190 (9).jpg,train/REAL/2190 (9).jpg,data/raw/prototype/real/cifake_v3_validation_real_0005.jpg,5299e5920a5b032a0bcc360a558b79d460ba14b99be17c8989ec684814de125c,5299e5920a5b032a0bcc360a558b79d460ba14b99be17c8989ec684814de125c,01db39826cd8b92cedec3cdc4b856a644902a1eac59f65c4a038537b855ab9b6,858,32,32,RGB,JPEG
cifake_v3_validation_real_0006,validation,real,0,CIFAKE,3,train,real,data/interim/cifake_source_v3/train/REAL/4739 (8).jpg,train/REAL/4739 (8).jpg,data/raw/prototype/real/cifake_v3_validation_real_0006.jpg,5a82e2478c130385072c9d99a4863e662ae343188440e29faf879e5059d694ec,5a82e2478c130385072c9d99a4863e662ae343188440e29faf879e5059d694ec,01dd11bef044287c263ba6c99bc98c00985b78de6a7089684cb93c4c81864f67,930,32,32,RGB,JPEG
cifake_v3_validation_real_0007,validation,real,0,CIFAKE,3,train,real,data/interim/cifake_source_v3/train/REAL/4647.jpg,train/REAL/4647.jpg,data/raw/prototype/real/cifake_v3_validation_real_0007.jpg,706d0f85aa244ff6b4213107699b7e7ba9bc90092197e0d80e0f90a48496cfa1,706d0f85aa244ff6b4213107699b7e7ba9bc90092197e0d80e0f90a48496cfa1,01df6492cace3bd80bbc66b53f6e7b9c2acd372b9ff4bd7a69004edc9f7f834e,768,32,32,RGB,JPEG
cifake_v3_validation_real_0008,validation,real,0,CIFAKE,3,train,real,data/interim/cifake_source_v3/train/REAL/4878 (5).jpg,train/REAL/4878 (5).jpg,data/raw/prototype/real/cifake_v3_validation_real_0008.jpg,99e06164d336f18c9b337e9571462b16aa4bd4a1ea9c2beba622339b953b411e,99e06164d336f18c9b337e9571462b16aa4bd4a1ea9c2beba622339b953b411e,01e0066eaac469ec62bf6bf7550e749047a0423c6c79e8384ca36aaabe53caf6,857,32,32,RGB,JPEG
cifake_v3_validation_real_0009,validation,real,0,CIFAKE,3,train,real,data/interim/cifake_source_v3/train/REAL/2459 (7).jpg,train/REAL/2459 (7).jpg,data/raw/prototype/real/cifake_v3_validation_real_0009.jpg,d0f18abaa62c496d95346940c35f2c23c7ca5716ac883367045ad4772bb78f9e,d0f18abaa62c496d95346940c35f2c23c7ca5716ac883367045ad4772bb78f9e,01e1065542128cc89f669e070632b7bda8091134248d437413e49152c6296891,915,32,32,RGB,JPEG
cifake_v3_validation_real_0010,validation,real,0,CIFAKE,3,train,real,data/interim/cifake_source_v3/train/REAL/1453 (10).jpg,train/REAL/1453 (10).jpg,data/raw/prototype/real/cifake_v3_validation_real_0010.jpg,078eb03b7bb3c5ea359a392eda532dfede56ff6f9d4a0db4aab75598faae1f7c,078eb03b7bb3c5ea359a392eda532dfede56ff6f9d4a0db4aab75598faae1f7c,01e16a53319da0700a6495114ba05cae1d8ab40eaa2bf367b786591d178ac50a,952,32,32,RGB,JPEG
cifake_v3_validation_real_0011,validation,real,0,CIFAKE,3,train,real,data/interim/cifake_source_v3/train/REAL/2029 (9).jpg,train/REAL/2029 (9).jpg,data/raw/prototype/real/cifake_v3_validation_real_0011.jpg,d675a61e8d2c5859ef1b56dc6d5e0a676016147c7779696c94c0f9a0fff2a61a,d675a61e8d2c5859ef1b56dc6d5e0a676016147c7779696c94c0f9a0fff2a61a,01e206f970cc0af67b6e55b64bbc83f9b1fc2c2b3b662b95fafdab31028e0645,829,32,32,RGB,JPEG
cifake_v3_validation_real_0012,validation,real,0,CIFAKE,3,train,real,data/interim/cifake_source_v3/train/REAL/3877 (7).jpg,train/REAL/3877 (7).jpg,data/raw/prototype/real/cifake_v3_validation_real_0012.jpg,0992c67016162fc9809a5fddf93f9755db7e6f01ecc2ab504146c3e2c951699d,0992c67016162fc9809a5fddf93f9755db7e6f01ecc2ab504146c3e2c951699d,01e30aa5ebf4ad0fe414380c1019a36975b05b644bdaa50aa63972193d3aaa36,935,32,32,RGB,JPEG
cifake_v3_validation_real_0013,validation,real,0,CIFAKE,3,train,real,data/interim/cifake_source_v3/train/REAL/3791 (3).jpg,train/REAL/3791 (3).jpg,data/raw/prototype/real/cifake_v3_validation_real_0013.jpg,e7ea47dd6d65b0e6cdf486149148e54e94669d0aec1b67cd75731e5d112def4c,e7ea47dd6d65b0e6cdf486149148e54e94669d0aec1b67cd75731e5d112def4c,01e3408dd2ada59819b02f487962ad48beee452b591ab7c55e5664dc186027eb,946,32,32,RGB,JPEG
cifake_v3_validation_real_0014,validation,real,0,CIFAKE,3,train,real,data/interim/cifake_source_v3/train/REAL/1170 (4).jpg,train/REAL/1170 (4).jpg,data/raw/prototype/real/cifake_v3_validation_real_0014.jpg,e897558f041fde56a2aa33588c0dfbf1b341c1873f82a7eaa7d7553b5672e123,e897558f041fde56a2aa33588c0dfbf1b341c1873f82a7eaa7d7553b5672e123,01e5799af9375a8f88ed00b4f77a217cd471af77950d25ab447dfded37eb6b8c,983,32,32,RGB,JPEG
cifake_v3_validation_real_0015,validation,real,0,CIFAKE,3,train,real,data/interim/cifake_source_v3/train/REAL/4547 (9).jpg,train/REAL/4547 (9).jpg,data/raw/prototype/real/cifake_v3_validation_real_0015.jpg,718e877263605af71a4733624c6136df63280d5d0feb40d9a62e2948821a44d4,718e877263605af71a4733624c6136df63280d5d0feb40d9a62e2948821a44d4,01e7dcc58dc6be12496f4c8ca5864a882f9216a89da637d20f77a8986a83d584,807,32,32,RGB,JPEG
cifake_v3_validation_real_0016,validation,real,0,CIFAKE,3,train,real,data/interim/cifake_source_v3/train/REAL/2778 (9).jpg,train/REAL/2778 (9).jpg,data/raw/prototype/real/cifake_v3_validation_real_0016.jpg,0e797c65010eb5955d0f17fe7a6bb7b664c4ae68651aa25f40e98e61b5dc7c2c,0e797c65010eb5955d0f17fe7a6bb7b664c4ae68651aa25f40e98e61b5dc7c2c,01e85a461300c3862e95fc38b50ce8162058c057917179dec6e1e4232459c505,915,32,32,RGB,JPEG
cifake_v3_validation_real_0017,validation,real,0,CIFAKE,3,train,real,data/interim/cifake_source_v3/train/REAL/2595.jpg,train/REAL/2595.jpg,data/raw/prototype/real/cifake_v3_validation_real_0017.jpg,dbf5df9b66ec4e0fefa2d1b02b96c6316238b73698ce91d7f980fa7e08bad683,dbf5df9b66ec4e0fefa2d1b02b96c6316238b73698ce91d7f980fa7e08bad683,01e8d86a3e0f6b276949aa65670c636f6b0e3d5c34cbe27c9f36b18cf2edf59c,886,32,32,RGB,JPEG
cifake_v3_validation_real_0018,validation,real,0,CIFAKE,3,train,real,data/interim/cifake_source_v3/train/REAL/4009 (9).jpg,train/REAL/4009 (9).jpg,data/raw/prototype/real/cifake_v3_validation_real_0018.jpg,130fe4826a53b2c45f6b43dd958714d80062b6b14ed26b2ada1602e1f6f3192a,130fe4826a53b2c45f6b43dd958714d80062b6b14ed26b2ada1602e1f6f3192a,01e9d08dfc137ec70dfbc48270c69f7561b5b16ad9f8c47e0ae4385a275c0ddf,912,32,32,RGB,JPEG
cifake_v3_validation_real_0019,validation,real,0,CIFAKE,3,train,real,data/interim/cifake_source_v3/train/REAL/1527 (5).jpg,train/REAL/1527 (5).jpg,data/raw/prototype/real/cifake_v3_validation_real_0019.jpg,03ad5c189d1f9818e794453b30b9ec1eba4b3187c35fbbf1e0eb9d99f1de8576,03ad5c189d1f9818e794453b30b9ec1eba4b3187c35fbbf1e0eb9d99f1de8576,01eb8406d9e27ed694802191d078375737764dcf938266bc3c3a64b65b7c3f6f,894,32,32,RGB,JPEG
cifake_v3_validation_real_0020,validation,real,0,CIFAKE,3,train,real,data/interim/cifake_source_v3/train/REAL/0728.jpg,train/REAL/0728.jpg,data/raw/prototype/real/cifake_v3_validation_real_0020.jpg,4b31c0ccab1a893b02883d2c8a37143ed5a24f00e161315c0c0fa4b247bf32c7,4b31c0ccab1a893b02883d2c8a37143ed5a24f00e161315c0c0fa4b247bf32c7,01eb9394e5cbddc8a335535cb11e40e9525f561ee5e23124100e367f566807d9,855,32,32,RGB,JPEG
cifake_v3_validation_real_0021,validation,real,0,CIFAKE,3,train,real,data/interim/cifake_source_v3/train/REAL/4110 (2).jpg,train/REAL/4110 (2).jpg,data/raw/prototype/real/cifake_v3_validation_real_0021.jpg,0ced675e7f37a71db85e227c12a527587e5031d9d866feb8725ca84872a6273f,0ced675e7f37a71db85e227c12a527587e5031d9d866feb8725ca84872a6273f,01eca20af908f3c75652182c1e8000165758d37536b36554ce88f1c0e0ee4307,977,32,32,RGB,JPEG
cifake_v3_validation_real_0022,validation,real,0,CIFAKE,3,train,real,data/interim/cifake_source_v3/train/REAL/3694 (9).jpg,train/REAL/3694 (9).jpg,data/raw/prototype/real/cifake_v3_validation_real_0022.jpg,9ccc24961a8a5fc3b265a7e11d2962eefbece76c8894ab5649cae8fc63616496,9ccc24961a8a5fc3b265a7e11d2962eefbece76c8894ab5649cae8fc63616496,01eee9f2bea6df8d4d676ae3ac7c00271e07e7181d2a54e20e4d874a9a9094b5,904,32,32,RGB,JPEG
cifake_v3_validation_real_0023,validation,real,0,CIFAKE,3,train,real,data/interim/cifake_source_v3/train/REAL/3358 (8).jpg,train/REAL/3358 (8).jpg,data/raw/prototype/real/cifake_v3_validation_real_0023.jpg,7c3d597d2ea70f31f9890952fa4f9a51341607ef1c0a4bfedf161d8abccec621,7c3d597d2ea70f31f9890952fa4f9a51341607ef1c0a4bfedf161d8abccec621,01efa4d0277087c5e74c59287d6230fa9e288ec03e80053ecb2f1fdd854b50a1,988,32,32,RGB,JPEG
cifake_v3_validation_real_0024,validation,real,0,CIFAKE,3,train,real,data/interim/cifake_source_v3/train/REAL/4645 (6).jpg,train/REAL/4645 (6).jpg,data/raw/prototype/real/cifake_v3_validation_real_0024.jpg,e192f53a9c1e9c210e73849635f5cc8f68c7810b6c3715b97cca33751532a1ac,e192f53a9c1e9c210e73849635f5cc8f68c7810b6c3715b97cca33751532a1ac,01f0843a11784cb7aabeea5bc5921477e46ad35ec104bcd14ac9841bc641b05f,883,32,32,RGB,JPEG
cifake_v3_validation_real_0025,validation,real,0,CIFAKE,3,train,real,data/interim/cifake_source_v3/train/REAL/4261 (3).jpg,train/REAL/4261 (3).jpg,data/raw/prototype/real/cifake_v3_validation_real_0025.jpg,d3c1cb43b72b6425ad598fb1bd5084c3df850fcafbb0f49924e5a94070ebff27,d3c1cb43b72b6425ad598fb1bd5084c3df850fcafbb0f49924e5a94070ebff27,01f18879f9c773fd2e0c95b90b880d8b7d3cf1d5fb17b85db9e402b3f25a24b6,778,32,32,RGB,JPEG
cifake_v3_validation_real_0026,validation,real,0,CIFAKE,3,train,real,data/interim/cifake_source_v3/train/REAL/4323.jpg,train/REAL/4323.jpg,data/raw/prototype/real/cifake_v3_validation_real_0026.jpg,9c82201662028b96e1948c780dce68edab275d7afb39a58864d81b30861fa728,9c82201662028b96e1948c780dce68edab275d7afb39a58864d81b30861fa728,01f2970732c8205f86395601a976a037cc78e60b7b3cb557224be726be98f48c,891,32,32,RGB,JPEG
cifake_v3_validation_real_0027,validation,real,0,CIFAKE,3,train,real,data/interim/cifake_source_v3/train/REAL/1964 (10).jpg,train/REAL/1964 (10).jpg,data/raw/prototype/real/cifake_v3_validation_real_0027.jpg,8a7e0a0d8a723eaaace077ac61c995679e8b0f95f0114698bd3de8a5ba49d2c1,8a7e0a0d8a723eaaace077ac61c995679e8b0f95f0114698bd3de8a5ba49d2c1,01f43eeef463f785c4eca5a33c2b48f8c8d804225ad1dde0c602c942cbba3d2d,902,32,32,RGB,JPEG
cifake_v3_validation_real_0028,validation,real,0,CIFAKE,3,train,real,data/interim/cifake_source_v3/train/REAL/4420 (8).jpg,train/REAL/4420 (8).jpg,data/raw/prototype/real/cifake_v3_validation_real_0028.jpg,b13e6b860a3035ed3e61a003dc9e55c0ade0a6db689d4e0d4b425c391163fa28,b13e6b860a3035ed3e61a003dc9e55c0ade0a6db689d4e0d4b425c391163fa28,01f4435fbf1b139d8e508a1e17db4b689d4d58506bf801939bb63ade09c86be2,930,32,32,RGB,JPEG
cifake_v3_validation_real_0029,validation,real,0,CIFAKE,3,train,real,data/interim/cifake_source_v3/train/REAL/3120.jpg,train/REAL/3120.jpg,data/raw/prototype/real/cifake_v3_validation_real_0029.jpg,774dd4f8dabf5706378b02d86b09ba8bd9dcace0274b14761de5345246395dc8,774dd4f8dabf5706378b02d86b09ba8bd9dcace0274b14761de5345246395dc8,01f4bd74a37154cdde9ca4267c6b69040da994c1575c849945f7f80cb662f155,903,32,32,RGB,JPEG
cifake_v3_validation_real_0030,validation,real,0,CIFAKE,3,train,real,data/interim/cifake_source_v3/train/REAL/3129 (4).jpg,train/REAL/3129 (4).jpg,data/raw/prototype/real/cifake_v3_validation_real_0030.jpg,6a91a4870f09c8858071a519ce00712b1d44801b6a4743491e5b4b21df5e38d9,6a91a4870f09c8858071a519ce00712b1d44801b6a4743491e5b4b21df5e38d9,01f79b1d92682e5e74751a0e1b798d137b848ab2b26946c3f00d09196af08b57,905,32,32,RGB,JPEG
cifake_v3_validation_real_0031,validation,real,0,CIFAKE,3,train,real,data/interim/cifake_source_v3/train/REAL/4498.jpg,train/REAL/4498.jpg,data/raw/prototype/real/cifake_v3_validation_real_0031.jpg,6d32b2c7e6300c5a5d1cba5b5414c9442926b7fc11395f2702f3d47fcf264de0,6d32b2c7e6300c5a5d1cba5b5414c9442926b7fc11395f2702f3d47fcf264de0,01f7d1afe3f052ae80479936f68c590dce52105fbb9bd6d2b9af34704dc9afcd,964,32,32,RGB,JPEG
cifake_v3_validation_real_0032,validation,real,0,CIFAKE,3,train,real,data/interim/cifake_source_v3/train/REAL/2182 (5).jpg,train/REAL/2182 (5).jpg,data/raw/prototype/real/cifake_v3_validation_real_0032.jpg,c727921bef803e0ef36727a456819faaeb1079332442dcb3dccb6a737acb9196,c727921bef803e0ef36727a456819faaeb1079332442dcb3dccb6a737acb9196,01fa6bf5864e04abf3efa82d661a4f56f86dac54b5d49bb7b9c41221602641df,924,32,32,RGB,JPEG
cifake_v3_validation_real_0033,validation,real,0,CIFAKE,3,train,real,data/interim/cifake_source_v3/train/REAL/1085 (3).jpg,train/REAL/1085 (3).jpg,data/raw/prototype/real/cifake_v3_validation_real_0033.jpg,0ac0aa66ebd100733c4c0de96010275ee5c172158669624ef6e9fc62f27557c4,0ac0aa66ebd100733c4c0de96010275ee5c172158669624ef6e9fc62f27557c4,01faf25c29d75eceb4604ab3996f10b3e32a133050c5c3f5e736eb9586e3682a,901,32,32,RGB,JPEG
cifake_v3_validation_real_0034,validation,real,0,CIFAKE,3,train,real,data/interim/cifake_source_v3/train/REAL/3017 (2).jpg,train/REAL/3017 (2).jpg,data/raw/prototype/real/cifake_v3_validation_real_0034.jpg,f3f25f65c91c72a3771243a403037ee6eceed9d2d987235a3c7c99af4d808ddd,f3f25f65c91c72a3771243a403037ee6eceed9d2d987235a3c7c99af4d808ddd,01fc5a82e7d5d4c96a114b2247dc570b9b48d765fdb26638f05ca0ddbb76c0eb,997,32,32,RGB,JPEG
cifake_v3_validation_real_0035,validation,real,0,CIFAKE,3,train,real,data/interim/cifake_source_v3/train/REAL/0523 (9).jpg,train/REAL/0523 (9).jpg,data/raw/prototype/real/cifake_v3_validation_real_0035.jpg,8198d6a2e51ffc79398af090ab39f0b7605de3733ea564948341ca03c6e62fc4,8198d6a2e51ffc79398af090ab39f0b7605de3733ea564948341ca03c6e62fc4,01fc9ddb5b3a33c0d3abec3535c3e4716dddebb438740532ed3b34bfb8eaf63c,937,32,32,RGB,JPEG
cifake_v3_validation_real_0036,validation,real,0,CIFAKE,3,train,real,data/interim/cifake_source_v3/train/REAL/2513 (3).jpg,train/REAL/2513 (3).jpg,data/raw/prototype/real/cifake_v3_validation_real_0036.jpg,15ec31c9554d802bf9923e6f8f2c5f67cd83048107981dad040669060e210e56,15ec31c9554d802bf9923e6f8f2c5f67cd83048107981dad040669060e210e56,01fca3f8fa16c0622709ea7e033c4e3371b1796261fd8d7c8db96a460cee96d4,837,32,32,RGB,JPEG
cifake_v3_validation_real_0037,validation,real,0,CIFAKE,3,train,real,data/interim/cifake_source_v3/train/REAL/0410 (9).jpg,train/REAL/0410 (9).jpg,data/raw/prototype/real/cifake_v3_validation_real_0037.jpg,f0e73ea7f948c7dee1d011f63a067165b323e06ba35ec8700a0ffe055034fb32,f0e73ea7f948c7dee1d011f63a067165b323e06ba35ec8700a0ffe055034fb32,01fe4725fed7cb966a72f1a22633f64d8de90dbbf4df39b5c7d687009d1d65c0,883,32,32,RGB,JPEG
cifake_v3_validation_real_0038,validation,real,0,CIFAKE,3,train,real,data/interim/cifake_source_v3/train/REAL/2435 (10).jpg,train/REAL/2435 (10).jpg,data/raw/prototype/real/cifake_v3_validation_real_0038.jpg,961c2bf88f00a7f7c54aca8aeaa62b86cee5e18b68d80b0c221cffd00e63ab8e,961c2bf88f00a7f7c54aca8aeaa62b86cee5e18b68d80b0c221cffd00e63ab8e,01fe8a9e75ec4874bd0e1d32fc2c10b4c9c27c3a242150bf0f821c8fea115fbb,1004,32,32,RGB,JPEG
cifake_v3_validation_real_0039,validation,real,0,CIFAKE,3,train,real,data/interim/cifake_source_v3/train/REAL/0313 (5).jpg,train/REAL/0313 (5).jpg,data/raw/prototype/real/cifake_v3_validation_real_0039.jpg,2a4335558fa0b075f0553597a964d19530cf1eebf54d0baf91506fc47b321f58,2a4335558fa0b075f0553597a964d19530cf1eebf54d0baf91506fc47b321f58,01fead36ecdd91a9781fe5d2c4cdf68221d9e930ff5100a4eb2c22479e5e20f1,897,32,32,RGB,JPEG
cifake_v3_validation_real_0040,validation,real,0,CIFAKE,3,train,real,data/interim/cifake_source_v3/train/REAL/4023 (7).jpg,train/REAL/4023 (7).jpg,data/raw/prototype/real/cifake_v3_validation_real_0040.jpg,10b25cad39ba27038e83bb79228eb6a2339423c10be9bd9e024fa69254933e5e,10b25cad39ba27038e83bb79228eb6a2339423c10be9bd9e024fa69254933e5e,01fef0f695b343f78d77f714bc821382e1f9b7ee03b2680ae2507a68217c1fba,917,32,32,RGB,JPEG
cifake_v3_validation_real_0041,validation,real,0,CIFAKE,3,train,real,data/interim/cifake_source_v3/train/REAL/2372 (10).jpg,train/REAL/2372 (10).jpg,data/raw/prototype/real/cifake_v3_validation_real_0041.jpg,8d2c567cec8abad2a3f2c3c10f055e6cee4d6fd77703a893db8ddbcfef2841e6,8d2c567cec8abad2a3f2c3c10f055e6cee4d6fd77703a893db8ddbcfef2841e6,01ff50b5127ed5567dcf6e11abef22c7ff69864ed269f2d92017ebae536edcca,914,32,32,RGB,JPEG
cifake_v3_validation_real_0042,validation,real,0,CIFAKE,3,train,real,data/interim/cifake_source_v3/train/REAL/4426 (10).jpg,train/REAL/4426 (10).jpg,data/raw/prototype/real/cifake_v3_validation_real_0042.jpg,6d414d04b3999f3619cb63a401fde0b0b2f9985d712147e185e3d64e67a2d065,6d414d04b3999f3619cb63a401fde0b0b2f9985d712147e185e3d64e67a2d065,02001e6bf141ebf1ff51bd0091ba403f7bdcf8116f7f438a2302453f1797b4b8,999,32,32,RGB,JPEG
cifake_v3_validation_real_0043,validation,real,0,CIFAKE,3,train,real,data/interim/cifake_source_v3/train/REAL/0786 (8).jpg,train/REAL/0786 (8).jpg,data/raw/prototype/real/cifake_v3_validation_real_0043.jpg,e1afb8eb13c93e4d86017e9d9b69a881b4fc2c9c9056303d6a2599160462ca9e,e1afb8eb13c93e4d86017e9d9b69a881b4fc2c9c9056303d6a2599160462ca9e,02038c4192d47313fd491abb47f54a9beb1f00e2a5f6b493406a7aa0927ebecd,968,32,32,RGB,JPEG
cifake_v3_validation_real_0044,validation,real,0,CIFAKE,3,train,real,data/interim/cifake_source_v3/train/REAL/4667 (2).jpg,train/REAL/4667 (2).jpg,data/raw/prototype/real/cifake_v3_validation_real_0044.jpg,9cab2900841243dac4de87496c0d31ef1e9f50835d3583f22ab684b86730d629,9cab2900841243dac4de87496c0d31ef1e9f50835d3583f22ab684b86730d629,0204967ac6684787ab0072c8fbe0f8e0d81d4dc1ee980ad5380b6883fd851c43,857,32,32,RGB,JPEG
cifake_v3_validation_real_0045,validation,real,0,CIFAKE,3,train,real,data/interim/cifake_source_v3/train/REAL/2114 (5).jpg,train/REAL/2114 (5).jpg,data/raw/prototype/real/cifake_v3_validation_real_0045.jpg,b38b0090f5e33526d7e26392fc05f7fe3b70ff8db8eae50a1dd9400c3fa00f69,b38b0090f5e33526d7e26392fc05f7fe3b70ff8db8eae50a1dd9400c3fa00f69,02063f0fc91f3f61937b3b1190c30818f2e3b3029d983a013fe0dc5cc079fd0c,866,32,32,RGB,JPEG
cifake_v3_validation_real_0046,validation,real,0,CIFAKE,3,train,real,data/interim/cifake_source_v3/train/REAL/0253 (9).jpg,train/REAL/0253 (9).jpg,data/raw/prototype/real/cifake_v3_validation_real_0046.jpg,3dec7db55acc282fc816fb4cd3d448e32687d30894771343dfc0bd5b4beac221,3dec7db55acc282fc816fb4cd3d448e32687d30894771343dfc0bd5b4beac221,0206453f09928f30a4760dddd79504f5290fdc90ee64db26b48637c4b0de0b36,989,32,32,RGB,JPEG
cifake_v3_validation_real_0047,validation,real,0,CIFAKE,3,train,real,data/interim/cifake_source_v3/train/REAL/4728 (6).jpg,train/REAL/4728 (6).jpg,data/raw/prototype/real/cifake_v3_validation_real_0047.jpg,79b50799b25774caca121b0c89e2a0a9ff9f488646f5c566a2c9f5d83ced2357,79b50799b25774caca121b0c89e2a0a9ff9f488646f5c566a2c9f5d83ced2357,02067ae9adfd0b8c358e340878a2a9fd921cbcb68a88386b3ca945e46f7a5cdc,890,32,32,RGB,JPEG
cifake_v3_validation_real_0048,validation,real,0,CIFAKE,3,train,real,data/interim/cifake_source_v3/train/REAL/1279.jpg,train/REAL/1279.jpg,data/raw/prototype/real/cifake_v3_validation_real_0048.jpg,5b0cbb32e3df971389089b436c446ac68d0c8af40ccd0483662648d1d951ef9e,5b0cbb32e3df971389089b436c446ac68d0c8af40ccd0483662648d1d951ef9e,0206c963833a2b9038bfdb9a719af32d53be4f66db5ca1c621e5bf7365980a99,918,32,32,RGB,JPEG
cifake_v3_validation_real_0049,validation,real,0,CIFAKE,3,train,real,data/interim/cifake_source_v3/train/REAL/0353 (7).jpg,train/REAL/0353 (7).jpg,data/raw/prototype/real/cifake_v3_validation_real_0049.jpg,cd99f755abb49dd13b71bd26bb93c3e48a953f71f34f6e1d1c4ecf9cd4de05ac,cd99f755abb49dd13b71bd26bb93c3e48a953f71f34f6e1d1c4ecf9cd4de05ac,0208b672e55bdd402ad4391332c36aec9b6868395f08e443eee5b3c57261ba78,955,32,32,RGB,JPEG
cifake_v3_validation_real_0050,validation,real,0,CIFAKE,3,train,real,data/interim/cifake_source_v3/train/REAL/1361 (4).jpg,train/REAL/1361 (4).jpg,data/raw/prototype/real/cifake_v3_validation_real_0050.jpg,a17c9b71d7791e386bc169251ceae898724a4d5e1f1b65d7fdf0f4d5726752db,a17c9b71d7791e386bc169251ceae898724a4d5e1f1b65d7fdf0f4d5726752db,02092fe602477a7c7e93cf5d63c515c1e67ded32c53239a9a39d6fe7b445c4ce,935,32,32,RGB,JPEG
cifake_v3_validation_real_0051,validation,real,0,CIFAKE,3,train,real,data/interim/cifake_source_v3/train/REAL/3445 (2).jpg,train/REAL/3445 (2).jpg,data/raw/prototype/real/cifake_v3_validation_real_0051.jpg,c3063fe7461b71dbb4fa8a29efcbf1f718a1d4e55f38e8f0bb72874192eacd66,c3063fe7461b71dbb4fa8a29efcbf1f718a1d4e55f38e8f0bb72874192eacd66,02096964a2748a9e6e42e97512f02145a033445aed8d3aa6526fb492695d8376,938,32,32,RGB,JPEG
cifake_v3_validation_real_0052,validation,real,0,CIFAKE,3,train,real,data/interim/cifake_source_v3/train/REAL/0709 (4).jpg,train/REAL/0709 (4).jpg,data/raw/prototype/real/cifake_v3_validation_real_0052.jpg,c9fc7be9d79c4113812d5fa72ae8786ca73da0304c70c8684fd82586797d14a8,c9fc7be9d79c4113812d5fa72ae8786ca73da0304c70c8684fd82586797d14a8,020a3312239a747b820e46d1a93565e6ed7bc368dec6abdf377e8cd2250f3738,952,32,32,RGB,JPEG
cifake_v3_validation_real_0053,validation,real,0,CIFAKE,3,train,real,data/interim/cifake_source_v3/train/REAL/1736 (9).jpg,train/REAL/1736 (9).jpg,data/raw/prototype/real/cifake_v3_validation_real_0053.jpg,41d0241e9f0adcfa2fd9c896e0e9e10dc84d1987bf2851f31122fbd0da16a507,41d0241e9f0adcfa2fd9c896e0e9e10dc84d1987bf2851f31122fbd0da16a507,020b3a3cc57b0907b2501e63136046c3ee3cd4e0a5a596d8726a0be3a4240e99,906,32,32,RGB,JPEG
cifake_v3_validation_real_0054,validation,real,0,CIFAKE,3,train,real,data/interim/cifake_source_v3/train/REAL/3481 (4).jpg,train/REAL/3481 (4).jpg,data/raw/prototype/real/cifake_v3_validation_real_0054.jpg,43d0e5ed4c71e1351b95ca1f06a3db735d180fa00b56c4bc533f3a22d13bd9c7,43d0e5ed4c71e1351b95ca1f06a3db735d180fa00b56c4bc533f3a22d13bd9c7,020bc0215c8e5bb4ab41230c2e139782a1daf2d3f212c09e44a635c685a08c51,963,32,32,RGB,JPEG
cifake_v3_validation_real_0055,validation,real,0,CIFAKE,3,train,real,data/interim/cifake_source_v3/train/REAL/0113 (5).jpg,train/REAL/0113 (5).jpg,data/raw/prototype/real/cifake_v3_validation_real_0055.jpg,5ba6796d677db85c1aabfb0cfe95778ee866400d19397b53149fb43ee7c51cb9,5ba6796d677db85c1aabfb0cfe95778ee866400d19397b53149fb43ee7c51cb9,020fbc644a97ffd0aad4379f03057b280467c76732532c08e530e74471f96994,863,32,32,RGB,JPEG
cifake_v3_validation_real_0056,validation,real,0,CIFAKE,3,train,real,data/interim/cifake_source_v3/train/REAL/2647 (2).jpg,train/REAL/2647 (2).jpg,data/raw/prototype/real/cifake_v3_validation_real_0056.jpg,f1a0a48558a97617157751c3451f3b2c593b9f88f613a096ed200e405d79c4be,f1a0a48558a97617157751c3451f3b2c593b9f88f613a096ed200e405d79c4be,02106ccd567d03743349b6a61e0847c9cb6aa755f12a8ca4e645ecaab4fa59b3,971,32,32,RGB,JPEG
cifake_v3_validation_real_0057,validation,real,0,CIFAKE,3,train,real,data/interim/cifake_source_v3/train/REAL/4079 (7).jpg,train/REAL/4079 (7).jpg,data/raw/prototype/real/cifake_v3_validation_real_0057.jpg,bc42a2910d36c03d928bb5c9bc60874fe95e937250f75a8aa0fd8ac9592e63e3,bc42a2910d36c03d928bb5c9bc60874fe95e937250f75a8aa0fd8ac9592e63e3,021177acdedae9088aa1522cd15eab48e1b661a080519bdabe7e45773acc626c,1022,32,32,RGB,JPEG
cifake_v3_validation_real_0058,validation,real,0,CIFAKE,3,train,real,data/interim/cifake_source_v3/train/REAL/3433 (7).jpg,train/REAL/3433 (7).jpg,data/raw/prototype/real/cifake_v3_validation_real_0058.jpg,9f5f67add8e5f4df898b81a3633261deb5ed9e99b282c640d92489091ba74b7d,9f5f67add8e5f4df898b81a3633261deb5ed9e99b282c640d92489091ba74b7d,0214c6c57056bc9f608a47302e1c8baa4ce8f686e03167af02db7c00eefd513f,942,32,32,RGB,JPEG
cifake_v3_validation_real_0059,validation,real,0,CIFAKE,3,train,real,data/interim/cifake_source_v3/train/REAL/0932 (7).jpg,train/REAL/0932 (7).jpg,data/raw/prototype/real/cifake_v3_validation_real_0059.jpg,de2ccc7169410549d4180d924bd97d5cc9b4d438d2b674718ae16079ea692371,de2ccc7169410549d4180d924bd97d5cc9b4d438d2b674718ae16079ea692371,021598a80fb1c00a9117e16372a1b9df4366d45609d18f4a6448b399924634af,953,32,32,RGB,JPEG
cifake_v3_validation_real_0060,validation,real,0,CIFAKE,3,train,real,data/interim/cifake_source_v3/train/REAL/4491 (3).jpg,train/REAL/4491 (3).jpg,data/raw/prototype/real/cifake_v3_validation_real_0060.jpg,b380d48d5c8e84cab83fc5616233fdd289f4dcf225e83d5ee1a838ba79f87854,b380d48d5c8e84cab83fc5616233fdd289f4dcf225e83d5ee1a838ba79f87854,0215b2d7b6a36ee826a4eb57f00b3ce5890854ebc1c2154fe54b689f89f3b615,875,32,32,RGB,JPEG
cifake_v3_validation_real_0061,validation,real,0,CIFAKE,3,train,real,data/interim/cifake_source_v3/train/REAL/1989 (4).jpg,train/REAL/1989 (4).jpg,data/raw/prototype/real/cifake_v3_validation_real_0061.jpg,4e58627704f679609106448a9566a6e183ff2e587b3d90abf424fcea0b482c38,4e58627704f679609106448a9566a6e183ff2e587b3d90abf424fcea0b482c38,02165ad3d15ab4ea0e9772446dc50f288010d9103d855e4344283899a70a4ab2,955,32,32,RGB,JPEG
cifake_v3_validation_real_0062,validation,real,0,CIFAKE,3,train,real,data/interim/cifake_source_v3/train/REAL/1606 (6).jpg,train/REAL/1606 (6).jpg,data/raw/prototype/real/cifake_v3_validation_real_0062.jpg,db05cf6408365ef4404dda161746d0bed812f2400eda3be48a2442a3ea92544e,db05cf6408365ef4404dda161746d0bed812f2400eda3be48a2442a3ea92544e,0217c67a3c74e2229d2a3d1c088958d016e824f4b325982a03ec5ecaabad9fa2,910,32,32,RGB,JPEG
cifake_v3_validation_real_0063,validation,real,0,CIFAKE,3,train,real,data/interim/cifake_source_v3/train/REAL/0269.jpg,train/REAL/0269.jpg,data/raw/prototype/real/cifake_v3_validation_real_0063.jpg,f98474f2b89dbb46cf00d6755652e06abf1143ac0c6da31353f1741a7f424966,f98474f2b89dbb46cf00d6755652e06abf1143ac0c6da31353f1741a7f424966,021c35c3501bbb2e895659aa77b4c87c0954523382714535d10688ac837c9f54,841,32,32,RGB,JPEG
cifake_v3_validation_real_0064,validation,real,0,CIFAKE,3,train,real,data/interim/cifake_source_v3/train/REAL/0591 (9).jpg,train/REAL/0591 (9).jpg,data/raw/prototype/real/cifake_v3_validation_real_0064.jpg,1b9134dca797e45bec983beb4610d85886641c03eae37529a1923a0d11f92406,1b9134dca797e45bec983beb4610d85886641c03eae37529a1923a0d11f92406,021e74be4aa4c8b8984734f5387fc53e06ef27e656179d05c4d4778ca2e97588,960,32,32,RGB,JPEG
cifake_v3_validation_real_0065,validation,real,0,CIFAKE,3,train,real,data/interim/cifake_source_v3/train/REAL/4915 (2).jpg,train/REAL/4915 (2).jpg,data/raw/prototype/real/cifake_v3_validation_real_0065.jpg,0004eb6a7c19040fdf664e8c4d623633acd2fefce9de96a96ab337bf91317642,0004eb6a7c19040fdf664e8c4d623633acd2fefce9de96a96ab337bf91317642,021e923aa95d483804f5eb97315f002256a2531b8fe51163bdc8c687fe174580,902,32,32,RGB,JPEG
cifake_v3_validation_real_0066,validation,real,0,CIFAKE,3,train,real,data/interim/cifake_source_v3/train/REAL/4616 (2).jpg,train/REAL/4616 (2).jpg,data/raw/prototype/real/cifake_v3_validation_real_0066.jpg,956b36f9f3c3a3f11e0c13d69c19303f040e0375d2fdff7231a3a823afedf8b7,956b36f9f3c3a3f11e0c13d69c19303f040e0375d2fdff7231a3a823afedf8b7,021f7ba99a45d1cf1eda156679dbf2807db5609ba2e0a7f25de70f642001c00b,982,32,32,RGB,JPEG
cifake_v3_validation_real_0067,validation,real,0,CIFAKE,3,train,real,data/interim/cifake_source_v3/train/REAL/0876 (10).jpg,train/REAL/0876 (10).jpg,data/raw/prototype/real/cifake_v3_validation_real_0067.jpg,0c0f1770f1255f5fd746cda3cfa2023c4d9997e3766e7ecf9e114d7f9d68cea3,0c0f1770f1255f5fd746cda3cfa2023c4d9997e3766e7ecf9e114d7f9d68cea3,021f9ab1b46e6e270bbfd2ffb7f73b191365e7c5fb8c3b0b938545cc6626e881,984,32,32,RGB,JPEG
cifake_v3_validation_real_0068,validation,real,0,CIFAKE,3,train,real,data/interim/cifake_source_v3/train/REAL/1006 (8).jpg,train/REAL/1006 (8).jpg,data/raw/prototype/real/cifake_v3_validation_real_0068.jpg,237b43d1eedb9582a9f5f8d5eff35b66c5ce3e4cfdef4da8c6730e6b729859a0,237b43d1eedb9582a9f5f8d5eff35b66c5ce3e4cfdef4da8c6730e6b729859a0,02218721e07e63a016954c600f0436ccde0e02681d4f2c6b1fcfc356aa3ff643,926,32,32,RGB,JPEG
cifake_v3_validation_real_0069,validation,real,0,CIFAKE,3,train,real,data/interim/cifake_source_v3/train/REAL/3164 (8).jpg,train/REAL/3164 (8).jpg,data/raw/prototype/real/cifake_v3_validation_real_0069.jpg,31148f589a1096a5406a6d59a3099dfd90279195f264b4875abca70bbf491c0e,31148f589a1096a5406a6d59a3099dfd90279195f264b4875abca70bbf491c0e,022232826d21fbc937cf031ef56b2be05db38c40bba8a0d3677d559170335e2f,930,32,32,RGB,JPEG
cifake_v3_validation_real_0070,validation,real,0,CIFAKE,3,train,real,data/interim/cifake_source_v3/train/REAL/2815 (8).jpg,train/REAL/2815 (8).jpg,data/raw/prototype/real/cifake_v3_validation_real_0070.jpg,94b2c07f26571edfab9ea2d65681bc18472933cf29bddc1a115390a7b76a0e52,94b2c07f26571edfab9ea2d65681bc18472933cf29bddc1a115390a7b76a0e52,02226fd38cb03735b0a6ad341fd7993badfb64e408800e25709e0067645e5057,925,32,32,RGB,JPEG
cifake_v3_validation_real_0071,validation,real,0,CIFAKE,3,train,real,data/interim/cifake_source_v3/train/REAL/1180 (3).jpg,train/REAL/1180 (3).jpg,data/raw/prototype/real/cifake_v3_validation_real_0071.jpg,fd668738c6dbccd1b5ed5baf338a921a8d82802d0e3584169dab8541d777de32,fd668738c6dbccd1b5ed5baf338a921a8d82802d0e3584169dab8541d777de32,0222a8822d3bb280614eec7c1d47df3b67b79e98506ab0a04d4524fb1f2d59ee,839,32,32,RGB,JPEG
cifake_v3_validation_real_0072,validation,real,0,CIFAKE,3,train,real,data/interim/cifake_source_v3/train/REAL/3394 (2).jpg,train/REAL/3394 (2).jpg,data/raw/prototype/real/cifake_v3_validation_real_0072.jpg,baaecf659c15f34100e9f3f476d503018cb4b0b20770adda5626e637a8eafaed,baaecf659c15f34100e9f3f476d503018cb4b0b20770adda5626e637a8eafaed,0223f01556751c7f3ce970d86b548524c8e0f2b0c97e8f2970991b8ce574fe8d,918,32,32,RGB,JPEG
cifake_v3_validation_real_0073,validation,real,0,CIFAKE,3,train,real,data/interim/cifake_source_v3/train/REAL/1750.jpg,train/REAL/1750.jpg,data/raw/prototype/real/cifake_v3_validation_real_0073.jpg,7efb0114a6377b5aaa7acbb7495ac51718081c26d4e01930c1f7d08339fa46ba,7efb0114a6377b5aaa7acbb7495ac51718081c26d4e01930c1f7d08339fa46ba,02243a4f8274aa986f1bc45cfc0d295bd68943c8239fb682a9cd2d58d76fc3ec,878,32,32,RGB,JPEG
cifake_v3_validation_real_0074,validation,real,0,CIFAKE,3,train,real,data/interim/cifake_source_v3/train/REAL/0581 (6).jpg,train/REAL/0581 (6).jpg,data/raw/prototype/real/cifake_v3_validation_real_0074.jpg,8edd894b7bebc84457dda73ed825e8a93a1ebff3a897469d1490412c0cfc1826,8edd894b7bebc84457dda73ed825e8a93a1ebff3a897469d1490412c0cfc1826,0224c463b1097bec4c072e5e0a431a61156ad45329093678cb379d09ffcdae7b,925,32,32,RGB,JPEG
cifake_v3_validation_real_0075,validation,real,0,CIFAKE,3,train,real,data/interim/cifake_source_v3/train/REAL/0750 (3).jpg,train/REAL/0750 (3).jpg,data/raw/prototype/real/cifake_v3_validation_real_0075.jpg,6424189002befad521b7c3b776349e74d4f59674c9fe1733b8fd8d763e20c83f,6424189002befad521b7c3b776349e74d4f59674c9fe1733b8fd8d763e20c83f,0225af762216f2e0606e55e2a59ead42b2433cea7164312d9200ae9aa20afcc4,899,32,32,RGB,JPEG
cifake_v3_validation_ai_generated_0001,validation,ai_generated,1,CIFAKE,3,train,fake,data/interim/cifake_source_v3/train/FAKE/2610 (8).jpg,train/FAKE/2610 (8).jpg,data/raw/prototype/ai_generated/cifake_v3_validation_ai_generated_0001.jpg,d849f6028620be62f0976a138aa8292a34647996a66720a51704fd7403d8fd23,d849f6028620be62f0976a138aa8292a34647996a66720a51704fd7403d8fd23,01d68d9f9791237a476b2de835f45f65b26248ba394e4c7cb3435345814b754f,1008,32,32,RGB,JPEG
cifake_v3_validation_ai_generated_0002,validation,ai_generated,1,CIFAKE,3,train,fake,data/interim/cifake_source_v3/train/FAKE/1376 (9).jpg,train/FAKE/1376 (9).jpg,data/raw/prototype/ai_generated/cifake_v3_validation_ai_generated_0002.jpg,2ccdcc35a36d48cb7ce3a0b23561815d21752556f5d47c77c3f1a609c77f83da,2ccdcc35a36d48cb7ce3a0b23561815d21752556f5d47c77c3f1a609c77f83da,01dbb798889649c0211e2011b314b5f10a9dd316f83d9920f33bfdc96a82e4c1,863,32,32,RGB,JPEG
cifake_v3_validation_ai_generated_0003,validation,ai_generated,1,CIFAKE,3,train,fake,data/interim/cifake_source_v3/train/FAKE/3966 (4).jpg,train/FAKE/3966 (4).jpg,data/raw/prototype/ai_generated/cifake_v3_validation_ai_generated_0003.jpg,27bf26e4b8937d0c58549b39ec78bbb416b51d064efafb323b03b63eebff9dd4,27bf26e4b8937d0c58549b39ec78bbb416b51d064efafb323b03b63eebff9dd4,01dd86288066cdd55a7a03a68a85b963ea6c9094c1c4f29c6a43a96a5da47b3b,995,32,32,RGB,JPEG
cifake_v3_validation_ai_generated_0004,validation,ai_generated,1,CIFAKE,3,train,fake,data/interim/cifake_source_v3/train/FAKE/2585 (9).jpg,train/FAKE/2585 (9).jpg,data/raw/prototype/ai_generated/cifake_v3_validation_ai_generated_0004.jpg,36280356de31096718ab57f6f3533706dcf2b851352570e042f431ae68ce3363,36280356de31096718ab57f6f3533706dcf2b851352570e042f431ae68ce3363,01decd7435750ca238d3f03f6d7486661f136ffc7b2e23f38a3ea3ac6de7c807,944,32,32,RGB,JPEG
cifake_v3_validation_ai_generated_0005,validation,ai_generated,1,CIFAKE,3,train,fake,data/interim/cifake_source_v3/train/FAKE/1571 (2).jpg,train/FAKE/1571 (2).jpg,data/raw/prototype/ai_generated/cifake_v3_validation_ai_generated_0005.jpg,d8a66fecf6355472fe2c8d44db84d2c0f4759e0c816dd3b85991727987737c73,d8a66fecf6355472fe2c8d44db84d2c0f4759e0c816dd3b85991727987737c73,01e1c9914b10933abb1f276727b3bd31de2621dc81ab92c470abec581eba3997,874,32,32,RGB,JPEG
cifake_v3_validation_ai_generated_0006,validation,ai_generated,1,CIFAKE,3,train,fake,data/interim/cifake_source_v3/train/FAKE/1086 (9).jpg,train/FAKE/1086 (9).jpg,data/raw/prototype/ai_generated/cifake_v3_validation_ai_generated_0006.jpg,a9912d9ae649fdca63b64487e913f00d4405000dc769ecfe1f3c4b5bc736aaa8,a9912d9ae649fdca63b64487e913f00d4405000dc769ecfe1f3c4b5bc736aaa8,01e2c423933761a499f5af52d1437ad0cc1f761efd24d83ac8fbac222649be2d,814,32,32,RGB,JPEG
cifake_v3_validation_ai_generated_0007,validation,ai_generated,1,CIFAKE,3,train,fake,data/interim/cifake_source_v3/train/FAKE/1687 (7).jpg,train/FAKE/1687 (7).jpg,data/raw/prototype/ai_generated/cifake_v3_validation_ai_generated_0007.jpg,da8d4dbbd8a572410a18cc7355c45693a9edf27e1f559df0f12752becf0937c2,da8d4dbbd8a572410a18cc7355c45693a9edf27e1f559df0f12752becf0937c2,01e4f96f5edc1fa0729b328f2e42c57fe987ce5e12cfee6792cea1c3d1127139,993,32,32,RGB,JPEG
cifake_v3_validation_ai_generated_0008,validation,ai_generated,1,CIFAKE,3,train,fake,data/interim/cifake_source_v3/train/FAKE/1698 (10).jpg,train/FAKE/1698 (10).jpg,data/raw/prototype/ai_generated/cifake_v3_validation_ai_generated_0008.jpg,313baee2445bf616bcd0b563b3733ddd16250ee615b0c92bba87efdc342ad9bb,313baee2445bf616bcd0b563b3733ddd16250ee615b0c92bba87efdc342ad9bb,01e71d4a0ff8f9ad77221227d1c34ad868cbd6cf3af6980b6f8cc70f68017870,923,32,32,RGB,JPEG
cifake_v3_validation_ai_generated_0009,validation,ai_generated,1,CIFAKE,3,train,fake,data/interim/cifake_source_v3/train/FAKE/2103 (10).jpg,train/FAKE/2103 (10).jpg,data/raw/prototype/ai_generated/cifake_v3_validation_ai_generated_0009.jpg,ad9d6800e4acb0fed9c531c00a41e79ce11c45e2833dc3cb23d2db0379d3b81b,ad9d6800e4acb0fed9c531c00a41e79ce11c45e2833dc3cb23d2db0379d3b81b,01e797f6bccc16b0fe46517ab66290d726a162af21afbebe3283fde60514d3c8,970,32,32,RGB,JPEG
cifake_v3_validation_ai_generated_0010,validation,ai_generated,1,CIFAKE,3,train,fake,data/interim/cifake_source_v3/train/FAKE/2868.jpg,train/FAKE/2868.jpg,data/raw/prototype/ai_generated/cifake_v3_validation_ai_generated_0010.jpg,6eba099e5f8180fe7f1eae7e1c5b4fa4a686b5b7b7533b5f389027726e3256f0,6eba099e5f8180fe7f1eae7e1c5b4fa4a686b5b7b7533b5f389027726e3256f0,01ead288a67cbadf2a1d454b0eb9753a41cda2d5d1d2b3e596529aa3af8956e8,837,32,32,RGB,JPEG
cifake_v3_validation_ai_generated_0011,validation,ai_generated,1,CIFAKE,3,train,fake,data/interim/cifake_source_v3/train/FAKE/1383 (3).jpg,train/FAKE/1383 (3).jpg,data/raw/prototype/ai_generated/cifake_v3_validation_ai_generated_0011.jpg,8df2aed0fb9377effa0b1e88066c12b5dcce09a99b28b66415d0026b222fe6d3,8df2aed0fb9377effa0b1e88066c12b5dcce09a99b28b66415d0026b222fe6d3,01eb4550c81b683f742e75f19b1cfbb1a7c124acc985023ea54bf0fc4271f165,805,32,32,RGB,JPEG
cifake_v3_validation_ai_generated_0012,validation,ai_generated,1,CIFAKE,3,train,fake,data/interim/cifake_source_v3/train/FAKE/2639 (4).jpg,train/FAKE/2639 (4).jpg,data/raw/prototype/ai_generated/cifake_v3_validation_ai_generated_0012.jpg,91717cbe43b8d14b18bbe9f31b98dbf17f22c081e61f597c938f1978f250130a,91717cbe43b8d14b18bbe9f31b98dbf17f22c081e61f597c938f1978f250130a,01ebba61b7e2d38ad2d5fb540bf841805a824b91f3abb709dffb7c0c9b0a6f12,949,32,32,RGB,JPEG
cifake_v3_validation_ai_generated_0013,validation,ai_generated,1,CIFAKE,3,train,fake,data/interim/cifake_source_v3/train/FAKE/5322 (4).jpg,train/FAKE/5322 (4).jpg,data/raw/prototype/ai_generated/cifake_v3_validation_ai_generated_0013.jpg,115884fc9660bca0c875d35a3b30ad077ea78cb5fbde591e33123c5b6da3d48c,115884fc9660bca0c875d35a3b30ad077ea78cb5fbde591e33123c5b6da3d48c,01edeb4a4872c825a3a86a7f389bd2b75f53655e1b9de4b117c8581ac4c565e8,914,32,32,RGB,JPEG
cifake_v3_validation_ai_generated_0014,validation,ai_generated,1,CIFAKE,3,train,fake,data/interim/cifake_source_v3/train/FAKE/1593 (5).jpg,train/FAKE/1593 (5).jpg,data/raw/prototype/ai_generated/cifake_v3_validation_ai_generated_0014.jpg,94e0b8e37c179ea56df3d123ba0de80513a5b15a5be219bf26bb4f85b05dd20f,94e0b8e37c179ea56df3d123ba0de80513a5b15a5be219bf26bb4f85b05dd20f,01ef880d68d7f2836dec1e78c021b50a63d67273ae6158f0b098e2dffb6ad873,901,32,32,RGB,JPEG
cifake_v3_validation_ai_generated_0015,validation,ai_generated,1,CIFAKE,3,train,fake,data/interim/cifake_source_v3/train/FAKE/4150 (9).jpg,train/FAKE/4150 (9).jpg,data/raw/prototype/ai_generated/cifake_v3_validation_ai_generated_0015.jpg,232c6fe3d2b8d25d93dec94fc148fd7ca7a59dab4da77c983e49b4add84e3db7,232c6fe3d2b8d25d93dec94fc148fd7ca7a59dab4da77c983e49b4add84e3db7,01f06ad2a4ff914afb61e7c3a76f954d9ea589083d847988f02b0f0c33023fca,972,32,32,RGB,JPEG
cifake_v3_validation_ai_generated_0016,validation,ai_generated,1,CIFAKE,3,train,fake,data/interim/cifake_source_v3/train/FAKE/2654 (7).jpg,train/FAKE/2654 (7).jpg,data/raw/prototype/ai_generated/cifake_v3_validation_ai_generated_0016.jpg,0d1db2ff9335937862e4853431da51ec86487e0f0d60e1d6ab247e92da8b7844,0d1db2ff9335937862e4853431da51ec86487e0f0d60e1d6ab247e92da8b7844,01f1b71bd6a1a5f829a88cb6b88052e35c890278264d25e2e6a227128012ddb4,889,32,32,RGB,JPEG
cifake_v3_validation_ai_generated_0017,validation,ai_generated,1,CIFAKE,3,train,fake,data/interim/cifake_source_v3/train/FAKE/3153 (3).jpg,train/FAKE/3153 (3).jpg,data/raw/prototype/ai_generated/cifake_v3_validation_ai_generated_0017.jpg,f0571d1fa4fa9480cd52c22a29cbfdf2e50416ccded7399812e9e1e9330e85d0,f0571d1fa4fa9480cd52c22a29cbfdf2e50416ccded7399812e9e1e9330e85d0,01f39345afbf3bf5d3a55fa998ae877f01cc4fdfe66f8c4557e4aefed46b6dc9,786,32,32,RGB,JPEG
cifake_v3_validation_ai_generated_0018,validation,ai_generated,1,CIFAKE,3,train,fake,data/interim/cifake_source_v3/train/FAKE/4095 (3).jpg,train/FAKE/4095 (3).jpg,data/raw/prototype/ai_generated/cifake_v3_validation_ai_generated_0018.jpg,79d91186b27f49b7a0d3841a2385ade9baeef07b383572df8cfcb5784888d361,79d91186b27f49b7a0d3841a2385ade9baeef07b383572df8cfcb5784888d361,01f3f470dfd81291a94b224026bc619969aea23f407dbc3a521096a1b4680dfb,899,32,32,RGB,JPEG
cifake_v3_validation_ai_generated_0019,validation,ai_generated,1,CIFAKE,3,train,fake,data/interim/cifake_source_v3/train/FAKE/2394 (10).jpg,train/FAKE/2394 (10).jpg,data/raw/prototype/ai_generated/cifake_v3_validation_ai_generated_0019.jpg,44a0587ec4a8044714d8e14c0a57a55b439c7b7b2b744e7ddaa654dd7724fdaf,44a0587ec4a8044714d8e14c0a57a55b439c7b7b2b744e7ddaa654dd7724fdaf,01f41a999f3a84359f15eaeb1505dcaf7aac2879cc1316172030276510819ffe,914,32,32,RGB,JPEG
cifake_v3_validation_ai_generated_0020,validation,ai_generated,1,CIFAKE,3,train,fake,data/interim/cifake_source_v3/train/FAKE/4551 (5).jpg,train/FAKE/4551 (5).jpg,data/raw/prototype/ai_generated/cifake_v3_validation_ai_generated_0020.jpg,245b4a1437a58eaf15bb314e9ca515f34226c86b86f58cbb4ea4aa1abab8ec56,245b4a1437a58eaf15bb314e9ca515f34226c86b86f58cbb4ea4aa1abab8ec56,01f692b0ce8e0b7ef4070387e8cf09532f752674aa0f68244aa2048cb069baed,831,32,32,RGB,JPEG
cifake_v3_validation_ai_generated_0021,validation,ai_generated,1,CIFAKE,3,train,fake,data/interim/cifake_source_v3/train/FAKE/2921 (6).jpg,train/FAKE/2921 (6).jpg,data/raw/prototype/ai_generated/cifake_v3_validation_ai_generated_0021.jpg,cfb5079af43a653e928b7e2f5c6b26ff7af0686db89fbcbfa417e715b25aef1d,cfb5079af43a653e928b7e2f5c6b26ff7af0686db89fbcbfa417e715b25aef1d,01f87f1bf0e938f2e92ed577e04a4519db46f64c4194d480bf0e416b9aa3200d,933,32,32,RGB,JPEG
cifake_v3_validation_ai_generated_0022,validation,ai_generated,1,CIFAKE,3,train,fake,data/interim/cifake_source_v3/train/FAKE/2003 (7).jpg,train/FAKE/2003 (7).jpg,data/raw/prototype/ai_generated/cifake_v3_validation_ai_generated_0022.jpg,5124fe0accadc8e735c82bde656edfb7c315a46b5aed17402c0b485172634970,5124fe0accadc8e735c82bde656edfb7c315a46b5aed17402c0b485172634970,01f9764ebfaed24f23b9f1d1f3c0d8edcf48234c629e634d5704fc11cf0e3462,1028,32,32,RGB,JPEG
cifake_v3_validation_ai_generated_0023,validation,ai_generated,1,CIFAKE,3,train,fake,data/interim/cifake_source_v3/train/FAKE/1165 (2).jpg,train/FAKE/1165 (2).jpg,data/raw/prototype/ai_generated/cifake_v3_validation_ai_generated_0023.jpg,8ec8c1c396530af0ea23f315387cb954a5f258aed06c2a61a1a1e3aa51870676,8ec8c1c396530af0ea23f315387cb954a5f258aed06c2a61a1a1e3aa51870676,01fa88d884cc0f528db6684843b98bfa9830970086cdc24549af834ce1207199,957,32,32,RGB,JPEG
cifake_v3_validation_ai_generated_0024,validation,ai_generated,1,CIFAKE,3,train,fake,data/interim/cifake_source_v3/train/FAKE/2709 (9).jpg,train/FAKE/2709 (9).jpg,data/raw/prototype/ai_generated/cifake_v3_validation_ai_generated_0024.jpg,eb4dba04b3ea846fa6645f9ca76f4eae466c5e5cedb4144d741d3f3d722c00f7,eb4dba04b3ea846fa6645f9ca76f4eae466c5e5cedb4144d741d3f3d722c00f7,01fc2afc63e0436100bd27ab2e869a200b545b0b38bf1b13d5f530ee320507e0,846,32,32,RGB,JPEG
cifake_v3_validation_ai_generated_0025,validation,ai_generated,1,CIFAKE,3,train,fake,data/interim/cifake_source_v3/train/FAKE/1659 (4).jpg,train/FAKE/1659 (4).jpg,data/raw/prototype/ai_generated/cifake_v3_validation_ai_generated_0025.jpg,0de88558abf7ffcded99749d855b3ae74f7c246117832e5a780278949629615e,0de88558abf7ffcded99749d855b3ae74f7c246117832e5a780278949629615e,01fcabbcc51279e694af189562c0b2e218a14c88ce1fcc6a02d97f1119da6e32,1033,32,32,RGB,JPEG
cifake_v3_validation_ai_generated_0026,validation,ai_generated,1,CIFAKE,3,train,fake,data/interim/cifake_source_v3/train/FAKE/5696 (5).jpg,train/FAKE/5696 (5).jpg,data/raw/prototype/ai_generated/cifake_v3_validation_ai_generated_0026.jpg,1907d34be57261e02c82b75efeeb6db227959a00449a9918d74cf989316f37c7,1907d34be57261e02c82b75efeeb6db227959a00449a9918d74cf989316f37c7,01fea638857d87920cbdc12de9cf0023c9b81abd0015b3ddcd80988a98901445,975,32,32,RGB,JPEG
cifake_v3_validation_ai_generated_0027,validation,ai_generated,1,CIFAKE,3,train,fake,data/interim/cifake_source_v3/train/FAKE/5369 (7).jpg,train/FAKE/5369 (7).jpg,data/raw/prototype/ai_generated/cifake_v3_validation_ai_generated_0027.jpg,57da34047f40f14c1864e2c89adc79cba58813a104f2d3be82b0fe94db798595,57da34047f40f14c1864e2c89adc79cba58813a104f2d3be82b0fe94db798595,01ff304de514375c91335edac39c3b3a8d5d245ae1b73f956b12e234fd6d50b1,989,32,32,RGB,JPEG
cifake_v3_validation_ai_generated_0028,validation,ai_generated,1,CIFAKE,3,train,fake,data/interim/cifake_source_v3/train/FAKE/5374 (9).jpg,train/FAKE/5374 (9).jpg,data/raw/prototype/ai_generated/cifake_v3_validation_ai_generated_0028.jpg,1d0afbd23f50ccc0a52e3c184dfa78287dbfa39244edb15b2390158dea3c73c6,1d0afbd23f50ccc0a52e3c184dfa78287dbfa39244edb15b2390158dea3c73c6,0200dc9221f001cb415c53b1ac92a17a78cf93296d36c089e2ea5b68b8d269a8,834,32,32,RGB,JPEG
cifake_v3_validation_ai_generated_0029,validation,ai_generated,1,CIFAKE,3,train,fake,data/interim/cifake_source_v3/train/FAKE/1024 (4).jpg,train/FAKE/1024 (4).jpg,data/raw/prototype/ai_generated/cifake_v3_validation_ai_generated_0029.jpg,7a2eb672272ec5cfa0ba45214d0af657d92f18e7c91704cb29cb9efea252c5c6,7a2eb672272ec5cfa0ba45214d0af657d92f18e7c91704cb29cb9efea252c5c6,020114a54878c65d764f56b0e2c278ef7e45200e0235d0eafb2eff427472af79,1017,32,32,RGB,JPEG
cifake_v3_validation_ai_generated_0030,validation,ai_generated,1,CIFAKE,3,train,fake,data/interim/cifake_source_v3/train/FAKE/3112 (6).jpg,train/FAKE/3112 (6).jpg,data/raw/prototype/ai_generated/cifake_v3_validation_ai_generated_0030.jpg,fe07854e11d15b92dff5a38f5088ffc2a53dc81b4ad455b2210c11718aa0b600,fe07854e11d15b92dff5a38f5088ffc2a53dc81b4ad455b2210c11718aa0b600,0201b42ea4ca748ab10f9fc41862c4f34e10530efba6384bdab39545f408d8da,927,32,32,RGB,JPEG
cifake_v3_validation_ai_generated_0031,validation,ai_generated,1,CIFAKE,3,train,fake,data/interim/cifake_source_v3/train/FAKE/5628 (6).jpg,train/FAKE/5628 (6).jpg,data/raw/prototype/ai_generated/cifake_v3_validation_ai_generated_0031.jpg,1c2365d73984eaee7ee885b174d1f18129629fb10c6988ce47ac7e5a5501c626,1c2365d73984eaee7ee885b174d1f18129629fb10c6988ce47ac7e5a5501c626,02025c71f2b883b4861c17289e286742d1af6cf2635d4edd2907b13d67ac7108,963,32,32,RGB,JPEG
cifake_v3_validation_ai_generated_0032,validation,ai_generated,1,CIFAKE,3,train,fake,data/interim/cifake_source_v3/train/FAKE/2266 (5).jpg,train/FAKE/2266 (5).jpg,data/raw/prototype/ai_generated/cifake_v3_validation_ai_generated_0032.jpg,2be2c151c2f692d42cd3e565b240f17e1b402cfc1e06a77d793572dc66a7cd3f,2be2c151c2f692d42cd3e565b240f17e1b402cfc1e06a77d793572dc66a7cd3f,02039f9fcd2c3992797dec97dced81b4cabfbab89342caec6f2a9d44cad02932,829,32,32,RGB,JPEG
cifake_v3_validation_ai_generated_0033,validation,ai_generated,1,CIFAKE,3,train,fake,data/interim/cifake_source_v3/train/FAKE/4031 (8).jpg,train/FAKE/4031 (8).jpg,data/raw/prototype/ai_generated/cifake_v3_validation_ai_generated_0033.jpg,d43943b516f7aa809905eb6d78ffe1f8c890e6cf5c6f5f7ad5a83ba83c5cd094,d43943b516f7aa809905eb6d78ffe1f8c890e6cf5c6f5f7ad5a83ba83c5cd094,020453b63bfcacf082e6fa97e283ba9f7336bc6fc71bec3259757f181b18705d,917,32,32,RGB,JPEG
cifake_v3_validation_ai_generated_0034,validation,ai_generated,1,CIFAKE,3,train,fake,data/interim/cifake_source_v3/train/FAKE/3409 (7).jpg,train/FAKE/3409 (7).jpg,data/raw/prototype/ai_generated/cifake_v3_validation_ai_generated_0034.jpg,9d28bad3296dde63b616f59bc6e7d21fc6cdd499ff21cc6b69c5b42d555588e1,9d28bad3296dde63b616f59bc6e7d21fc6cdd499ff21cc6b69c5b42d555588e1,0205589897580a427f6f7fdd9dbda66222556ed7a816d76a8339070ac7e950fa,968,32,32,RGB,JPEG
cifake_v3_validation_ai_generated_0035,validation,ai_generated,1,CIFAKE,3,train,fake,data/interim/cifake_source_v3/train/FAKE/1860 (7).jpg,train/FAKE/1860 (7).jpg,data/raw/prototype/ai_generated/cifake_v3_validation_ai_generated_0035.jpg,3ab5172a63b33ec3a1a537392a6a082188c7ba93887ee1488f59c7586975f7bf,3ab5172a63b33ec3a1a537392a6a082188c7ba93887ee1488f59c7586975f7bf,020702f2a75747932ed5bac7adccc767e7e1b1523d7c6255a50b7261999acd2d,853,32,32,RGB,JPEG
cifake_v3_validation_ai_generated_0036,validation,ai_generated,1,CIFAKE,3,train,fake,data/interim/cifake_source_v3/train/FAKE/4654 (2).jpg,train/FAKE/4654 (2).jpg,data/raw/prototype/ai_generated/cifake_v3_validation_ai_generated_0036.jpg,428c41efd982a3c30a0923216827527370c2bb360c3989a6444e6f97ec0dd5d3,428c41efd982a3c30a0923216827527370c2bb360c3989a6444e6f97ec0dd5d3,0207647ad6b0679044ffe046237899e6dea2f4ad469b0c5cf9b4ed2a0929d110,989,32,32,RGB,JPEG
cifake_v3_validation_ai_generated_0037,validation,ai_generated,1,CIFAKE,3,train,fake,data/interim/cifake_source_v3/train/FAKE/4939 (9).jpg,train/FAKE/4939 (9).jpg,data/raw/prototype/ai_generated/cifake_v3_validation_ai_generated_0037.jpg,613c9110cef7a0a6171e39aa2e2775beac624e5ad02dd356315a9cac294044dc,613c9110cef7a0a6171e39aa2e2775beac624e5ad02dd356315a9cac294044dc,020782413aa0fff818a758fc3c268260e521f31cfd9c8d346fac3c386196d9a7,912,32,32,RGB,JPEG
cifake_v3_validation_ai_generated_0038,validation,ai_generated,1,CIFAKE,3,train,fake,data/interim/cifake_source_v3/train/FAKE/4028 (7).jpg,train/FAKE/4028 (7).jpg,data/raw/prototype/ai_generated/cifake_v3_validation_ai_generated_0038.jpg,16fc90416db26f9350d3b719339e758a6d69ab561efda05dd06c29502b45cc68,16fc90416db26f9350d3b719339e758a6d69ab561efda05dd06c29502b45cc68,020878964acba8573e72fdf3700f153c74544409cededb6ff15c5ba021c537db,1027,32,32,RGB,JPEG
cifake_v3_validation_ai_generated_0039,validation,ai_generated,1,CIFAKE,3,train,fake,data/interim/cifake_source_v3/train/FAKE/5564 (8).jpg,train/FAKE/5564 (8).jpg,data/raw/prototype/ai_generated/cifake_v3_validation_ai_generated_0039.jpg,bfbeb49de49b96d2dd86d8a708ed373dd8d29b4436a925e9268db0a4ab1603df,bfbeb49de49b96d2dd86d8a708ed373dd8d29b4436a925e9268db0a4ab1603df,020894b5675efee027fd09f8f662bec0a8812cfd1d6e4f1f0d0e29655b0b2471,924,32,32,RGB,JPEG
cifake_v3_validation_ai_generated_0040,validation,ai_generated,1,CIFAKE,3,train,fake,data/interim/cifake_source_v3/train/FAKE/3264 (4).jpg,train/FAKE/3264 (4).jpg,data/raw/prototype/ai_generated/cifake_v3_validation_ai_generated_0040.jpg,c0614e3b2fe427495e81e19fe6ecb45b759c64fc51d831985a90e460c1d1bf3c,c0614e3b2fe427495e81e19fe6ecb45b759c64fc51d831985a90e460c1d1bf3c,020988bce222d030efecd6634abed949e6a9375271bcb355269d8ad13adc741d,975,32,32,RGB,JPEG
cifake_v3_validation_ai_generated_0041,validation,ai_generated,1,CIFAKE,3,train,fake,data/interim/cifake_source_v3/train/FAKE/4296 (6).jpg,train/FAKE/4296 (6).jpg,data/raw/prototype/ai_generated/cifake_v3_validation_ai_generated_0041.jpg,b2861f2e0a9e096591bc9995cf602876c0bc42757b6e2410f40b25e16277a524,b2861f2e0a9e096591bc9995cf602876c0bc42757b6e2410f40b25e16277a524,020a36c9e15f4acb790df686ab3a35e277b1510527a227776c640a4f33a02993,841,32,32,RGB,JPEG
cifake_v3_validation_ai_generated_0042,validation,ai_generated,1,CIFAKE,3,train,fake,data/interim/cifake_source_v3/train/FAKE/5511 (8).jpg,train/FAKE/5511 (8).jpg,data/raw/prototype/ai_generated/cifake_v3_validation_ai_generated_0042.jpg,e810d5e79b7c968fc0df737ebdef3cb0c80fb380ee757c0a7465e7de329ffbbe,e810d5e79b7c968fc0df737ebdef3cb0c80fb380ee757c0a7465e7de329ffbbe,020a951d8e76000495c15388c11e901c8398ff0352d471abd8e9f827c11e9aa4,896,32,32,RGB,JPEG
cifake_v3_validation_ai_generated_0043,validation,ai_generated,1,CIFAKE,3,train,fake,data/interim/cifake_source_v3/train/FAKE/5750 (7).jpg,train/FAKE/5750 (7).jpg,data/raw/prototype/ai_generated/cifake_v3_validation_ai_generated_0043.jpg,72d249027b8db56b6f1905ffb0a4d914cf7daf35d69217e49ec648ade1c0c629,72d249027b8db56b6f1905ffb0a4d914cf7daf35d69217e49ec648ade1c0c629,020b8327c25a52fa78f9b095a6a7ea815c116c687f48f928ae3e0e97c4d4766d,899,32,32,RGB,JPEG
cifake_v3_validation_ai_generated_0044,validation,ai_generated,1,CIFAKE,3,train,fake,data/interim/cifake_source_v3/train/FAKE/2414.jpg,train/FAKE/2414.jpg,data/raw/prototype/ai_generated/cifake_v3_validation_ai_generated_0044.jpg,d532e824ac572e137b25f96d0180a4733e213f31390a2e3c723d4b89ccd961d5,d532e824ac572e137b25f96d0180a4733e213f31390a2e3c723d4b89ccd961d5,020bf5657ba2fc2a9fffc1478b1424bffc92aa0b3f341629e9aecb059abe8768,819,32,32,RGB,JPEG
cifake_v3_validation_ai_generated_0045,validation,ai_generated,1,CIFAKE,3,train,fake,data/interim/cifake_source_v3/train/FAKE/4516 (9).jpg,train/FAKE/4516 (9).jpg,data/raw/prototype/ai_generated/cifake_v3_validation_ai_generated_0045.jpg,f6945242c58a48285535940311b81068fd0548ac0a1d0c7bc45639deafff325b,f6945242c58a48285535940311b81068fd0548ac0a1d0c7bc45639deafff325b,020ccced2b146360c999876e83cc72a624c11f8d7a18fc8b4bcda7c5f4dcb955,891,32,32,RGB,JPEG
cifake_v3_validation_ai_generated_0046,validation,ai_generated,1,CIFAKE,3,train,fake,data/interim/cifake_source_v3/train/FAKE/5990 (9).jpg,train/FAKE/5990 (9).jpg,data/raw/prototype/ai_generated/cifake_v3_validation_ai_generated_0046.jpg,82d2c524b43f855e1372dd97c05f15e6748c248ac2626e5d5824531b689f5046,82d2c524b43f855e1372dd97c05f15e6748c248ac2626e5d5824531b689f5046,021060ff247562144857463153e4e8e360a6687bb9e736231ebe90189ea56ebe,880,32,32,RGB,JPEG
cifake_v3_validation_ai_generated_0047,validation,ai_generated,1,CIFAKE,3,train,fake,data/interim/cifake_source_v3/train/FAKE/1773 (8).jpg,train/FAKE/1773 (8).jpg,data/raw/prototype/ai_generated/cifake_v3_validation_ai_generated_0047.jpg,b2ef12ee7437f97000d3eb7328a3092f323a1f88670387cb8dc2f1f58a13f1ba,b2ef12ee7437f97000d3eb7328a3092f323a1f88670387cb8dc2f1f58a13f1ba,02108498bce27ad9722443a8a4df552a6414a0deed1311d9463fd2ad7022bd69,976,32,32,RGB,JPEG
cifake_v3_validation_ai_generated_0048,validation,ai_generated,1,CIFAKE,3,train,fake,data/interim/cifake_source_v3/train/FAKE/3981 (4).jpg,train/FAKE/3981 (4).jpg,data/raw/prototype/ai_generated/cifake_v3_validation_ai_generated_0048.jpg,f69a710de6ac7b6aa3cbdcb3b29f1d1c8647f962edf0d4e5270e9a68f19629b3,f69a710de6ac7b6aa3cbdcb3b29f1d1c8647f962edf0d4e5270e9a68f19629b3,02120aedc429a97113cdd4a58d6aaa3f914059c2e65f1b5b5bc0e359c1359a8f,995,32,32,RGB,JPEG
cifake_v3_validation_ai_generated_0049,validation,ai_generated,1,CIFAKE,3,train,fake,data/interim/cifake_source_v3/train/FAKE/4282.jpg,train/FAKE/4282.jpg,data/raw/prototype/ai_generated/cifake_v3_validation_ai_generated_0049.jpg,2f50fd1d817292e22c9e4dd24ac2fcde074d5ad1d0dd982c7f65b7cbbee89ecb,2f50fd1d817292e22c9e4dd24ac2fcde074d5ad1d0dd982c7f65b7cbbee89ecb,0213c299ce74b2c822880e93a4a5ac398fc743f2119d81ad3a64307af8cc1883,829,32,32,RGB,JPEG
cifake_v3_validation_ai_generated_0050,validation,ai_generated,1,CIFAKE,3,train,fake,data/interim/cifake_source_v3/train/FAKE/5241.jpg,train/FAKE/5241.jpg,data/raw/prototype/ai_generated/cifake_v3_validation_ai_generated_0050.jpg,a4952aae80c77718ea40b08a77a806b1e0a2428d27fa18db956b6c6151c8abde,a4952aae80c77718ea40b08a77a806b1e0a2428d27fa18db956b6c6151c8abde,0215f47b1b33da5352f28f9fb9738df3ad5fe21d87ac929fc52bd990cd5eec67,888,32,32,RGB,JPEG
cifake_v3_validation_ai_generated_0051,validation,ai_generated,1,CIFAKE,3,train,fake,data/interim/cifake_source_v3/train/FAKE/3309 (9).jpg,train/FAKE/3309 (9).jpg,data/raw/prototype/ai_generated/cifake_v3_validation_ai_generated_0051.jpg,ef6edb6cdb52fdb1f5450b8744088467edf7726799e8934cd98ef577db4a2761,ef6edb6cdb52fdb1f5450b8744088467edf7726799e8934cd98ef577db4a2761,021697f40789fb1e287304b7fe7f57fd7d7e349dbe40ed54c91188f7c54b6a62,783,32,32,RGB,JPEG
cifake_v3_validation_ai_generated_0052,validation,ai_generated,1,CIFAKE,3,train,fake,data/interim/cifake_source_v3/train/FAKE/4506 (8).jpg,train/FAKE/4506 (8).jpg,data/raw/prototype/ai_generated/cifake_v3_validation_ai_generated_0052.jpg,b39e4626e521c34b749f6b577c79b9a374df4e8a868ff4be8412cfd5ce89c89d,b39e4626e521c34b749f6b577c79b9a374df4e8a868ff4be8412cfd5ce89c89d,0216f6b14760b496218488c95485ea7ab8d754e85558a0534a1efa712b291a0d,1018,32,32,RGB,JPEG
cifake_v3_validation_ai_generated_0053,validation,ai_generated,1,CIFAKE,3,train,fake,data/interim/cifake_source_v3/train/FAKE/3479 (6).jpg,train/FAKE/3479 (6).jpg,data/raw/prototype/ai_generated/cifake_v3_validation_ai_generated_0053.jpg,86a8bb1231fe1532ae59f6076d4cc64624ef102916c186743034ca772f01f013,86a8bb1231fe1532ae59f6076d4cc64624ef102916c186743034ca772f01f013,0219a2e932d0821feddf089c9ecfd5aef37ea1628af4591a137484e549a2d210,1032,32,32,RGB,JPEG
cifake_v3_validation_ai_generated_0054,validation,ai_generated,1,CIFAKE,3,train,fake,data/interim/cifake_source_v3/train/FAKE/1667 (9).jpg,train/FAKE/1667 (9).jpg,data/raw/prototype/ai_generated/cifake_v3_validation_ai_generated_0054.jpg,f6c2ae2376be5e8cf6d8f19d0dfba17754ae0ab88fad406644bee345baa19427,f6c2ae2376be5e8cf6d8f19d0dfba17754ae0ab88fad406644bee345baa19427,0219d2269081bbdb41a5debc360d1c1aa62cbaa3be1788efd31bae25c9e0f26e,904,32,32,RGB,JPEG
cifake_v3_validation_ai_generated_0055,validation,ai_generated,1,CIFAKE,3,train,fake,data/interim/cifake_source_v3/train/FAKE/2395 (5).jpg,train/FAKE/2395 (5).jpg,data/raw/prototype/ai_generated/cifake_v3_validation_ai_generated_0055.jpg,81a032f7bade7dc387804fb24cc7b2f397802c69a5d1072dbdbd9980ef60e0c8,81a032f7bade7dc387804fb24cc7b2f397802c69a5d1072dbdbd9980ef60e0c8,021ac7fbef41db16f942da4fa73ca5192098faf21f88fb2438bc350df0af27f6,857,32,32,RGB,JPEG
cifake_v3_validation_ai_generated_0056,validation,ai_generated,1,CIFAKE,3,train,fake,data/interim/cifake_source_v3/train/FAKE/1843 (5).jpg,train/FAKE/1843 (5).jpg,data/raw/prototype/ai_generated/cifake_v3_validation_ai_generated_0056.jpg,2af31bba944379c4f02e9d22d590f3dc78fcc71e1c7257e283bc9f4fcd5244a7,2af31bba944379c4f02e9d22d590f3dc78fcc71e1c7257e283bc9f4fcd5244a7,021b6f27d55925a1180d1b9dac9520170ee9b038cf49bf18513c69655c71a5bc,895,32,32,RGB,JPEG
cifake_v3_validation_ai_generated_0057,validation,ai_generated,1,CIFAKE,3,train,fake,data/interim/cifake_source_v3/train/FAKE/3262 (2).jpg,train/FAKE/3262 (2).jpg,data/raw/prototype/ai_generated/cifake_v3_validation_ai_generated_0057.jpg,760e954155aec561eb66c29a30593e01881200f5cb7b2963b9441ab63818eeb9,760e954155aec561eb66c29a30593e01881200f5cb7b2963b9441ab63818eeb9,021d2885291d502f2682adfc538d6f66f7df462a56ce99e1d615b8bfa19e8829,876,32,32,RGB,JPEG
cifake_v3_validation_ai_generated_0058,validation,ai_generated,1,CIFAKE,3,train,fake,data/interim/cifake_source_v3/train/FAKE/3154 (7).jpg,train/FAKE/3154 (7).jpg,data/raw/prototype/ai_generated/cifake_v3_validation_ai_generated_0058.jpg,6a1913a06cd223b96d3e03aac39fbbe0f4697f88a14708940805da5d7cabac70,6a1913a06cd223b96d3e03aac39fbbe0f4697f88a14708940805da5d7cabac70,021ec76d19b87105cd26342798668eb3b13254dfa62a1af2562ae29ef2b05367,985,32,32,RGB,JPEG
cifake_v3_validation_ai_generated_0059,validation,ai_generated,1,CIFAKE,3,train,fake,data/interim/cifake_source_v3/train/FAKE/5082 (7).jpg,train/FAKE/5082 (7).jpg,data/raw/prototype/ai_generated/cifake_v3_validation_ai_generated_0059.jpg,09c1827e5e11724cbfd909fa0b8624a6abdb49d647a0122e7c5416e06a5a3953,09c1827e5e11724cbfd909fa0b8624a6abdb49d647a0122e7c5416e06a5a3953,021ed275a22bf1190660ac18e42ebc15da6f6989600c8fcde8350900e1ff42c3,915,32,32,RGB,JPEG
cifake_v3_validation_ai_generated_0060,validation,ai_generated,1,CIFAKE,3,train,fake,data/interim/cifake_source_v3/train/FAKE/5491 (8).jpg,train/FAKE/5491 (8).jpg,data/raw/prototype/ai_generated/cifake_v3_validation_ai_generated_0060.jpg,bfa8775ec821886025d38bf5e657b3254c94db9eb09cee7818720c3fd6ec38b0,bfa8775ec821886025d38bf5e657b3254c94db9eb09cee7818720c3fd6ec38b0,021edcf94b10c217d69755996e5489c601f6165facde4c6c7bd51cef7ec9d4d4,950,32,32,RGB,JPEG
cifake_v3_validation_ai_generated_0061,validation,ai_generated,1,CIFAKE,3,train,fake,data/interim/cifake_source_v3/train/FAKE/1998 (10).jpg,train/FAKE/1998 (10).jpg,data/raw/prototype/ai_generated/cifake_v3_validation_ai_generated_0061.jpg,509c141dccfbfa7cd16c4052e6cafdf1d1a4f666e5a7bd199a0c066b7559e75a,509c141dccfbfa7cd16c4052e6cafdf1d1a4f666e5a7bd199a0c066b7559e75a,021f03f88b8cc02d9766810c484246255223f02f2b779f5dc2168c19e6bdda7e,970,32,32,RGB,JPEG
cifake_v3_validation_ai_generated_0062,validation,ai_generated,1,CIFAKE,3,train,fake,data/interim/cifake_source_v3/train/FAKE/2290 (7).jpg,train/FAKE/2290 (7).jpg,data/raw/prototype/ai_generated/cifake_v3_validation_ai_generated_0062.jpg,567a1fa19da8422a614cf03370983035ccd472be343c775b7fbb2c94844dd463,567a1fa19da8422a614cf03370983035ccd472be343c775b7fbb2c94844dd463,021f6a96bf9dae71e2988f4e147837e7b0411350a74b9dc584ad588177231b4f,894,32,32,RGB,JPEG
cifake_v3_validation_ai_generated_0063,validation,ai_generated,1,CIFAKE,3,train,fake,data/interim/cifake_source_v3/train/FAKE/1309 (8).jpg,train/FAKE/1309 (8).jpg,data/raw/prototype/ai_generated/cifake_v3_validation_ai_generated_0063.jpg,0cdb978b649eb2149f956635643aea2afc71ae2508e7ebbdd032e69a03911e73,0cdb978b649eb2149f956635643aea2afc71ae2508e7ebbdd032e69a03911e73,02209fada29b62ecdc3bdad954450b0a5ead1c66fbf02e472175a6baa8e1f85e,927,32,32,RGB,JPEG
cifake_v3_validation_ai_generated_0064,validation,ai_generated,1,CIFAKE,3,train,fake,data/interim/cifake_source_v3/train/FAKE/3207 (8).jpg,train/FAKE/3207 (8).jpg,data/raw/prototype/ai_generated/cifake_v3_validation_ai_generated_0064.jpg,e53539f451ee3faa24e5e0346fd9d759e40a5ac0f34d5bb1fff8205333a5e242,e53539f451ee3faa24e5e0346fd9d759e40a5ac0f34d5bb1fff8205333a5e242,0221637e64c653dfb811e4c21b6cbb0b801a79920beb0a9e44bd8473c4092909,930,32,32,RGB,JPEG
cifake_v3_validation_ai_generated_0065,validation,ai_generated,1,CIFAKE,3,train,fake,data/interim/cifake_source_v3/train/FAKE/3547 (6).jpg,train/FAKE/3547 (6).jpg,data/raw/prototype/ai_generated/cifake_v3_validation_ai_generated_0065.jpg,17a47449b3a950bf74bb4a739de648ae0471f336e1263b1475279bdfef84cc59,17a47449b3a950bf74bb4a739de648ae0471f336e1263b1475279bdfef84cc59,0226b395d840d6c071cf633d4d264c7ab0b3be835d54b5c3e0c0bf4935dc535f,987,32,32,RGB,JPEG
cifake_v3_validation_ai_generated_0066,validation,ai_generated,1,CIFAKE,3,train,fake,data/interim/cifake_source_v3/train/FAKE/4888 (4).jpg,train/FAKE/4888 (4).jpg,data/raw/prototype/ai_generated/cifake_v3_validation_ai_generated_0066.jpg,7a3b5cf2e5eb5b9feefb5c255274a28ad33051eca711093f08b30f1f0e320649,7a3b5cf2e5eb5b9feefb5c255274a28ad33051eca711093f08b30f1f0e320649,0227b03a42408efb9314dee91936eccc183d20a1a42d018e298de6dba7ed3adb,1038,32,32,RGB,JPEG
cifake_v3_validation_ai_generated_0067,validation,ai_generated,1,CIFAKE,3,train,fake,data/interim/cifake_source_v3/train/FAKE/3656.jpg,train/FAKE/3656.jpg,data/raw/prototype/ai_generated/cifake_v3_validation_ai_generated_0067.jpg,5f24091f0b9596925d34fcd1f650423fb3dcb3ce6a81a7831666a449f5339c68,5f24091f0b9596925d34fcd1f650423fb3dcb3ce6a81a7831666a449f5339c68,022947108d01ca86401ba4aef21e06e42aaa9f89b138dd9f57bda94a3e174a3c,903,32,32,RGB,JPEG
cifake_v3_validation_ai_generated_0068,validation,ai_generated,1,CIFAKE,3,train,fake,data/interim/cifake_source_v3/train/FAKE/4692 (2).jpg,train/FAKE/4692 (2).jpg,data/raw/prototype/ai_generated/cifake_v3_validation_ai_generated_0068.jpg,59530957ed9c9687fa5485d86bd64a59e6de1e87a1f31cf3f714493587f5eea6,59530957ed9c9687fa5485d86bd64a59e6de1e87a1f31cf3f714493587f5eea6,0229ad36cb5ce9c694a940f02d02629cd25edf9fa84135190dbca9a3d3c911f7,926,32,32,RGB,JPEG
cifake_v3_validation_ai_generated_0069,validation,ai_generated,1,CIFAKE,3,train,fake,data/interim/cifake_source_v3/train/FAKE/4892 (6).jpg,train/FAKE/4892 (6).jpg,data/raw/prototype/ai_generated/cifake_v3_validation_ai_generated_0069.jpg,be0a6200afba82f140246a62d6d1aebb50d18b654e089c7e82ee321ec2784f09,be0a6200afba82f140246a62d6d1aebb50d18b654e089c7e82ee321ec2784f09,022aaf848b1e3a96e71b8281936d179b3ad239ef4658d21af01c42eb8506caee,1037,32,32,RGB,JPEG
cifake_v3_validation_ai_generated_0070,validation,ai_generated,1,CIFAKE,3,train,fake,data/interim/cifake_source_v3/train/FAKE/3774 (9).jpg,train/FAKE/3774 (9).jpg,data/raw/prototype/ai_generated/cifake_v3_validation_ai_generated_0070.jpg,031e2822426693287ce5d8f1edf6daff7e6f6074ce0add2e3129403c4883ebc4,031e2822426693287ce5d8f1edf6daff7e6f6074ce0add2e3129403c4883ebc4,022bf9f3ed6e69dfe54a5a38fa3b0a9c0d23eaee377d305cbfcdb085b46a436b,1034,32,32,RGB,JPEG
cifake_v3_validation_ai_generated_0071,validation,ai_generated,1,CIFAKE,3,train,fake,data/interim/cifake_source_v3/train/FAKE/1986 (10).jpg,train/FAKE/1986 (10).jpg,data/raw/prototype/ai_generated/cifake_v3_validation_ai_generated_0071.jpg,50a34bb0b1fe7a9889b18adbdce7bbdd55ebf0c3922cfaea3ecc2524c8cc7e28,50a34bb0b1fe7a9889b18adbdce7bbdd55ebf0c3922cfaea3ecc2524c8cc7e28,022c1cab37e84c387a96511ac39a83d4e6f548f3c4c36d754fc4347dc72ba23b,853,32,32,RGB,JPEG
cifake_v3_validation_ai_generated_0072,validation,ai_generated,1,CIFAKE,3,train,fake,data/interim/cifake_source_v3/train/FAKE/3310 (7).jpg,train/FAKE/3310 (7).jpg,data/raw/prototype/ai_generated/cifake_v3_validation_ai_generated_0072.jpg,c4ab55652dd682355ebd62f4fa3ae85814fc2fd750bf1b4d4b3c20de9fb978e1,c4ab55652dd682355ebd62f4fa3ae85814fc2fd750bf1b4d4b3c20de9fb978e1,022e7f5e81311846ae2dc9b0e5522d3d08ea02c3edc6f2528da6f753f4e5fd1f,926,32,32,RGB,JPEG
cifake_v3_validation_ai_generated_0073,validation,ai_generated,1,CIFAKE,3,train,fake,data/interim/cifake_source_v3/train/FAKE/3943 (6).jpg,train/FAKE/3943 (6).jpg,data/raw/prototype/ai_generated/cifake_v3_validation_ai_generated_0073.jpg,d4536fe833c71aab0c14fd9e929718fd9425b078ef36e31ee7cf62e3bb4e1cd9,d4536fe833c71aab0c14fd9e929718fd9425b078ef36e31ee7cf62e3bb4e1cd9,022f9cd5951651049ba8626542e252e478b16ca603ee62f59f62123422cfc0e9,946,32,32,RGB,JPEG
cifake_v3_validation_ai_generated_0074,validation,ai_generated,1,CIFAKE,3,train,fake,data/interim/cifake_source_v3/train/FAKE/2495 (7).jpg,train/FAKE/2495 (7).jpg,data/raw/prototype/ai_generated/cifake_v3_validation_ai_generated_0074.jpg,dc617efd93f65e6c5c86787deaba20b0a081b3804e393aed82e4c00929bf92a6,dc617efd93f65e6c5c86787deaba20b0a081b3804e393aed82e4c00929bf92a6,02302a6977ee0da2c8deed9e37be23609ee6294f3be0a33002515c06f62b2e8e,980,32,32,RGB,JPEG
cifake_v3_validation_ai_generated_0075,validation,ai_generated,1,CIFAKE,3,train,fake,data/interim/cifake_source_v3/train/FAKE/4168 (2).jpg,train/FAKE/4168 (2).jpg,data/raw/prototype/ai_generated/cifake_v3_validation_ai_generated_0075.jpg,5d03a6c2712e8a18203c89a3ab6c20c92d14233bf9e9cad89dfc8a8307f11cb0,5d03a6c2712e8a18203c89a3ab6c20c92d14233bf9e9cad89dfc8a8307f11cb0,0230c5f6d18df2aaa65d6e9261483827cade76610b8e17156c713a68251042a8,1015,32,32,RGB,JPEG
cifake_v3_test_real_0001,test,real,0,CIFAKE,3,test,real,data/interim/cifake_source_v3/test/REAL/0816 (3).jpg,test/REAL/0816 (3).jpg,data/raw/prototype/real/cifake_v3_test_real_0001.jpg,73b767a5bbefe3ab355996ddc7535f6a122048c3b4c0b383c650cf38eaa9d932,73b767a5bbefe3ab355996ddc7535f6a122048c3b4c0b383c650cf38eaa9d932,00096c2cb9225e62fc929889d71c670b450b2078e8cb78a2729bba6a33340ec7,882,32,32,RGB,JPEG
cifake_v3_test_real_0002,test,real,0,CIFAKE,3,test,real,data/interim/cifake_source_v3/test/REAL/0473.jpg,test/REAL/0473.jpg,data/raw/prototype/real/cifake_v3_test_real_0002.jpg,44a1c59fceb1c3662239b06b0b901368aebbe595aa00b88db93b5c5136fd5dd7,44a1c59fceb1c3662239b06b0b901368aebbe595aa00b88db93b5c5136fd5dd7,000a57f3a72c7506b9dfc23470493ce6f82dd9d131af3f82d7e9a1b363d98add,906,32,32,RGB,JPEG
cifake_v3_test_real_0003,test,real,0,CIFAKE,3,test,real,data/interim/cifake_source_v3/test/REAL/0124 (5).jpg,test/REAL/0124 (5).jpg,data/raw/prototype/real/cifake_v3_test_real_0003.jpg,023fa0b7965c73141e946ed69b7f9793ccafcb7c18b319b65ab08d52db08fdde,023fa0b7965c73141e946ed69b7f9793ccafcb7c18b319b65ab08d52db08fdde,001a7aaf3d79a0e5a0dc7b2b6746b5ea2adfefc499917e1c380da40b5f08ac34,884,32,32,RGB,JPEG
cifake_v3_test_real_0004,test,real,0,CIFAKE,3,test,real,data/interim/cifake_source_v3/test/REAL/0605 (4).jpg,test/REAL/0605 (4).jpg,data/raw/prototype/real/cifake_v3_test_real_0004.jpg,f38915a1a4cc4e30c705f66e96fd520a5268f11d28a3cc33796877d69830d3b9,f38915a1a4cc4e30c705f66e96fd520a5268f11d28a3cc33796877d69830d3b9,00282553cc7b763e6faafb235040510cbba2521027165d7383ad8aea09d0735f,926,32,32,RGB,JPEG
cifake_v3_test_real_0005,test,real,0,CIFAKE,3,test,real,data/interim/cifake_source_v3/test/REAL/0400.jpg,test/REAL/0400.jpg,data/raw/prototype/real/cifake_v3_test_real_0005.jpg,95b185200a641ff1a178ea0c1f097bf6b64a90b1e10344ec0fbe57db0bdab87c,95b185200a641ff1a178ea0c1f097bf6b64a90b1e10344ec0fbe57db0bdab87c,003b6903d00cb1bbfbebe8404418c47c478c01deaed03fb8bbebf410abeeda12,899,32,32,RGB,JPEG
cifake_v3_test_real_0006,test,real,0,CIFAKE,3,test,real,data/interim/cifake_source_v3/test/REAL/0721 (2).jpg,test/REAL/0721 (2).jpg,data/raw/prototype/real/cifake_v3_test_real_0006.jpg,639856e62f9405d1f9fe2405fcf5f5b13c52e927b8348c70999e5bc0b292824a,639856e62f9405d1f9fe2405fcf5f5b13c52e927b8348c70999e5bc0b292824a,003d646d6d20b86a3100240b4d343a842f82396f803b7940a650943aed2a570f,969,32,32,RGB,JPEG
cifake_v3_test_real_0007,test,real,0,CIFAKE,3,test,real,data/interim/cifake_source_v3/test/REAL/0185 (4).jpg,test/REAL/0185 (4).jpg,data/raw/prototype/real/cifake_v3_test_real_0007.jpg,0c9bad9156842374b11cb34733dce0be885b610598edae559465531e2d7c95e8,0c9bad9156842374b11cb34733dce0be885b610598edae559465531e2d7c95e8,003f29c745d7a03e92f0e658a7510d8df6b5a6d9b97c3a4ef68637596934ad0f,837,32,32,RGB,JPEG
cifake_v3_test_real_0008,test,real,0,CIFAKE,3,test,real,data/interim/cifake_source_v3/test/REAL/0924 (8).jpg,test/REAL/0924 (8).jpg,data/raw/prototype/real/cifake_v3_test_real_0008.jpg,e1389ba5879d2be2ddd6add20d1a0850fe4782666d46289f5fc7f245a4d7865d,e1389ba5879d2be2ddd6add20d1a0850fe4782666d46289f5fc7f245a4d7865d,0042be5a787cf43d6f0c7207fde2ad57b120afd5fff43a072071e646927b53c4,981,32,32,RGB,JPEG
cifake_v3_test_real_0009,test,real,0,CIFAKE,3,test,real,data/interim/cifake_source_v3/test/REAL/0365 (7).jpg,test/REAL/0365 (7).jpg,data/raw/prototype/real/cifake_v3_test_real_0009.jpg,9880a34dc852f2d102ad0e7d898664e25990a8096008defe7779dd2c681ec61c,9880a34dc852f2d102ad0e7d898664e25990a8096008defe7779dd2c681ec61c,0044a8d8234f5e29572de8143641f5d064db95c30833ef5ef41ba6b8bf64c4d6,933,32,32,RGB,JPEG
cifake_v3_test_real_0010,test,real,0,CIFAKE,3,test,real,data/interim/cifake_source_v3/test/REAL/0729 (7).jpg,test/REAL/0729 (7).jpg,data/raw/prototype/real/cifake_v3_test_real_0010.jpg,a9ce01cee956b85f82285a103fe12e35e653bf88efaf1f2ff161d132b00c6574,a9ce01cee956b85f82285a103fe12e35e653bf88efaf1f2ff161d132b00c6574,004bde273cea4d5acd3ff860423153b5767f3ebead8e862652c5965cb02adc6e,912,32,32,RGB,JPEG
cifake_v3_test_real_0011,test,real,0,CIFAKE,3,test,real,data/interim/cifake_source_v3/test/REAL/0809 (5).jpg,test/REAL/0809 (5).jpg,data/raw/prototype/real/cifake_v3_test_real_0011.jpg,b57e1823946601779a82f00b4198ec703865ee166f98c87abef60cc72e61ce86,b57e1823946601779a82f00b4198ec703865ee166f98c87abef60cc72e61ce86,004c3a0e237c8bdd04644cb291815abd24deab70e3ac68e7eaeef01e8825c266,887,32,32,RGB,JPEG
cifake_v3_test_real_0012,test,real,0,CIFAKE,3,test,real,data/interim/cifake_source_v3/test/REAL/0621.jpg,test/REAL/0621.jpg,data/raw/prototype/real/cifake_v3_test_real_0012.jpg,af09633a87138fe87e319adace617c7c527beb80a430dcc0e77b5015123beddf,af09633a87138fe87e319adace617c7c527beb80a430dcc0e77b5015123beddf,0055ba2778ed9ce197b39bbdcd1539ab3fc3d418a53fa7312f207f008668d942,937,32,32,RGB,JPEG
cifake_v3_test_real_0013,test,real,0,CIFAKE,3,test,real,data/interim/cifake_source_v3/test/REAL/0579 (10).jpg,test/REAL/0579 (10).jpg,data/raw/prototype/real/cifake_v3_test_real_0013.jpg,05aa588cd35b3473befa70b6c954784cd77398fedce595342f4c8acb7a68a9cf,05aa588cd35b3473befa70b6c954784cd77398fedce595342f4c8acb7a68a9cf,005ac2b1fab872f8f288667a6804d31e979cd0e533d0f0215649f4beb2c8346a,944,32,32,RGB,JPEG
cifake_v3_test_real_0014,test,real,0,CIFAKE,3,test,real,data/interim/cifake_source_v3/test/REAL/0480 (9).jpg,test/REAL/0480 (9).jpg,data/raw/prototype/real/cifake_v3_test_real_0014.jpg,6875113fbcc109938d5f57a2b178906b5fb61a6fcc4ae2268c7582db2b48e070,6875113fbcc109938d5f57a2b178906b5fb61a6fcc4ae2268c7582db2b48e070,005c039922b6153ac709a65c582c20dcbdf3384f04dbcbab95e2990a60e1163f,902,32,32,RGB,JPEG
cifake_v3_test_real_0015,test,real,0,CIFAKE,3,test,real,data/interim/cifake_source_v3/test/REAL/0420 (4).jpg,test/REAL/0420 (4).jpg,data/raw/prototype/real/cifake_v3_test_real_0015.jpg,eaa4bf15368c56722e19edd39509838582d9b43e82a8552d917a75d188c68f55,eaa4bf15368c56722e19edd39509838582d9b43e82a8552d917a75d188c68f55,005c6efb0e6e9840abfa22aeecafa1c6802c5fc41c940fef2e5d95fdb741b6ec,851,32,32,RGB,JPEG
cifake_v3_test_real_0016,test,real,0,CIFAKE,3,test,real,data/interim/cifake_source_v3/test/REAL/0225 (10).jpg,test/REAL/0225 (10).jpg,data/raw/prototype/real/cifake_v3_test_real_0016.jpg,189d6a457c4153b96b8ab78b1c33d4e90e743a03a157d13816eca4eff5432cb6,189d6a457c4153b96b8ab78b1c33d4e90e743a03a157d13816eca4eff5432cb6,0066e7feebc1fa2c18975e791cc9d4f65dde17a51367df40ac646368eb54325a,1012,32,32,RGB,JPEG
cifake_v3_test_real_0017,test,real,0,CIFAKE,3,test,real,data/interim/cifake_source_v3/test/REAL/0918 (6).jpg,test/REAL/0918 (6).jpg,data/raw/prototype/real/cifake_v3_test_real_0017.jpg,7965ff31ac90d0851e8ac17c0655d53b9858b191d49d69ed283318fb08e918d5,7965ff31ac90d0851e8ac17c0655d53b9858b191d49d69ed283318fb08e918d5,006bef4da11e6314dd4d8e81ad6ef2c13d006ad20ace3ab30b41b2cf39e02692,975,32,32,RGB,JPEG
cifake_v3_test_real_0018,test,real,0,CIFAKE,3,test,real,data/interim/cifake_source_v3/test/REAL/0973 (6).jpg,test/REAL/0973 (6).jpg,data/raw/prototype/real/cifake_v3_test_real_0018.jpg,bdc458365b16e4f36fe616979cbfa5cfc75eb6f06f34ed2e5cebb047f5a32722,bdc458365b16e4f36fe616979cbfa5cfc75eb6f06f34ed2e5cebb047f5a32722,006cf61a35a05d8a6cc22f0fd0f9b76696b1614af4e639ed2aee093ffb53f50d,933,32,32,RGB,JPEG
cifake_v3_test_real_0019,test,real,0,CIFAKE,3,test,real,data/interim/cifake_source_v3/test/REAL/0717 (5).jpg,test/REAL/0717 (5).jpg,data/raw/prototype/real/cifake_v3_test_real_0019.jpg,fc640a2cbecaf774b30bb44b870962a2bbc1bf7eadb8fa7024bfdc0f444fa81d,fc640a2cbecaf774b30bb44b870962a2bbc1bf7eadb8fa7024bfdc0f444fa81d,0071a42c2c1cd637462beb915d98d8d06cbcadc0f60a2438d8d2703ef9ea4627,889,32,32,RGB,JPEG
cifake_v3_test_real_0020,test,real,0,CIFAKE,3,test,real,data/interim/cifake_source_v3/test/REAL/0933 (3).jpg,test/REAL/0933 (3).jpg,data/raw/prototype/real/cifake_v3_test_real_0020.jpg,fdca623a2770f98723025872d51cce8493334f8064f5df1471af27c065ce2172,fdca623a2770f98723025872d51cce8493334f8064f5df1471af27c065ce2172,00762b89400892e3bf30d101483c19e8a720280e607ad4d1efc82c938ec4b5c8,870,32,32,RGB,JPEG
cifake_v3_test_real_0021,test,real,0,CIFAKE,3,test,real,data/interim/cifake_source_v3/test/REAL/0047 (9).jpg,test/REAL/0047 (9).jpg,data/raw/prototype/real/cifake_v3_test_real_0021.jpg,1b5798bc0a8329744df506cad841d282c6e6a6c7a7fcd95d7124fdb52001af04,1b5798bc0a8329744df506cad841d282c6e6a6c7a7fcd95d7124fdb52001af04,007ada2d6a22edda85a7fb73d1ccffb022b6451854321e22f6ad0e40af5d0f0f,919,32,32,RGB,JPEG
cifake_v3_test_real_0022,test,real,0,CIFAKE,3,test,real,data/interim/cifake_source_v3/test/REAL/0409 (6).jpg,test/REAL/0409 (6).jpg,data/raw/prototype/real/cifake_v3_test_real_0022.jpg,eddfdac044a3f571ff29a8c0ae7f60918c84c4a8e11210caf9afe01c0a782f71,eddfdac044a3f571ff29a8c0ae7f60918c84c4a8e11210caf9afe01c0a782f71,007d7ce0f18b366e90630d2da11d6bbc500dab8959ab49603a415a1eefe2a7ef,915,32,32,RGB,JPEG
cifake_v3_test_real_0023,test,real,0,CIFAKE,3,test,real,data/interim/cifake_source_v3/test/REAL/0793 (8).jpg,test/REAL/0793 (8).jpg,data/raw/prototype/real/cifake_v3_test_real_0023.jpg,79a946ff82ee71d6e21cebc944fb8465c2939b1c7e165dfa7a23f10edf5d923c,79a946ff82ee71d6e21cebc944fb8465c2939b1c7e165dfa7a23f10edf5d923c,008168def4dbb2ef992d381ff18db2af62dc579131b569f841baec5ed31e4f25,851,32,32,RGB,JPEG
cifake_v3_test_real_0024,test,real,0,CIFAKE,3,test,real,data/interim/cifake_source_v3/test/REAL/0444 (10).jpg,test/REAL/0444 (10).jpg,data/raw/prototype/real/cifake_v3_test_real_0024.jpg,0378ecc0a0d3e6ec8355a8474c6b16e6e82dca1d14a88c078a894817cd98f765,0378ecc0a0d3e6ec8355a8474c6b16e6e82dca1d14a88c078a894817cd98f765,00897b6a0ceeb801156fa3177686be800a1f7272365df997b15647f96c9a0e6e,895,32,32,RGB,JPEG
cifake_v3_test_real_0025,test,real,0,CIFAKE,3,test,real,data/interim/cifake_source_v3/test/REAL/0017 (2).jpg,test/REAL/0017 (2).jpg,data/raw/prototype/real/cifake_v3_test_real_0025.jpg,2792de48c01df183d1c9b2358e491d2e917716ee7254a4ff9eb7b7ec19103788,2792de48c01df183d1c9b2358e491d2e917716ee7254a4ff9eb7b7ec19103788,008bb995b8a64e88a4bde3e7448c623b92cec8f765fa536d1adf96a3393989c9,946,32,32,RGB,JPEG
cifake_v3_test_real_0026,test,real,0,CIFAKE,3,test,real,data/interim/cifake_source_v3/test/REAL/0657 (4).jpg,test/REAL/0657 (4).jpg,data/raw/prototype/real/cifake_v3_test_real_0026.jpg,77331b884f9c092da178534e823105901d6a9dbd4763791ecf9bb44e26e75578,77331b884f9c092da178534e823105901d6a9dbd4763791ecf9bb44e26e75578,008ded92e846056f6cc0cf8ae40e8a4676b2bac7c5a9d5a9876c66437c967b21,923,32,32,RGB,JPEG
cifake_v3_test_real_0027,test,real,0,CIFAKE,3,test,real,data/interim/cifake_source_v3/test/REAL/0841.jpg,test/REAL/0841.jpg,data/raw/prototype/real/cifake_v3_test_real_0027.jpg,1cb8433bcbfb92514b617f12804167681ea1b0b3988e16bba6c1d937292a0c1a,1cb8433bcbfb92514b617f12804167681ea1b0b3988e16bba6c1d937292a0c1a,009f2a5fa4cc35745efa8a174f3256f7178ed256bbf56db6a38ea8f87da368ea,891,32,32,RGB,JPEG
cifake_v3_test_real_0028,test,real,0,CIFAKE,3,test,real,data/interim/cifake_source_v3/test/REAL/0892 (2).jpg,test/REAL/0892 (2).jpg,data/raw/prototype/real/cifake_v3_test_real_0028.jpg,62befb27fc6f935dbd8050392b1fafb05557cf40355d84c150883e54a526c22a,62befb27fc6f935dbd8050392b1fafb05557cf40355d84c150883e54a526c22a,009f6ed3ab1bc5b35810c0fd8f29f68ee30772388ccb42369785ea297143d187,950,32,32,RGB,JPEG
cifake_v3_test_real_0029,test,real,0,CIFAKE,3,test,real,data/interim/cifake_source_v3/test/REAL/0106 (7).jpg,test/REAL/0106 (7).jpg,data/raw/prototype/real/cifake_v3_test_real_0029.jpg,f3f0c22fc28efbcee8b2e64bcaa8804117510b0feb0b6864654ef108dddba995,f3f0c22fc28efbcee8b2e64bcaa8804117510b0feb0b6864654ef108dddba995,00a24516a8ed037c355d72b57ba8bc4a02e7e135de7340bea123b0f85ffddc43,951,32,32,RGB,JPEG
cifake_v3_test_real_0030,test,real,0,CIFAKE,3,test,real,data/interim/cifake_source_v3/test/REAL/0312 (9).jpg,test/REAL/0312 (9).jpg,data/raw/prototype/real/cifake_v3_test_real_0030.jpg,69e36e136c190b286a098d81ae1f39d5a69dfd1616141d43ab8fb188274d6515,69e36e136c190b286a098d81ae1f39d5a69dfd1616141d43ab8fb188274d6515,00a3de78f42bd662c9f5b7f7bb8d2d7b2044c47b168cdf14324f9285ff96eae1,913,32,32,RGB,JPEG
cifake_v3_test_real_0031,test,real,0,CIFAKE,3,test,real,data/interim/cifake_source_v3/test/REAL/0269 (10).jpg,test/REAL/0269 (10).jpg,data/raw/prototype/real/cifake_v3_test_real_0031.jpg,52a676da23b0a2e8bdf90ac9344daa76b8c69797150617456ac62784e7f69263,52a676da23b0a2e8bdf90ac9344daa76b8c69797150617456ac62784e7f69263,00b3157f3d2a392233258d73daef2380c9f45c31d43ffd2b6ba0cf5574cadd36,1017,32,32,RGB,JPEG
cifake_v3_test_real_0032,test,real,0,CIFAKE,3,test,real,data/interim/cifake_source_v3/test/REAL/0269 (6).jpg,test/REAL/0269 (6).jpg,data/raw/prototype/real/cifake_v3_test_real_0032.jpg,c0d4c6ae7a3d21bc07b3de7aa44ce1d281cc17558d775a96c17615af2b3f24c1,c0d4c6ae7a3d21bc07b3de7aa44ce1d281cc17558d775a96c17615af2b3f24c1,00b9cf7d4599028dd56a5f42f25db00ff7eec7df34ec8e769b8dba1a4f5e77c3,1001,32,32,RGB,JPEG
cifake_v3_test_real_0033,test,real,0,CIFAKE,3,test,real,data/interim/cifake_source_v3/test/REAL/0452 (4).jpg,test/REAL/0452 (4).jpg,data/raw/prototype/real/cifake_v3_test_real_0033.jpg,359e5734e05570eec1a5cc3e74a28ed34e1635105c30757ce30962c6b20f9909,359e5734e05570eec1a5cc3e74a28ed34e1635105c30757ce30962c6b20f9909,00c6dd012568a056b38e95785277642d26f9bc985834afadb3e7b691fdd96424,932,32,32,RGB,JPEG
cifake_v3_test_real_0034,test,real,0,CIFAKE,3,test,real,data/interim/cifake_source_v3/test/REAL/0678 (6).jpg,test/REAL/0678 (6).jpg,data/raw/prototype/real/cifake_v3_test_real_0034.jpg,2e8c4a4a965b3d8507f0ef3973efdcf0a679d858a3aa8d54c1b77b2db53fcb62,2e8c4a4a965b3d8507f0ef3973efdcf0a679d858a3aa8d54c1b77b2db53fcb62,00cad863e76dd14aece32de00521edd0302f2e79942cc5200f8d804578a535a4,938,32,32,RGB,JPEG
cifake_v3_test_real_0035,test,real,0,CIFAKE,3,test,real,data/interim/cifake_source_v3/test/REAL/0178.jpg,test/REAL/0178.jpg,data/raw/prototype/real/cifake_v3_test_real_0035.jpg,c682719f03059819b5f7d6b8128ac6794e9f1987140a3b70c0a8eb74e10a4148,c682719f03059819b5f7d6b8128ac6794e9f1987140a3b70c0a8eb74e10a4148,00d154c6bc743495c1871c27867681e1994f1051ffef3569ca8be6314c10c0e0,908,32,32,RGB,JPEG
cifake_v3_test_real_0036,test,real,0,CIFAKE,3,test,real,data/interim/cifake_source_v3/test/REAL/0222 (2).jpg,test/REAL/0222 (2).jpg,data/raw/prototype/real/cifake_v3_test_real_0036.jpg,7867e41c688cdb54288fd5d6cb2d47cd35d50d0c3ba20cf45222adab589fcd70,7867e41c688cdb54288fd5d6cb2d47cd35d50d0c3ba20cf45222adab589fcd70,00d6de5ed8f085b9784ab4ef467d5bf7962447fa877b323bdc4945acbc2b32e7,958,32,32,RGB,JPEG
cifake_v3_test_real_0037,test,real,0,CIFAKE,3,test,real,data/interim/cifake_source_v3/test/REAL/0811 (2).jpg,test/REAL/0811 (2).jpg,data/raw/prototype/real/cifake_v3_test_real_0037.jpg,f64d957ce53dc2366e87b34a7a61be2a8dd845d1bc069c1de03c6a2165fdb10f,f64d957ce53dc2366e87b34a7a61be2a8dd845d1bc069c1de03c6a2165fdb10f,00dc74b5d209e2b547bb202ee14fac3fcc56e174356c49e2143f151d4ca0e76e,970,32,32,RGB,JPEG
cifake_v3_test_real_0038,test,real,0,CIFAKE,3,test,real,data/interim/cifake_source_v3/test/REAL/0000 (3).jpg,test/REAL/0000 (3).jpg,data/raw/prototype/real/cifake_v3_test_real_0038.jpg,d516a1455632512c5df87abba8ffc79a2558d361e308275925aebc0629cf9d23,d516a1455632512c5df87abba8ffc79a2558d361e308275925aebc0629cf9d23,00e51aeea9eebaac7a9e30cb78c3c9fbc27e860d442306d9bf1a8edf5521e08c,933,32,32,RGB,JPEG
cifake_v3_test_real_0039,test,real,0,CIFAKE,3,test,real,data/interim/cifake_source_v3/test/REAL/0549 (5).jpg,test/REAL/0549 (5).jpg,data/raw/prototype/real/cifake_v3_test_real_0039.jpg,e38c010c52a99778b5167ebaf4ebc54669322a6299a7019249151eb2c79cdc67,e38c010c52a99778b5167ebaf4ebc54669322a6299a7019249151eb2c79cdc67,00e9388437bf65996e9f78ca90bc7480a820560552b149abd3038ccc9f71b38e,907,32,32,RGB,JPEG
cifake_v3_test_real_0040,test,real,0,CIFAKE,3,test,real,data/interim/cifake_source_v3/test/REAL/0806.jpg,test/REAL/0806.jpg,data/raw/prototype/real/cifake_v3_test_real_0040.jpg,3a7534a9fa201d833feb90b8131467072c21766f86c4a57704d22a97f3f33535,3a7534a9fa201d833feb90b8131467072c21766f86c4a57704d22a97f3f33535,00eafcb6b6f9e06d60046bccaa44ca589e07794686b79ca8a2701818dc728598,987,32,32,RGB,JPEG
cifake_v3_test_real_0041,test,real,0,CIFAKE,3,test,real,data/interim/cifake_source_v3/test/REAL/0000 (9).jpg,test/REAL/0000 (9).jpg,data/raw/prototype/real/cifake_v3_test_real_0041.jpg,a76f03c0efeab946ad3e6613cbdfcb39051ba4798cea548021fb7defe14f4b30,a76f03c0efeab946ad3e6613cbdfcb39051ba4798cea548021fb7defe14f4b30,00ef4253ecfa4f00dd45ec5ecd519c4d6963b0ab61be9db9ac0d1ae933cd9917,917,32,32,RGB,JPEG
cifake_v3_test_real_0042,test,real,0,CIFAKE,3,test,real,data/interim/cifake_source_v3/test/REAL/0635 (9).jpg,test/REAL/0635 (9).jpg,data/raw/prototype/real/cifake_v3_test_real_0042.jpg,3955da871fe2448ebf782a87da5923424bfb461e60dc96b64868fe34ee7e14c6,3955da871fe2448ebf782a87da5923424bfb461e60dc96b64868fe34ee7e14c6,00f2134ceb484ded8802a8b79c0e9db41f4feb8c92f5c644226d737e8f6730d3,916,32,32,RGB,JPEG
cifake_v3_test_real_0043,test,real,0,CIFAKE,3,test,real,data/interim/cifake_source_v3/test/REAL/0383 (8).jpg,test/REAL/0383 (8).jpg,data/raw/prototype/real/cifake_v3_test_real_0043.jpg,4b81cc1945fe99d223c19b29ce60c29f497fb3701c37acabed3be115a279ae90,4b81cc1945fe99d223c19b29ce60c29f497fb3701c37acabed3be115a279ae90,00f3fde8bb408822f30fb21254d6e841c2d292c816c3f2e0b3b8733546c3310a,985,32,32,RGB,JPEG
cifake_v3_test_real_0044,test,real,0,CIFAKE,3,test,real,data/interim/cifake_source_v3/test/REAL/0374 (4).jpg,test/REAL/0374 (4).jpg,data/raw/prototype/real/cifake_v3_test_real_0044.jpg,ea4d4ea562d3ad924112c60aa8f47c790d9d8ea73ac19fdf3277ee4c5bb5b88b,ea4d4ea562d3ad924112c60aa8f47c790d9d8ea73ac19fdf3277ee4c5bb5b88b,00f6a89ddffa9201307b86f8f514e9867015096b8c38c5b9c147420555fce1a5,917,32,32,RGB,JPEG
cifake_v3_test_real_0045,test,real,0,CIFAKE,3,test,real,data/interim/cifake_source_v3/test/REAL/0267 (3).jpg,test/REAL/0267 (3).jpg,data/raw/prototype/real/cifake_v3_test_real_0045.jpg,ede4a6ae03f2cc77449535c2fc89bfaedf7c24f6fed38a4edffe17eb8bd53926,ede4a6ae03f2cc77449535c2fc89bfaedf7c24f6fed38a4edffe17eb8bd53926,00fdfd531b9f9bdac74c5510a8f65a28c7d0d9c4bf8bf75680a58ae6ef8ff849,847,32,32,RGB,JPEG
cifake_v3_test_real_0046,test,real,0,CIFAKE,3,test,real,data/interim/cifake_source_v3/test/REAL/0043 (2).jpg,test/REAL/0043 (2).jpg,data/raw/prototype/real/cifake_v3_test_real_0046.jpg,65de3c7226cc5f2c92b2077d5db74065a8df40f501373b274981c009e7f8c1a9,65de3c7226cc5f2c92b2077d5db74065a8df40f501373b274981c009e7f8c1a9,010101ed8b5bd9de949949ac55a932d76087fbfa03cbc818166b15faf37f4e6c,910,32,32,RGB,JPEG
cifake_v3_test_real_0047,test,real,0,CIFAKE,3,test,real,data/interim/cifake_source_v3/test/REAL/0343 (8).jpg,test/REAL/0343 (8).jpg,data/raw/prototype/real/cifake_v3_test_real_0047.jpg,714ac905b20765974bd6308d762c7a21bf6db33310bf7622280e53dde629cbd8,714ac905b20765974bd6308d762c7a21bf6db33310bf7622280e53dde629cbd8,01072325edad9ba8431a7364927418fd96475e8f6264dd3fe0bac18710e800e0,996,32,32,RGB,JPEG
cifake_v3_test_real_0048,test,real,0,CIFAKE,3,test,real,data/interim/cifake_source_v3/test/REAL/0638 (4).jpg,test/REAL/0638 (4).jpg,data/raw/prototype/real/cifake_v3_test_real_0048.jpg,7726b541807ac96d313cd455a6629b515dbc2ae77cf9e379d0c200dc032de8da,7726b541807ac96d313cd455a6629b515dbc2ae77cf9e379d0c200dc032de8da,0108d0304cc20242d8a4303ddde4155f9320a1eac228ac1d45df36f61db18377,886,32,32,RGB,JPEG
cifake_v3_test_real_0049,test,real,0,CIFAKE,3,test,real,data/interim/cifake_source_v3/test/REAL/0644 (7).jpg,test/REAL/0644 (7).jpg,data/raw/prototype/real/cifake_v3_test_real_0049.jpg,40a73f623dd12396173f9a5de4556cbc8049faa15918f9145cd24b50be3b1ee9,40a73f623dd12396173f9a5de4556cbc8049faa15918f9145cd24b50be3b1ee9,0122ab63318cfa74e034eaf23c37aa9cc245c13eed4835e26758ebf19b34d7d5,913,32,32,RGB,JPEG
cifake_v3_test_real_0050,test,real,0,CIFAKE,3,test,real,data/interim/cifake_source_v3/test/REAL/0938 (7).jpg,test/REAL/0938 (7).jpg,data/raw/prototype/real/cifake_v3_test_real_0050.jpg,9247aa300f6ef22ccaa768328fe75e5f4f16960d39dbe6cec21e495cfb42e2fb,9247aa300f6ef22ccaa768328fe75e5f4f16960d39dbe6cec21e495cfb42e2fb,012370d312859a89c0c6d37c856f7c19a56972e7d66a45f5535b7a74c16f5d56,888,32,32,RGB,JPEG
cifake_v3_test_real_0051,test,real,0,CIFAKE,3,test,real,data/interim/cifake_source_v3/test/REAL/0214 (4).jpg,test/REAL/0214 (4).jpg,data/raw/prototype/real/cifake_v3_test_real_0051.jpg,0d6435facd4056ed84d76be65299900ef6871dd1132d70b5d7c01baa43c93e7a,0d6435facd4056ed84d76be65299900ef6871dd1132d70b5d7c01baa43c93e7a,0125ec9fe48a4dc8ff23e65c0f1934f51a4e40a6bf2a98290af3ce915105291e,917,32,32,RGB,JPEG
cifake_v3_test_real_0052,test,real,0,CIFAKE,3,test,real,data/interim/cifake_source_v3/test/REAL/0723 (2).jpg,test/REAL/0723 (2).jpg,data/raw/prototype/real/cifake_v3_test_real_0052.jpg,645eeb6732f09fc83a109f68ae5b0d0cd5ad9717b4e3362ee77e830cf302c0d0,645eeb6732f09fc83a109f68ae5b0d0cd5ad9717b4e3362ee77e830cf302c0d0,0135962cb9410eca3e27c34b4f8033c0fa4442bde5271ed94176397ae79fb984,994,32,32,RGB,JPEG
cifake_v3_test_real_0053,test,real,0,CIFAKE,3,test,real,data/interim/cifake_source_v3/test/REAL/0945 (6).jpg,test/REAL/0945 (6).jpg,data/raw/prototype/real/cifake_v3_test_real_0053.jpg,f37929f5efc2b48ddfd230f1f6166f8ce2ca18a5839293b864f949de368f3d9c,f37929f5efc2b48ddfd230f1f6166f8ce2ca18a5839293b864f949de368f3d9c,0137880ada561660b6b610389ce4c7fee92dff25612c62dc369d116c31d020a2,957,32,32,RGB,JPEG
cifake_v3_test_real_0054,test,real,0,CIFAKE,3,test,real,data/interim/cifake_source_v3/test/REAL/0438 (5).jpg,test/REAL/0438 (5).jpg,data/raw/prototype/real/cifake_v3_test_real_0054.jpg,907955af4fb4f99c7e839b19f9112c5186cd474265a4f9acd53d78bdbf6c9006,907955af4fb4f99c7e839b19f9112c5186cd474265a4f9acd53d78bdbf6c9006,0148545e7a9f36b7f29e54e128bf515be596ef05929aeb5ea575150706495d5d,972,32,32,RGB,JPEG
cifake_v3_test_real_0055,test,real,0,CIFAKE,3,test,real,data/interim/cifake_source_v3/test/REAL/0047 (10).jpg,test/REAL/0047 (10).jpg,data/raw/prototype/real/cifake_v3_test_real_0055.jpg,0efc65d0ceb5645d797ad03c3bf1ad17164747b03028df0281a01ac4c88b4ee6,0efc65d0ceb5645d797ad03c3bf1ad17164747b03028df0281a01ac4c88b4ee6,014a41295e99e2b6a4224b0e435fdcb111d63fceedb73a9629ce545df4439873,937,32,32,RGB,JPEG
cifake_v3_test_real_0056,test,real,0,CIFAKE,3,test,real,data/interim/cifake_source_v3/test/REAL/0221 (9).jpg,test/REAL/0221 (9).jpg,data/raw/prototype/real/cifake_v3_test_real_0056.jpg,717422172c6eb71e8a0b5a85672baa49c8ed5e1c7d5cde430f51435d2f21ba0b,717422172c6eb71e8a0b5a85672baa49c8ed5e1c7d5cde430f51435d2f21ba0b,014b8676ee18254d30b362f2633c9fb7782a7badf5b0edf1a3dff08163fc6c4d,903,32,32,RGB,JPEG
cifake_v3_test_real_0057,test,real,0,CIFAKE,3,test,real,data/interim/cifake_source_v3/test/REAL/0719 (5).jpg,test/REAL/0719 (5).jpg,data/raw/prototype/real/cifake_v3_test_real_0057.jpg,6a129a4a69522e5a390f2d3a0546472b9f61fd4bd1aa0deed33961bb24d1d355,6a129a4a69522e5a390f2d3a0546472b9f61fd4bd1aa0deed33961bb24d1d355,01508410a6357771f1ca2c90b7e7570632c320abb251550e6a59751204325f2a,899,32,32,RGB,JPEG
cifake_v3_test_real_0058,test,real,0,CIFAKE,3,test,real,data/interim/cifake_source_v3/test/REAL/0885 (4).jpg,test/REAL/0885 (4).jpg,data/raw/prototype/real/cifake_v3_test_real_0058.jpg,8ee2322f2916b81781175e1117575cce2682bd7dd3e398861951a6cf110c663b,8ee2322f2916b81781175e1117575cce2682bd7dd3e398861951a6cf110c663b,015182a52427ed1cd81c35aa3c89f21e8221d9bcabde5d8b7b2fbda99241ab3b,872,32,32,RGB,JPEG
cifake_v3_test_real_0059,test,real,0,CIFAKE,3,test,real,data/interim/cifake_source_v3/test/REAL/0518 (4).jpg,test/REAL/0518 (4).jpg,data/raw/prototype/real/cifake_v3_test_real_0059.jpg,afccc6a5534cd8affa9bbcb772adf9ab7e52e9a36bb26c30de47c0b261e18c12,afccc6a5534cd8affa9bbcb772adf9ab7e52e9a36bb26c30de47c0b261e18c12,015bc221031e2dd3a0e0d7da0946f6f7598c9d9a9ddbcc88fb12150871575b08,927,32,32,RGB,JPEG
cifake_v3_test_real_0060,test,real,0,CIFAKE,3,test,real,data/interim/cifake_source_v3/test/REAL/0852 (4).jpg,test/REAL/0852 (4).jpg,data/raw/prototype/real/cifake_v3_test_real_0060.jpg,b9da82185361cac5ee350f0207386e7802f094a28cf5c5670d605eb8c72b290c,b9da82185361cac5ee350f0207386e7802f094a28cf5c5670d605eb8c72b290c,01794c34afaa5f9ea02471ec29eede02d79725cf171f6077173cad7aafe7c17b,914,32,32,RGB,JPEG
cifake_v3_test_real_0061,test,real,0,CIFAKE,3,test,real,data/interim/cifake_source_v3/test/REAL/0277 (9).jpg,test/REAL/0277 (9).jpg,data/raw/prototype/real/cifake_v3_test_real_0061.jpg,90df63ec17c84a80ecb94583e01a08c62d69084b6a017ce709f3aace4b0a99c2,90df63ec17c84a80ecb94583e01a08c62d69084b6a017ce709f3aace4b0a99c2,0183914b9aeee7638c874a8af09a71c5f766b69b94b4865307f86c9d1b6fa2ae,1019,32,32,RGB,JPEG
cifake_v3_test_real_0062,test,real,0,CIFAKE,3,test,real,data/interim/cifake_source_v3/test/REAL/0640 (8).jpg,test/REAL/0640 (8).jpg,data/raw/prototype/real/cifake_v3_test_real_0062.jpg,779e75cee14e5d0047d4e96e5756da14ffd0abae4776a7e31b8b7e0abafe58a6,779e75cee14e5d0047d4e96e5756da14ffd0abae4776a7e31b8b7e0abafe58a6,018bd174fabeec12b438a2363c15c9dd5b1b188dcce1149a4333a4749067455f,965,32,32,RGB,JPEG
cifake_v3_test_real_0063,test,real,0,CIFAKE,3,test,real,data/interim/cifake_source_v3/test/REAL/0254 (2).jpg,test/REAL/0254 (2).jpg,data/raw/prototype/real/cifake_v3_test_real_0063.jpg,c7f75753c8d9a85d17d5291c6307e91ffb9ea43f87b6935d3aa387358aeeac5c,c7f75753c8d9a85d17d5291c6307e91ffb9ea43f87b6935d3aa387358aeeac5c,019ce69a3c8cfe7feeb017f038235b04faddcb265c254975c68fff4dd1b21825,997,32,32,RGB,JPEG
cifake_v3_test_real_0064,test,real,0,CIFAKE,3,test,real,data/interim/cifake_source_v3/test/REAL/0635 (7).jpg,test/REAL/0635 (7).jpg,data/raw/prototype/real/cifake_v3_test_real_0064.jpg,73da8f11cda52d62f4afc67f81f131144439bc1443c305700de0e2d8092e6f4e,73da8f11cda52d62f4afc67f81f131144439bc1443c305700de0e2d8092e6f4e,01a6a948e77c588fff75c09b16f870f0a2b84a3ebea06d49b82186a51365b77a,944,32,32,RGB,JPEG
cifake_v3_test_real_0065,test,real,0,CIFAKE,3,test,real,data/interim/cifake_source_v3/test/REAL/0409 (5).jpg,test/REAL/0409 (5).jpg,data/raw/prototype/real/cifake_v3_test_real_0065.jpg,822a9ce96ff03a12edc19f3eaa3917e7ed0b7327601b9547dc3c007003b35f60,822a9ce96ff03a12edc19f3eaa3917e7ed0b7327601b9547dc3c007003b35f60,01ae98f4c91b1e68a37543c4635677c4f83e0ae8b6c3d507249bf444eda50fb1,900,32,32,RGB,JPEG
cifake_v3_test_real_0066,test,real,0,CIFAKE,3,test,real,data/interim/cifake_source_v3/test/REAL/0145 (4).jpg,test/REAL/0145 (4).jpg,data/raw/prototype/real/cifake_v3_test_real_0066.jpg,bd85ad71be972b78226280fe2170cb5b715751f46b900a6c41cef29663c7a2f6,bd85ad71be972b78226280fe2170cb5b715751f46b900a6c41cef29663c7a2f6,01c0356990f08b86da036dd536701c12b1772456acf0ed7ebeb55f77d1df63d5,921,32,32,RGB,JPEG
cifake_v3_test_real_0067,test,real,0,CIFAKE,3,test,real,data/interim/cifake_source_v3/test/REAL/0057 (6).jpg,test/REAL/0057 (6).jpg,data/raw/prototype/real/cifake_v3_test_real_0067.jpg,b37cf6330b64064f776796772949f1f9858a059a10d41c26e83497d353fe279e,b37cf6330b64064f776796772949f1f9858a059a10d41c26e83497d353fe279e,01c1399e5192049c7e6db8ffc441bf98c19b88a10bdccad1920d251cc73375a2,898,32,32,RGB,JPEG
cifake_v3_test_real_0068,test,real,0,CIFAKE,3,test,real,data/interim/cifake_source_v3/test/REAL/0304 (6).jpg,test/REAL/0304 (6).jpg,data/raw/prototype/real/cifake_v3_test_real_0068.jpg,2404c06db67587ec1682c4022c92dc43f17f3e3fe34328d35ae599aa23179018,2404c06db67587ec1682c4022c92dc43f17f3e3fe34328d35ae599aa23179018,01c2c4fe038c9604a3c3612d238ca7461dfc7f913e1ada12d83fa02f25d03cca,1003,32,32,RGB,JPEG
cifake_v3_test_real_0069,test,real,0,CIFAKE,3,test,real,data/interim/cifake_source_v3/test/REAL/0791 (4).jpg,test/REAL/0791 (4).jpg,data/raw/prototype/real/cifake_v3_test_real_0069.jpg,39342e1576d27576bad9c6d41c6b9eea220ab9bb7dbf424b65b7dc37771caa53,39342e1576d27576bad9c6d41c6b9eea220ab9bb7dbf424b65b7dc37771caa53,01c3439493087b3797d9e126955467a1937643fce53b0673311337f2ee8fac66,944,32,32,RGB,JPEG
cifake_v3_test_real_0070,test,real,0,CIFAKE,3,test,real,data/interim/cifake_source_v3/test/REAL/0376 (6).jpg,test/REAL/0376 (6).jpg,data/raw/prototype/real/cifake_v3_test_real_0070.jpg,634e100ecdedf05c80691c065f162375a83e31294b53313dbdb110f069ce4fb8,634e100ecdedf05c80691c065f162375a83e31294b53313dbdb110f069ce4fb8,01ca93f5c0e6096f27694cb9f98fffbee5dfd3208e84243245b86a443424833b,939,32,32,RGB,JPEG
cifake_v3_test_real_0071,test,real,0,CIFAKE,3,test,real,data/interim/cifake_source_v3/test/REAL/0053 (2).jpg,test/REAL/0053 (2).jpg,data/raw/prototype/real/cifake_v3_test_real_0071.jpg,a8ecf0fad79030b2ed92d866dc3f84028a72f8f565b649dabb4725c46ddf1ea2,a8ecf0fad79030b2ed92d866dc3f84028a72f8f565b649dabb4725c46ddf1ea2,01cbc98178c27264d354e2ce435f3066349cddb0cc4bc153884fefe336d8bef7,906,32,32,RGB,JPEG
cifake_v3_test_real_0072,test,real,0,CIFAKE,3,test,real,data/interim/cifake_source_v3/test/REAL/0484 (2).jpg,test/REAL/0484 (2).jpg,data/raw/prototype/real/cifake_v3_test_real_0072.jpg,483b51e53d78dba82e62d1a8d44d5721f3ee8a5be7178a1af59017c77e62c10c,483b51e53d78dba82e62d1a8d44d5721f3ee8a5be7178a1af59017c77e62c10c,01cd921c9910389349866b946671f2fa2ffc9b43c2cea2de2e4a6078a718e27b,922,32,32,RGB,JPEG
cifake_v3_test_real_0073,test,real,0,CIFAKE,3,test,real,data/interim/cifake_source_v3/test/REAL/0218 (5).jpg,test/REAL/0218 (5).jpg,data/raw/prototype/real/cifake_v3_test_real_0073.jpg,db51cfc8a3f9940e93659c321e90f6649f6ca346d8ce8531baa811d1afd37d50,db51cfc8a3f9940e93659c321e90f6649f6ca346d8ce8531baa811d1afd37d50,01cde5ff3d320fe8451edfd199997d854ff07f63d9533cd6748dd1d4e1b2bddd,884,32,32,RGB,JPEG
cifake_v3_test_real_0074,test,real,0,CIFAKE,3,test,real,data/interim/cifake_source_v3/test/REAL/0588 (9).jpg,test/REAL/0588 (9).jpg,data/raw/prototype/real/cifake_v3_test_real_0074.jpg,1dddcc4bd8b7a94a515d492306ce747272dee4fa48cdd2ade40e2b43afbdcdf1,1dddcc4bd8b7a94a515d492306ce747272dee4fa48cdd2ade40e2b43afbdcdf1,01cf815547b14e29f0402fb2322c97597e551c7a3cea3f7c624bac994b2b5b87,905,32,32,RGB,JPEG
cifake_v3_test_real_0075,test,real,0,CIFAKE,3,test,real,data/interim/cifake_source_v3/test/REAL/0885 (9).jpg,test/REAL/0885 (9).jpg,data/raw/prototype/real/cifake_v3_test_real_0075.jpg,40fe71854c6cb4ef4741351d969334465c23ffed00cfe4efb3d72f202abdfadb,40fe71854c6cb4ef4741351d969334465c23ffed00cfe4efb3d72f202abdfadb,01d0e2f38e5300c3a7809802cb5f24db9e624738424906da46e23cadfc7d783f,919,32,32,RGB,JPEG
cifake_v3_test_ai_generated_0001,test,ai_generated,1,CIFAKE,3,test,fake,data/interim/cifake_source_v3/test/FAKE/8 (9).jpg,test/FAKE/8 (9).jpg,data/raw/prototype/ai_generated/cifake_v3_test_ai_generated_0001.jpg,f5764df17c80624d13b251b61a8cfb330da16fc03619deeaccbe34cef484932f,f5764df17c80624d13b251b61a8cfb330da16fc03619deeaccbe34cef484932f,0001166d7b1c1e6e44b3c5c6d283bf3334a24abbad49f0d7122929141a31e161,896,32,32,RGB,JPEG
cifake_v3_test_ai_generated_0002,test,ai_generated,1,CIFAKE,3,test,fake,data/interim/cifake_source_v3/test/FAKE/505 (10).jpg,test/FAKE/505 (10).jpg,data/raw/prototype/ai_generated/cifake_v3_test_ai_generated_0002.jpg,318500301a09ee36349271e23fad94b91e35578464ff913cd20937eeef92cb0e,318500301a09ee36349271e23fad94b91e35578464ff913cd20937eeef92cb0e,0007a7a21a12bb6218a810a61000e2ffdc0ab888eb9bad6ecc521dff0854bbca,1005,32,32,RGB,JPEG
cifake_v3_test_ai_generated_0003,test,ai_generated,1,CIFAKE,3,test,fake,data/interim/cifake_source_v3/test/FAKE/564 (3).jpg,test/FAKE/564 (3).jpg,data/raw/prototype/ai_generated/cifake_v3_test_ai_generated_0003.jpg,b5401557cd32bdafc135b1d0305df67172adf198f8f63652fa667da1ef1d04df,b5401557cd32bdafc135b1d0305df67172adf198f8f63652fa667da1ef1d04df,0009336d5d95ce57025326ee49497044849cf4e62b4c79076a119c63fbd35e7d,1082,32,32,RGB,JPEG
cifake_v3_test_ai_generated_0004,test,ai_generated,1,CIFAKE,3,test,fake,data/interim/cifake_source_v3/test/FAKE/349 (6).jpg,test/FAKE/349 (6).jpg,data/raw/prototype/ai_generated/cifake_v3_test_ai_generated_0004.jpg,55aaf5a34fb1fa1182e994896d84522af7afa251d46af8385551e1efb4a7523f,55aaf5a34fb1fa1182e994896d84522af7afa251d46af8385551e1efb4a7523f,001174c893f041a1a66d2dc36bb08adb180bad3472a6bbecdd6b1e0fc3ea9666,945,32,32,RGB,JPEG
cifake_v3_test_ai_generated_0005,test,ai_generated,1,CIFAKE,3,test,fake,data/interim/cifake_source_v3/test/FAKE/127 (4).jpg,test/FAKE/127 (4).jpg,data/raw/prototype/ai_generated/cifake_v3_test_ai_generated_0005.jpg,ee66774973887c48f376b9863fd50fd569b2d544185164e03fd66f795bce8f10,ee66774973887c48f376b9863fd50fd569b2d544185164e03fd66f795bce8f10,00251531db2895cf6e9a3278ea4a0e263ad7217473e37c40f4d1bcc1b00830bf,967,32,32,RGB,JPEG
cifake_v3_test_ai_generated_0006,test,ai_generated,1,CIFAKE,3,test,fake,data/interim/cifake_source_v3/test/FAKE/728 (4).jpg,test/FAKE/728 (4).jpg,data/raw/prototype/ai_generated/cifake_v3_test_ai_generated_0006.jpg,a68e406914a58d17952a69814433528a8c21f651e47efeae5b32b7c29b78c1a2,a68e406914a58d17952a69814433528a8c21f651e47efeae5b32b7c29b78c1a2,00273691f79bb4ea4391147632847abc895abd5a5c098e81b86c890fd9dc9c75,932,32,32,RGB,JPEG
cifake_v3_test_ai_generated_0007,test,ai_generated,1,CIFAKE,3,test,fake,data/interim/cifake_source_v3/test/FAKE/783 (8).jpg,test/FAKE/783 (8).jpg,data/raw/prototype/ai_generated/cifake_v3_test_ai_generated_0007.jpg,f0d67e5d7e671f79224183126936303a71983704fb0a00b50a6265cdc3e384d8,f0d67e5d7e671f79224183126936303a71983704fb0a00b50a6265cdc3e384d8,0032dffafe19e1c4a6598431f0fb8242018c94fe28b247e82b72de2914371087,955,32,32,RGB,JPEG
cifake_v3_test_ai_generated_0008,test,ai_generated,1,CIFAKE,3,test,fake,data/interim/cifake_source_v3/test/FAKE/600 (6).jpg,test/FAKE/600 (6).jpg,data/raw/prototype/ai_generated/cifake_v3_test_ai_generated_0008.jpg,3189f7b7c1cf96daf033fe232d5ccac0d6ff1d189f49f55f599793130e4714fa,3189f7b7c1cf96daf033fe232d5ccac0d6ff1d189f49f55f599793130e4714fa,003644a0205662c33e9fd0759a5a6188a2132d41a0da0b057f588e19e48512bf,969,32,32,RGB,JPEG
cifake_v3_test_ai_generated_0009,test,ai_generated,1,CIFAKE,3,test,fake,data/interim/cifake_source_v3/test/FAKE/692 (2).jpg,test/FAKE/692 (2).jpg,data/raw/prototype/ai_generated/cifake_v3_test_ai_generated_0009.jpg,a2a65cc5572068df49c373e9dfadaa96ad59ba74187119474f1db735228a734d,a2a65cc5572068df49c373e9dfadaa96ad59ba74187119474f1db735228a734d,003781b186b8a8b2356fc4e0242d93b32226409354727c95a0ea471f20b76f85,886,32,32,RGB,JPEG
cifake_v3_test_ai_generated_0010,test,ai_generated,1,CIFAKE,3,test,fake,data/interim/cifake_source_v3/test/FAKE/26 (2).jpg,test/FAKE/26 (2).jpg,data/raw/prototype/ai_generated/cifake_v3_test_ai_generated_0010.jpg,b522333d3cfcaafe7bc2a35bd59a4dff9b63775b9497885bb52a4651884b1e87,b522333d3cfcaafe7bc2a35bd59a4dff9b63775b9497885bb52a4651884b1e87,003790f285862fee624518f0ce68e5b12a5910bec9fb8377d25f18e81cab3625,881,32,32,RGB,JPEG
cifake_v3_test_ai_generated_0011,test,ai_generated,1,CIFAKE,3,test,fake,data/interim/cifake_source_v3/test/FAKE/487 (10).jpg,test/FAKE/487 (10).jpg,data/raw/prototype/ai_generated/cifake_v3_test_ai_generated_0011.jpg,58703dc7750b669833cc15c3fd6230d063122b836c9814473ba30c08203c694e,58703dc7750b669833cc15c3fd6230d063122b836c9814473ba30c08203c694e,003b0716fbcbc80324cbc25bb22d1d1264dfbb092e41703d25182d0c96ee0e13,965,32,32,RGB,JPEG
cifake_v3_test_ai_generated_0012,test,ai_generated,1,CIFAKE,3,test,fake,data/interim/cifake_source_v3/test/FAKE/496 (4).jpg,test/FAKE/496 (4).jpg,data/raw/prototype/ai_generated/cifake_v3_test_ai_generated_0012.jpg,c313c606fbe743e71c1742eae741528164ac1fb6026bc9101943f43278d63d57,c313c606fbe743e71c1742eae741528164ac1fb6026bc9101943f43278d63d57,0041b8d013bf6d26d4e00d1db444fd933c06a4015b18b932d206777c7c903ee7,922,32,32,RGB,JPEG
cifake_v3_test_ai_generated_0013,test,ai_generated,1,CIFAKE,3,test,fake,data/interim/cifake_source_v3/test/FAKE/25 (3).jpg,test/FAKE/25 (3).jpg,data/raw/prototype/ai_generated/cifake_v3_test_ai_generated_0013.jpg,563eaca6c2cc9ba918dbfb8fa4b2fb927ee0353a9c8d7e491a1d3281164ccaf4,563eaca6c2cc9ba918dbfb8fa4b2fb927ee0353a9c8d7e491a1d3281164ccaf4,00467b9b1e18a6039091a2d5c559c1f2667d448b7c884737b54be0e2554fd375,813,32,32,RGB,JPEG
cifake_v3_test_ai_generated_0014,test,ai_generated,1,CIFAKE,3,test,fake,data/interim/cifake_source_v3/test/FAKE/827 (9).jpg,test/FAKE/827 (9).jpg,data/raw/prototype/ai_generated/cifake_v3_test_ai_generated_0014.jpg,83bc48f8c938ceb2fb9d44920fb913f448d1cc12cef2e515a1e7dcbf5f9b8671,83bc48f8c938ceb2fb9d44920fb913f448d1cc12cef2e515a1e7dcbf5f9b8671,004e6eccc3120228f74f16a15dd0e3cc8c319cbb91cc4c31f3b4ed391f8dcb84,905,32,32,RGB,JPEG
cifake_v3_test_ai_generated_0015,test,ai_generated,1,CIFAKE,3,test,fake,data/interim/cifake_source_v3/test/FAKE/695 (4).jpg,test/FAKE/695 (4).jpg,data/raw/prototype/ai_generated/cifake_v3_test_ai_generated_0015.jpg,834e260501d9601929e132bc51b3913d1789842142ad02f8b64d82c165a234cf,834e260501d9601929e132bc51b3913d1789842142ad02f8b64d82c165a234cf,0052c916ed2654f5cd032bfa01d5f81d0ee1d93685e36e2c61f2e87491c131c1,1021,32,32,RGB,JPEG
cifake_v3_test_ai_generated_0016,test,ai_generated,1,CIFAKE,3,test,fake,data/interim/cifake_source_v3/test/FAKE/766 (6).jpg,test/FAKE/766 (6).jpg,data/raw/prototype/ai_generated/cifake_v3_test_ai_generated_0016.jpg,b0ca9be1b60d1447570218d4d425acd78b4a8c0de9ba3ad1fb6682523b81543c,b0ca9be1b60d1447570218d4d425acd78b4a8c0de9ba3ad1fb6682523b81543c,005ad921e3d172333cc2b9c10e0e64ab3453413864d2dc64a812a59d5775c0c8,1004,32,32,RGB,JPEG
cifake_v3_test_ai_generated_0017,test,ai_generated,1,CIFAKE,3,test,fake,data/interim/cifake_source_v3/test/FAKE/734 (5).jpg,test/FAKE/734 (5).jpg,data/raw/prototype/ai_generated/cifake_v3_test_ai_generated_0017.jpg,1c01b45ca3f4112edb7a8a56fc1a6084f32d80eea1d654399fea0ef6863d1e54,1c01b45ca3f4112edb7a8a56fc1a6084f32d80eea1d654399fea0ef6863d1e54,006012e5ec23e5c721dc50692c145823b3c96444d895c0df1880dc5961ccf235,900,32,32,RGB,JPEG
cifake_v3_test_ai_generated_0018,test,ai_generated,1,CIFAKE,3,test,fake,data/interim/cifake_source_v3/test/FAKE/459 (2).jpg,test/FAKE/459 (2).jpg,data/raw/prototype/ai_generated/cifake_v3_test_ai_generated_0018.jpg,39e901bea3d6393679c5fd6b6e38b143574a74f84fb884d8bccd06b6b664bb15,39e901bea3d6393679c5fd6b6e38b143574a74f84fb884d8bccd06b6b664bb15,006112169afbbec11c41dd74d3d82258d67248d3ac380ee4a8b14fdeccaa36b9,913,32,32,RGB,JPEG
cifake_v3_test_ai_generated_0019,test,ai_generated,1,CIFAKE,3,test,fake,data/interim/cifake_source_v3/test/FAKE/628 (3).jpg,test/FAKE/628 (3).jpg,data/raw/prototype/ai_generated/cifake_v3_test_ai_generated_0019.jpg,157452cd7d9fc96bde6255589134aedde395e3a67a8bea0f9633aece9cae1ba8,157452cd7d9fc96bde6255589134aedde395e3a67a8bea0f9633aece9cae1ba8,006b5b7a53e184799e0ff92fb106dbbe3376286145310c20082f18dcf63e8ec5,841,32,32,RGB,JPEG
cifake_v3_test_ai_generated_0020,test,ai_generated,1,CIFAKE,3,test,fake,data/interim/cifake_source_v3/test/FAKE/753 (2).jpg,test/FAKE/753 (2).jpg,data/raw/prototype/ai_generated/cifake_v3_test_ai_generated_0020.jpg,d33a8a1704c91d9bebe5eff579ffb8320063491522ec7a6538e6f064d65f97a3,d33a8a1704c91d9bebe5eff579ffb8320063491522ec7a6538e6f064d65f97a3,006fb90730aa65ab66a9721c7534e3bd033df6bd783080d05314d8d65277445d,876,32,32,RGB,JPEG
cifake_v3_test_ai_generated_0021,test,ai_generated,1,CIFAKE,3,test,fake,data/interim/cifake_source_v3/test/FAKE/636 (5).jpg,test/FAKE/636 (5).jpg,data/raw/prototype/ai_generated/cifake_v3_test_ai_generated_0021.jpg,ab56a3bcb9d53437aba9b345bcf41f6cc76e98685ca5188fdf5d877993d66cf1,ab56a3bcb9d53437aba9b345bcf41f6cc76e98685ca5188fdf5d877993d66cf1,00743ba22f8df2a797519ab3f6faec1c2891b4b3604231e182e02e109ff0d219,869,32,32,RGB,JPEG
cifake_v3_test_ai_generated_0022,test,ai_generated,1,CIFAKE,3,test,fake,data/interim/cifake_source_v3/test/FAKE/464 (10).jpg,test/FAKE/464 (10).jpg,data/raw/prototype/ai_generated/cifake_v3_test_ai_generated_0022.jpg,6445580c2f8e644813cfa20030c5977935b20af510ccd96120aa4544f50a13eb,6445580c2f8e644813cfa20030c5977935b20af510ccd96120aa4544f50a13eb,0076a9645911caf1711ec43bdc944c4da507cb3d65c655be865c1dac9f0106fd,913,32,32,RGB,JPEG
cifake_v3_test_ai_generated_0023,test,ai_generated,1,CIFAKE,3,test,fake,data/interim/cifake_source_v3/test/FAKE/800 (8).jpg,test/FAKE/800 (8).jpg,data/raw/prototype/ai_generated/cifake_v3_test_ai_generated_0023.jpg,b1975605294d4b524ef87641da4c814da0f4a58a191fe28661d7ed419a7c4069,b1975605294d4b524ef87641da4c814da0f4a58a191fe28661d7ed419a7c4069,0095d11d3d198ba2d50befc30ad99715389b0a0e9e4c70255b37d64f5c22817b,973,32,32,RGB,JPEG
cifake_v3_test_ai_generated_0024,test,ai_generated,1,CIFAKE,3,test,fake,data/interim/cifake_source_v3/test/FAKE/608 (10).jpg,test/FAKE/608 (10).jpg,data/raw/prototype/ai_generated/cifake_v3_test_ai_generated_0024.jpg,369feecc714f568bf64c66f458591f11e3980d25ad6aa07719cfe2f663cf3317,369feecc714f568bf64c66f458591f11e3980d25ad6aa07719cfe2f663cf3317,00966f4299191bf9756acc7ed9665d501879261bb433ef8afa0f4ef89136ccc5,993,32,32,RGB,JPEG
cifake_v3_test_ai_generated_0025,test,ai_generated,1,CIFAKE,3,test,fake,data/interim/cifake_source_v3/test/FAKE/702 (7).jpg,test/FAKE/702 (7).jpg,data/raw/prototype/ai_generated/cifake_v3_test_ai_generated_0025.jpg,8d9c62bdc396f7d4c525d6350ceee50973adf39d3d1b1f3d79a03feb3e62f59d,8d9c62bdc396f7d4c525d6350ceee50973adf39d3d1b1f3d79a03feb3e62f59d,0098509780ebefe1e78ff975a4053d81aa4093b3d62f518babb122e8741367c3,990,32,32,RGB,JPEG
cifake_v3_test_ai_generated_0026,test,ai_generated,1,CIFAKE,3,test,fake,data/interim/cifake_source_v3/test/FAKE/83 (5).jpg,test/FAKE/83 (5).jpg,data/raw/prototype/ai_generated/cifake_v3_test_ai_generated_0026.jpg,18210ff3001d96480ce18e102d6e7961c52e8acca7684fa14df71a6df159620e,18210ff3001d96480ce18e102d6e7961c52e8acca7684fa14df71a6df159620e,0098ad4f4b372d02fc03f017fbb9028044b2615095db3cb175ea2052d90cbc1f,894,32,32,RGB,JPEG
cifake_v3_test_ai_generated_0027,test,ai_generated,1,CIFAKE,3,test,fake,data/interim/cifake_source_v3/test/FAKE/517 (5).jpg,test/FAKE/517 (5).jpg,data/raw/prototype/ai_generated/cifake_v3_test_ai_generated_0027.jpg,bd8a39e3423fb761863f1eb7388601355975b54596ea042ed61dc7cc5d122515,bd8a39e3423fb761863f1eb7388601355975b54596ea042ed61dc7cc5d122515,00a21e4c89349a23c5a8eb0d95faf0d287975d90234a31b0bd3eb4f27d2c9654,894,32,32,RGB,JPEG
cifake_v3_test_ai_generated_0028,test,ai_generated,1,CIFAKE,3,test,fake,data/interim/cifake_source_v3/test/FAKE/699 (4).jpg,test/FAKE/699 (4).jpg,data/raw/prototype/ai_generated/cifake_v3_test_ai_generated_0028.jpg,8c10f84a1763f7ea3e6f1611ba05bc681d45f9b16da542031e60fd8731e27e31,8c10f84a1763f7ea3e6f1611ba05bc681d45f9b16da542031e60fd8731e27e31,00a46f6d81eb480995e92f530e093e7880994d370a973bdcb4ae8383e093aed6,1011,32,32,RGB,JPEG
cifake_v3_test_ai_generated_0029,test,ai_generated,1,CIFAKE,3,test,fake,data/interim/cifake_source_v3/test/FAKE/891 (5).jpg,test/FAKE/891 (5).jpg,data/raw/prototype/ai_generated/cifake_v3_test_ai_generated_0029.jpg,04a29e3ddc01ebab0d13b2072795889c2dc3d7052bc64d74230a93d83336d8b7,04a29e3ddc01ebab0d13b2072795889c2dc3d7052bc64d74230a93d83336d8b7,00a4c4efb237fb5cc550ff59b4dca73cfefba1859e58260802986b7b7565af7d,930,32,32,RGB,JPEG
cifake_v3_test_ai_generated_0030,test,ai_generated,1,CIFAKE,3,test,fake,data/interim/cifake_source_v3/test/FAKE/290 (4).jpg,test/FAKE/290 (4).jpg,data/raw/prototype/ai_generated/cifake_v3_test_ai_generated_0030.jpg,72e356fc34bdd11741fed80d547e1cd9f017f3288d37b1c90ae6acf45c0ee386,72e356fc34bdd11741fed80d547e1cd9f017f3288d37b1c90ae6acf45c0ee386,00a9f03087cd418ce1b3f2665f9f2384a10fdbcd5ca056a4e00f555aa77345e0,934,32,32,RGB,JPEG
cifake_v3_test_ai_generated_0031,test,ai_generated,1,CIFAKE,3,test,fake,data/interim/cifake_source_v3/test/FAKE/240 (2).jpg,test/FAKE/240 (2).jpg,data/raw/prototype/ai_generated/cifake_v3_test_ai_generated_0031.jpg,7c2729610b2b940b443377fa9342f93980459e4c20c967c00f63a74d890c50be,7c2729610b2b940b443377fa9342f93980459e4c20c967c00f63a74d890c50be,00b2b5482cfaef2a7937f4f504e54086b92e200e0973503c7128938eb3985dd8,913,32,32,RGB,JPEG
cifake_v3_test_ai_generated_0032,test,ai_generated,1,CIFAKE,3,test,fake,data/interim/cifake_source_v3/test/FAKE/82 (2).jpg,test/FAKE/82 (2).jpg,data/raw/prototype/ai_generated/cifake_v3_test_ai_generated_0032.jpg,50a4ca75170227b350c36f909eed44e98c5c25605e425889bc79de40b7cf6037,50a4ca75170227b350c36f909eed44e98c5c25605e425889bc79de40b7cf6037,00baadc930c37ae45ac4b06b4e837cfe758b970fcae2acc7cf3d8dc35b2bda8c,932,32,32,RGB,JPEG
cifake_v3_test_ai_generated_0033,test,ai_generated,1,CIFAKE,3,test,fake,data/interim/cifake_source_v3/test/FAKE/989 (8).jpg,test/FAKE/989 (8).jpg,data/raw/prototype/ai_generated/cifake_v3_test_ai_generated_0033.jpg,4d4b2de9e60ced03173b9a8c98326caf5828014d96d2b20b938cb91a9ecd4698,4d4b2de9e60ced03173b9a8c98326caf5828014d96d2b20b938cb91a9ecd4698,00cb84604f8593d12621d2d2582e5eabe075d3f342f9073dfbf3016e57c95c6e,949,32,32,RGB,JPEG
cifake_v3_test_ai_generated_0034,test,ai_generated,1,CIFAKE,3,test,fake,data/interim/cifake_source_v3/test/FAKE/430 (4).jpg,test/FAKE/430 (4).jpg,data/raw/prototype/ai_generated/cifake_v3_test_ai_generated_0034.jpg,81332f80df05a350986759c14c4bbdcdf6c6fbf90165f3ef70cd7c29920930cf,81332f80df05a350986759c14c4bbdcdf6c6fbf90165f3ef70cd7c29920930cf,00d199512de7aef3000eb442c6082356f82fe84d98f8f119eae45a4defc0a0e2,951,32,32,RGB,JPEG
cifake_v3_test_ai_generated_0035,test,ai_generated,1,CIFAKE,3,test,fake,data/interim/cifake_source_v3/test/FAKE/739 (2).jpg,test/FAKE/739 (2).jpg,data/raw/prototype/ai_generated/cifake_v3_test_ai_generated_0035.jpg,fb18b3a7c5bba86de3f649aee6618104e7059c4d20610f51db2522293cde54ab,fb18b3a7c5bba86de3f649aee6618104e7059c4d20610f51db2522293cde54ab,00d900db1ba3dcf526899976e412330cef36652900d5b77f38cb9febb7a063bd,886,32,32,RGB,JPEG
cifake_v3_test_ai_generated_0036,test,ai_generated,1,CIFAKE,3,test,fake,data/interim/cifake_source_v3/test/FAKE/801 (3).jpg,test/FAKE/801 (3).jpg,data/raw/prototype/ai_generated/cifake_v3_test_ai_generated_0036.jpg,3570106ae0229201738b2e1e3b0d00154ad70e40b013509dabbbcc4f866f59a3,3570106ae0229201738b2e1e3b0d00154ad70e40b013509dabbbcc4f866f59a3,00d96c1e5a0e93143881760371fca6feadd29bfd57c599ec67d053ecdc9fe280,778,32,32,RGB,JPEG
cifake_v3_test_ai_generated_0037,test,ai_generated,1,CIFAKE,3,test,fake,data/interim/cifake_source_v3/test/FAKE/640 (8).jpg,test/FAKE/640 (8).jpg,data/raw/prototype/ai_generated/cifake_v3_test_ai_generated_0037.jpg,b9824bbdae78533e1bbb26a0184c2b66cf4f930e5997cb8cfb2217f47584cc34,b9824bbdae78533e1bbb26a0184c2b66cf4f930e5997cb8cfb2217f47584cc34,00dcaa282c4178a2b2d2d8a776db6f96782176266794fc694fe68b49446f882e,957,32,32,RGB,JPEG
cifake_v3_test_ai_generated_0038,test,ai_generated,1,CIFAKE,3,test,fake,data/interim/cifake_source_v3/test/FAKE/620 (7).jpg,test/FAKE/620 (7).jpg,data/raw/prototype/ai_generated/cifake_v3_test_ai_generated_0038.jpg,a39aa70215297ad1b4caae56b97a3faba458a71c0f43662bc8096621811b0694,a39aa70215297ad1b4caae56b97a3faba458a71c0f43662bc8096621811b0694,00de9743c76d9a33b85e09c8191402fa31343c3e5d99ecb8d48cff9d742c8f2f,1006,32,32,RGB,JPEG
cifake_v3_test_ai_generated_0039,test,ai_generated,1,CIFAKE,3,test,fake,data/interim/cifake_source_v3/test/FAKE/90 (6).jpg,test/FAKE/90 (6).jpg,data/raw/prototype/ai_generated/cifake_v3_test_ai_generated_0039.jpg,b74dc1e3f0e4621bda3c75da0df7472b4400956a8d4507cb3213adcc9401180f,b74dc1e3f0e4621bda3c75da0df7472b4400956a8d4507cb3213adcc9401180f,00df725f9f139a180f4bc51cf3b101c97dce10d44537b94d56c66082443ac085,950,32,32,RGB,JPEG
cifake_v3_test_ai_generated_0040,test,ai_generated,1,CIFAKE,3,test,fake,data/interim/cifake_source_v3/test/FAKE/810 (4).jpg,test/FAKE/810 (4).jpg,data/raw/prototype/ai_generated/cifake_v3_test_ai_generated_0040.jpg,3a275adb04c54c7a604a590fff45b53c72b3d93e4c6b4373a638b0ccd85c3bd6,3a275adb04c54c7a604a590fff45b53c72b3d93e4c6b4373a638b0ccd85c3bd6,00e8d39a22c428094d7af828d5483da0a39627d87b63d725c18a291077a9f068,954,32,32,RGB,JPEG
cifake_v3_test_ai_generated_0041,test,ai_generated,1,CIFAKE,3,test,fake,data/interim/cifake_source_v3/test/FAKE/238 (2).jpg,test/FAKE/238 (2).jpg,data/raw/prototype/ai_generated/cifake_v3_test_ai_generated_0041.jpg,ac2ba30bd598f08de122179478424d330b3d1f627c92ae0c09c74782bf40ff57,ac2ba30bd598f08de122179478424d330b3d1f627c92ae0c09c74782bf40ff57,00f8543e8461b45be43835f70678d5934cc8df1afb0ef9bb1cbf5ec61ca01b93,944,32,32,RGB,JPEG
cifake_v3_test_ai_generated_0042,test,ai_generated,1,CIFAKE,3,test,fake,data/interim/cifake_source_v3/test/FAKE/668 (4).jpg,test/FAKE/668 (4).jpg,data/raw/prototype/ai_generated/cifake_v3_test_ai_generated_0042.jpg,3e36a6180c862a721b53d12b6f77bcdae7dcaf328ac3b6fce3a770e4566adba6,3e36a6180c862a721b53d12b6f77bcdae7dcaf328ac3b6fce3a770e4566adba6,010111e0be9002adbfdf59d3baaebc13d6d49c218474a6871a491129216e1e26,874,32,32,RGB,JPEG
cifake_v3_test_ai_generated_0043,test,ai_generated,1,CIFAKE,3,test,fake,data/interim/cifake_source_v3/test/FAKE/69 (2).jpg,test/FAKE/69 (2).jpg,data/raw/prototype/ai_generated/cifake_v3_test_ai_generated_0043.jpg,1f19063740d81e48be2d8844bd474d6576680a89f46a2316c1a3bda34c0593d8,1f19063740d81e48be2d8844bd474d6576680a89f46a2316c1a3bda34c0593d8,0117ebd9303722665ace69e3ff5a66e96632ba1c6870b64c5e0f91e22c3dc40a,924,32,32,RGB,JPEG
cifake_v3_test_ai_generated_0044,test,ai_generated,1,CIFAKE,3,test,fake,data/interim/cifake_source_v3/test/FAKE/421 (9).jpg,test/FAKE/421 (9).jpg,data/raw/prototype/ai_generated/cifake_v3_test_ai_generated_0044.jpg,5c1941a9c86c011ae20e950a16e786df8fc2203376345e693159539738cc8252,5c1941a9c86c011ae20e950a16e786df8fc2203376345e693159539738cc8252,011835950ead146c212ea6f2e7bb9573f20c59341dd80e49dd6dbcc659c8ccb1,869,32,32,RGB,JPEG
cifake_v3_test_ai_generated_0045,test,ai_generated,1,CIFAKE,3,test,fake,data/interim/cifake_source_v3/test/FAKE/193 (5).jpg,test/FAKE/193 (5).jpg,data/raw/prototype/ai_generated/cifake_v3_test_ai_generated_0045.jpg,96e1471f4dbad450d7835cb9cffc1815b43d3f013e7cc69b3082eafe83485173,96e1471f4dbad450d7835cb9cffc1815b43d3f013e7cc69b3082eafe83485173,011e7c18391464dac034d259a84e0ac06efa131355a3a86e5bdf60dc921d1fe5,907,32,32,RGB,JPEG
cifake_v3_test_ai_generated_0046,test,ai_generated,1,CIFAKE,3,test,fake,data/interim/cifake_source_v3/test/FAKE/115 (4).jpg,test/FAKE/115 (4).jpg,data/raw/prototype/ai_generated/cifake_v3_test_ai_generated_0046.jpg,9e278d57b5d7aa4a08e0a2450bfa9bb756d42e8a2c856b7de07333586ae648c6,9e278d57b5d7aa4a08e0a2450bfa9bb756d42e8a2c856b7de07333586ae648c6,0120bdf492a3c891c5e2e99c548175464cb7d1935cc89f5c8637d257074e3ab7,900,32,32,RGB,JPEG
cifake_v3_test_ai_generated_0047,test,ai_generated,1,CIFAKE,3,test,fake,data/interim/cifake_source_v3/test/FAKE/82 (7).jpg,test/FAKE/82 (7).jpg,data/raw/prototype/ai_generated/cifake_v3_test_ai_generated_0047.jpg,00298b66113a314b5c2d42dcb3d251e76b61ef79f42c365ebda00785758347a7,00298b66113a314b5c2d42dcb3d251e76b61ef79f42c365ebda00785758347a7,0133e646e86c60ffba32d087da995aaf25375d518d254adf31c61ff084aed8c1,976,32,32,RGB,JPEG
cifake_v3_test_ai_generated_0048,test,ai_generated,1,CIFAKE,3,test,fake,data/interim/cifake_source_v3/test/FAKE/267.jpg,test/FAKE/267.jpg,data/raw/prototype/ai_generated/cifake_v3_test_ai_generated_0048.jpg,a7f127edd7b06949f60aa6b34717ad7ab2deb0a1988573dd1634467212bc37de,a7f127edd7b06949f60aa6b34717ad7ab2deb0a1988573dd1634467212bc37de,013542b0da06d65097e29f5dfb74c9a8ca7c7a8284046fa1eecf7bad327b5bc7,825,32,32,RGB,JPEG
cifake_v3_test_ai_generated_0049,test,ai_generated,1,CIFAKE,3,test,fake,data/interim/cifake_source_v3/test/FAKE/854 (3).jpg,test/FAKE/854 (3).jpg,data/raw/prototype/ai_generated/cifake_v3_test_ai_generated_0049.jpg,8a4fa5b10f34228d388fe4bc6b1aa4958f3fa911772b01871ef708f1bacde415,8a4fa5b10f34228d388fe4bc6b1aa4958f3fa911772b01871ef708f1bacde415,01440580d7c306518274d0cf5551e778d5a9c2ddbf71edcb252fd4668bb803e7,908,32,32,RGB,JPEG
cifake_v3_test_ai_generated_0050,test,ai_generated,1,CIFAKE,3,test,fake,data/interim/cifake_source_v3/test/FAKE/790 (4).jpg,test/FAKE/790 (4).jpg,data/raw/prototype/ai_generated/cifake_v3_test_ai_generated_0050.jpg,4a3a65b33463e40ba34020561fc060bf84be5e548712b7c7654a83eb9b214a0d,4a3a65b33463e40ba34020561fc060bf84be5e548712b7c7654a83eb9b214a0d,01442bb25c8dd7c19c7b716fbf9e75c6e00d92618a1a694fbe8351909719c42b,993,32,32,RGB,JPEG
cifake_v3_test_ai_generated_0051,test,ai_generated,1,CIFAKE,3,test,fake,data/interim/cifake_source_v3/test/FAKE/292 (6).jpg,test/FAKE/292 (6).jpg,data/raw/prototype/ai_generated/cifake_v3_test_ai_generated_0051.jpg,7ba4e90573542bc51ae4fda16332aa68d18eddd0022da162f0c224ae1b1b0161,7ba4e90573542bc51ae4fda16332aa68d18eddd0022da162f0c224ae1b1b0161,014e0ce8d41f34c9dea9c3c229c8fab3c09490bef5e7574362b80db28100300d,964,32,32,RGB,JPEG
cifake_v3_test_ai_generated_0052,test,ai_generated,1,CIFAKE,3,test,fake,data/interim/cifake_source_v3/test/FAKE/540 (3).jpg,test/FAKE/540 (3).jpg,data/raw/prototype/ai_generated/cifake_v3_test_ai_generated_0052.jpg,90af3e3a7d892e745eb33054c3792a18e2c4bab3f0a7f089d26d2562509b8ba8,90af3e3a7d892e745eb33054c3792a18e2c4bab3f0a7f089d26d2562509b8ba8,015374b5650ff582bbe719cf1682b3610fd9dbe107c5f54772998f6594ec1d0e,797,32,32,RGB,JPEG
cifake_v3_test_ai_generated_0053,test,ai_generated,1,CIFAKE,3,test,fake,data/interim/cifake_source_v3/test/FAKE/68 (9).jpg,test/FAKE/68 (9).jpg,data/raw/prototype/ai_generated/cifake_v3_test_ai_generated_0053.jpg,0f111205c0d29627e82ca55385565710c583db167324a0e5bf9e64042ddb4eb9,0f111205c0d29627e82ca55385565710c583db167324a0e5bf9e64042ddb4eb9,0157080dd0539beef3787e96d21e17d6cebae0ae6e14207264401ae3d18dceb5,982,32,32,RGB,JPEG
cifake_v3_test_ai_generated_0054,test,ai_generated,1,CIFAKE,3,test,fake,data/interim/cifake_source_v3/test/FAKE/787 (7).jpg,test/FAKE/787 (7).jpg,data/raw/prototype/ai_generated/cifake_v3_test_ai_generated_0054.jpg,3d816a97322b863c1da40752f8ae433c8600317a17d10a4bd308c2758c2a021f,3d816a97322b863c1da40752f8ae433c8600317a17d10a4bd308c2758c2a021f,015a4995e45380d8fd703f0a6b819be7d267b02c64298c07ff93345c6616d08d,875,32,32,RGB,JPEG
cifake_v3_test_ai_generated_0055,test,ai_generated,1,CIFAKE,3,test,fake,data/interim/cifake_source_v3/test/FAKE/383 (6).jpg,test/FAKE/383 (6).jpg,data/raw/prototype/ai_generated/cifake_v3_test_ai_generated_0055.jpg,ede7abc70a545b17c2a962ea2dd9220328f6339af90b6ad13d67d975428c3010,ede7abc70a545b17c2a962ea2dd9220328f6339af90b6ad13d67d975428c3010,015f4ca568d421365d83963af59c87f8fcbc6d452a8847d230ab5750cb5f14dd,842,32,32,RGB,JPEG
cifake_v3_test_ai_generated_0056,test,ai_generated,1,CIFAKE,3,test,fake,data/interim/cifake_source_v3/test/FAKE/9 (9).jpg,test/FAKE/9 (9).jpg,data/raw/prototype/ai_generated/cifake_v3_test_ai_generated_0056.jpg,65c7c78d101eaa43617a3d9d865b68336ab83f1377bd21eebb71c8073f4c30a3,65c7c78d101eaa43617a3d9d865b68336ab83f1377bd21eebb71c8073f4c30a3,0166f271220997fdf66612ae055e022c76f9a1f19670476cccc43ede30604123,899,32,32,RGB,JPEG
cifake_v3_test_ai_generated_0057,test,ai_generated,1,CIFAKE,3,test,fake,data/interim/cifake_source_v3/test/FAKE/369.jpg,test/FAKE/369.jpg,data/raw/prototype/ai_generated/cifake_v3_test_ai_generated_0057.jpg,9434e0886bf41c3f2776678a2df0f5a6010a4443505e2551e3353c04b4366d2c,9434e0886bf41c3f2776678a2df0f5a6010a4443505e2551e3353c04b4366d2c,01719a933aa94f61e0c03be6bde285a6a57ce80952eee68c8a9fda6e3c8329ed,835,32,32,RGB,JPEG
cifake_v3_test_ai_generated_0058,test,ai_generated,1,CIFAKE,3,test,fake,data/interim/cifake_source_v3/test/FAKE/567 (8).jpg,test/FAKE/567 (8).jpg,data/raw/prototype/ai_generated/cifake_v3_test_ai_generated_0058.jpg,4ce87b8c1fc433e78daaca4a852330bbf2185c07311de2925449ffd6fd9de035,4ce87b8c1fc433e78daaca4a852330bbf2185c07311de2925449ffd6fd9de035,01738e3f10120999f7f7c6bb36f6705c91340973fcee9fb0518a15b11ba5b427,911,32,32,RGB,JPEG
cifake_v3_test_ai_generated_0059,test,ai_generated,1,CIFAKE,3,test,fake,data/interim/cifake_source_v3/test/FAKE/685 (7).jpg,test/FAKE/685 (7).jpg,data/raw/prototype/ai_generated/cifake_v3_test_ai_generated_0059.jpg,7a1d7132ef751f3b1a5abc34fb022fb21bcf3b11b3695a83e0b66e271027707a,7a1d7132ef751f3b1a5abc34fb022fb21bcf3b11b3695a83e0b66e271027707a,018549b730076bc371a3963a7a4b13a2251985434a4ea9a1c0b50226b7ced2bd,966,32,32,RGB,JPEG
cifake_v3_test_ai_generated_0060,test,ai_generated,1,CIFAKE,3,test,fake,data/interim/cifake_source_v3/test/FAKE/784 (9).jpg,test/FAKE/784 (9).jpg,data/raw/prototype/ai_generated/cifake_v3_test_ai_generated_0060.jpg,58e78a3aae156dabe69550f3706981e9898f4a6b3027e0d7577607a5a8a2a738,58e78a3aae156dabe69550f3706981e9898f4a6b3027e0d7577607a5a8a2a738,0188bf603a39ff348452fa1b632670a2a0f5e94e93fc418bc6db0483b0fde67c,843,32,32,RGB,JPEG
cifake_v3_test_ai_generated_0061,test,ai_generated,1,CIFAKE,3,test,fake,data/interim/cifake_source_v3/test/FAKE/172 (9).jpg,test/FAKE/172 (9).jpg,data/raw/prototype/ai_generated/cifake_v3_test_ai_generated_0061.jpg,0e6d5560e926e6aa878efc3955e802bb13bfc74fc0f0b8fa87f3106e5185a239,0e6d5560e926e6aa878efc3955e802bb13bfc74fc0f0b8fa87f3106e5185a239,018c5aad40ddfe2eb46f61cb2cbe8fedbf890aa7f0e89da88761a309e0c2c6e8,874,32,32,RGB,JPEG
cifake_v3_test_ai_generated_0062,test,ai_generated,1,CIFAKE,3,test,fake,data/interim/cifake_source_v3/test/FAKE/967 (2).jpg,test/FAKE/967 (2).jpg,data/raw/prototype/ai_generated/cifake_v3_test_ai_generated_0062.jpg,96950c7015c01146c282f448ed1f220a1d9ad3ad271ef03607423a5315e2fdd9,96950c7015c01146c282f448ed1f220a1d9ad3ad271ef03607423a5315e2fdd9,0191ee316c254a193ae03067a6937437cc90a61621c681a11b9f1d9e15ef4cf7,871,32,32,RGB,JPEG
cifake_v3_test_ai_generated_0063,test,ai_generated,1,CIFAKE,3,test,fake,data/interim/cifake_source_v3/test/FAKE/928 (2).jpg,test/FAKE/928 (2).jpg,data/raw/prototype/ai_generated/cifake_v3_test_ai_generated_0063.jpg,4ddba806142348809c4e215755cfe211f389477c25579e230bbc3885092faf29,4ddba806142348809c4e215755cfe211f389477c25579e230bbc3885092faf29,01931324ec40f73211617c8788cdb07e3874cfbaf46488cb5342f1ddac177950,950,32,32,RGB,JPEG
cifake_v3_test_ai_generated_0064,test,ai_generated,1,CIFAKE,3,test,fake,data/interim/cifake_source_v3/test/FAKE/846 (5).jpg,test/FAKE/846 (5).jpg,data/raw/prototype/ai_generated/cifake_v3_test_ai_generated_0064.jpg,e8e63783e96ddee05e2d76a02f39baadcb7a620f870466481a44e1620ac7e764,e8e63783e96ddee05e2d76a02f39baadcb7a620f870466481a44e1620ac7e764,019a23029bb7f9a21dcfa565106698c141808804492e65d11c3fe6eeafb3335d,863,32,32,RGB,JPEG
cifake_v3_test_ai_generated_0065,test,ai_generated,1,CIFAKE,3,test,fake,data/interim/cifake_source_v3/test/FAKE/757 (2).jpg,test/FAKE/757 (2).jpg,data/raw/prototype/ai_generated/cifake_v3_test_ai_generated_0065.jpg,e8472d725f0ece10bf7f7e0cccffbff601c0686ca5b8d67b1e2c548702e213c0,e8472d725f0ece10bf7f7e0cccffbff601c0686ca5b8d67b1e2c548702e213c0,01ae4e59c96b77df2cfc25ab3f0b3c4718cf4191a5bc6c6e1f21985afc4ea7fc,912,32,32,RGB,JPEG
cifake_v3_test_ai_generated_0066,test,ai_generated,1,CIFAKE,3,test,fake,data/interim/cifake_source_v3/test/FAKE/817 (5).jpg,test/FAKE/817 (5).jpg,data/raw/prototype/ai_generated/cifake_v3_test_ai_generated_0066.jpg,9f086f8636bdd9e43139fbaa56f15c6e36befb49bc5a3a750c569e26f9556270,9f086f8636bdd9e43139fbaa56f15c6e36befb49bc5a3a750c569e26f9556270,01b905facfd2521c35b8190f50473a5aabff4cec1b5942b0136468a7ba7c990f,916,32,32,RGB,JPEG
cifake_v3_test_ai_generated_0067,test,ai_generated,1,CIFAKE,3,test,fake,data/interim/cifake_source_v3/test/FAKE/356.jpg,test/FAKE/356.jpg,data/raw/prototype/ai_generated/cifake_v3_test_ai_generated_0067.jpg,1ce6e959796953c8183416ef1b00beebccc6805c53d03761ad06c29e6ead1538,1ce6e959796953c8183416ef1b00beebccc6805c53d03761ad06c29e6ead1538,01c108b3a16403424b8c15bf18e0818ec69fc123620c8686c06d2c3df7e3e8fc,811,32,32,RGB,JPEG
cifake_v3_test_ai_generated_0068,test,ai_generated,1,CIFAKE,3,test,fake,data/interim/cifake_source_v3/test/FAKE/549.jpg,test/FAKE/549.jpg,data/raw/prototype/ai_generated/cifake_v3_test_ai_generated_0068.jpg,8b8e2587b556b424ce7326271681c7105a20e142e4cecbe8a58f18668c957c86,8b8e2587b556b424ce7326271681c7105a20e142e4cecbe8a58f18668c957c86,01ca4d376ad719462cd527ff801e9b1ef467e59036f584183d51b295594c4823,841,32,32,RGB,JPEG
cifake_v3_test_ai_generated_0069,test,ai_generated,1,CIFAKE,3,test,fake,data/interim/cifake_source_v3/test/FAKE/171 (3).jpg,test/FAKE/171 (3).jpg,data/raw/prototype/ai_generated/cifake_v3_test_ai_generated_0069.jpg,8411beb33991670b431e2266821c7d9d7310b12d17c40f99a723beabb3d5540b,8411beb33991670b431e2266821c7d9d7310b12d17c40f99a723beabb3d5540b,01e0f5e5c49a2a3a3edacd5537290e2a16aaaee8efcaf3ed5157504664be7f0f,878,32,32,RGB,JPEG
cifake_v3_test_ai_generated_0070,test,ai_generated,1,CIFAKE,3,test,fake,data/interim/cifake_source_v3/test/FAKE/211 (5).jpg,test/FAKE/211 (5).jpg,data/raw/prototype/ai_generated/cifake_v3_test_ai_generated_0070.jpg,a20b4d1f44f900e151b92aa53555a3f36a7e2f2212e254515d8f54bd2e1b787e,a20b4d1f44f900e151b92aa53555a3f36a7e2f2212e254515d8f54bd2e1b787e,01e347f280cf50257c0fb57a6386883706c8bb031ec6760410088003877414bf,873,32,32,RGB,JPEG
cifake_v3_test_ai_generated_0071,test,ai_generated,1,CIFAKE,3,test,fake,data/interim/cifake_source_v3/test/FAKE/355 (8).jpg,test/FAKE/355 (8).jpg,data/raw/prototype/ai_generated/cifake_v3_test_ai_generated_0071.jpg,2fa2f69b981a26026ad80bc20d95cab4320704825fc3ca5473014f2a844850eb,2fa2f69b981a26026ad80bc20d95cab4320704825fc3ca5473014f2a844850eb,01e8aae03aab47775d1439583423bd8f78f5800d2f06fa4b67a31b0d381dff14,942,32,32,RGB,JPEG
cifake_v3_test_ai_generated_0072,test,ai_generated,1,CIFAKE,3,test,fake,data/interim/cifake_source_v3/test/FAKE/278 (7).jpg,test/FAKE/278 (7).jpg,data/raw/prototype/ai_generated/cifake_v3_test_ai_generated_0072.jpg,0e48a4822b90eb8ed9e2f2ffb3cdd19b8321e5a97a2a431650d75c128aa370c7,0e48a4822b90eb8ed9e2f2ffb3cdd19b8321e5a97a2a431650d75c128aa370c7,01ed87afb56ed8afa3b854da2311471fa6bd0bbd1111c5c9484707beaaecc254,1058,32,32,RGB,JPEG
cifake_v3_test_ai_generated_0073,test,ai_generated,1,CIFAKE,3,test,fake,data/interim/cifake_source_v3/test/FAKE/441 (9).jpg,test/FAKE/441 (9).jpg,data/raw/prototype/ai_generated/cifake_v3_test_ai_generated_0073.jpg,09fe6d6c0fbd9c2be616258cd56793b28eaf665c7a75feb5a2d9a1e205091215,09fe6d6c0fbd9c2be616258cd56793b28eaf665c7a75feb5a2d9a1e205091215,01eee4c515ccae0e1d4ed62e146c09d638a36b0a962834be91b49f507556a69a,852,32,32,RGB,JPEG
cifake_v3_test_ai_generated_0074,test,ai_generated,1,CIFAKE,3,test,fake,data/interim/cifake_source_v3/test/FAKE/29 (8).jpg,test/FAKE/29 (8).jpg,data/raw/prototype/ai_generated/cifake_v3_test_ai_generated_0074.jpg,08a89b5fb7fb3af9b54c10f85135d5e2cce359f1153a665b4a26331d6eff8ebd,08a89b5fb7fb3af9b54c10f85135d5e2cce359f1153a665b4a26331d6eff8ebd,01ef847fd5706c68b31450330061c1facf463713432035b78870097c100df00f,984,32,32,RGB,JPEG
cifake_v3_test_ai_generated_0075,test,ai_generated,1,CIFAKE,3,test,fake,data/interim/cifake_source_v3/test/FAKE/42 (3).jpg,test/FAKE/42 (3).jpg,data/raw/prototype/ai_generated/cifake_v3_test_ai_generated_0075.jpg,aec4d50383623412a0711a64fe6245efda15e34849eee4b9ac7cc7ee345e8b21,aec4d50383623412a0711a64fe6245efda15e34849eee4b9ac7cc7ee345e8b21,01f20751457b55dc65127b173341af105271afc9dc0c9fa3c887b6c8c5807043,753,32,32,RGB,JPEG
